
C:/Users/renya/pico_sdk_code/STEERING/build/STEERING.elf:     file format elf32-littlearm

Sections:
Idx Name          Size      VMA       LMA       File off  Algn
  0 .text         00006f48  10000000  10000000  00001000  2**3
                  CONTENTS, ALLOC, LOAD, READONLY, CODE
  1 .rodata       00000444  10006f48  10006f48  00007f48  2**3
                  CONTENTS, ALLOC, LOAD, READONLY, DATA
  2 .ARM.exidx    00000008  1000738c  1000738c  0000838c  2**2
                  CONTENTS, ALLOC, LOAD, READONLY, DATA
  3 .binary_info  00000024  10007394  10007394  00008394  2**2
                  CONTENTS, ALLOC, LOAD, READONLY, DATA
  4 .ram_vector_table 00000110  20000000  20000000  0000b000  2**2
                  ALLOC
  5 .uninitialized_data 00000000  20000110  20000110  0000a578  2**0
                  CONTENTS
  6 .data         000011ac  20000110  100073b8  00009110  2**3
                  CONTENTS, ALLOC, LOAD, READONLY, CODE
  7 .tdata        00000000  200012bc  200012bc  0000a578  2**0
                  CONTENTS, ALLOC, LOAD, DATA, THREAD_LOCAL
  8 .tbss         00000000  200012bc  200012bc  00000000  2**0
                  ALLOC, THREAD_LOCAL
  9 .bss          00000c5c  200012c0  10008564  0000b2c0  2**3
                  ALLOC
 10 .heap         00000800  20001f1c  10008564  0000af1c  2**2
                  ALLOC, READONLY
 11 .scratch_x    00000000  20080000  20080000  0000a578  2**0
                  CONTENTS
 12 .scratch_y    00000000  20081000  20081000  0000a578  2**0
                  CONTENTS
 13 .stack_dummy  00000800  20081000  20081000  0000b000  2**5
                  ALLOC, READONLY
 14 .flash_end    00000014  10008564  10008564  0000a564  2**2
                  CONTENTS, ALLOC, LOAD, READONLY, DATA
 15 .ARM.attributes 00000034  00000000  00000000  0000a578  2**0
                  CONTENTS, READONLY
 16 .comment      00000045  00000000  00000000  0000a5ac  2**0
                  CONTENTS, READONLY
 17 .debug_info   0003bd9c  00000000  00000000  0000a5f1  2**0
                  CONTENTS, READONLY, DEBUGGING, OCTETS
 18 .debug_abbrev 0000a18f  00000000  00000000  0004638d  2**0
                  CONTENTS, READONLY, DEBUGGING, OCTETS
 19 .debug_loclists 0001cb1f  00000000  00000000  0005051c  2**0
                  CONTENTS, READONLY, DEBUGGING, OCTETS
 20 .debug_aranges 000014b8  00000000  00000000  0006d040  2**3
                  CONTENTS, READONLY, DEBUGGING, OCTETS
 21 .debug_rnglists 00005120  00000000  00000000  0006e4f8  2**0
                  CONTENTS, READONLY, DEBUGGING, OCTETS
 22 .debug_line   00025ae6  00000000  00000000  00073618  2**0
                  CONTENTS, READONLY, DEBUGGING, OCTETS
 23 .debug_str    0000a41f  00000000  00000000  000990fe  2**0
                  CONTENTS, READONLY, DEBUGGING, OCTETS
 24 .debug_frame  000037e4  00000000  00000000  000a3520  2**2
                  CONTENTS, READONLY, DEBUGGING, OCTETS
 25 .debug_line_str 00000284  00000000  00000000  000a6d04  2**0
                  CONTENTS, READONLY, DEBUGGING, OCTETS

C:/Users/renya/pico_sdk_code/STEERING/build/STEERING.elf:     file format elf32-littlearm


Disassembly of section .text:

10000000 <__VECTOR_TABLE>:
10000000:	20082000 	.word	0x20082000
10000004:	1000015d 	.word	0x1000015d
10000008:	1000011b 	.word	0x1000011b
1000000c:	1000011d 	.word	0x1000011d
10000010:	10000111 	.word	0x10000111
10000014:	10000111 	.word	0x10000111
10000018:	10000111 	.word	0x10000111
1000001c:	10000111 	.word	0x10000111
10000020:	10000119 	.word	0x10000119
10000024:	10000119 	.word	0x10000119
10000028:	10000119 	.word	0x10000119
1000002c:	1000011f 	.word	0x1000011f
10000030:	10000111 	.word	0x10000111
10000034:	10000119 	.word	0x10000119
10000038:	10000121 	.word	0x10000121
1000003c:	10000123 	.word	0x10000123
10000040:	10000111 	.word	0x10000111
10000044:	10000111 	.word	0x10000111
10000048:	10000111 	.word	0x10000111
1000004c:	10000111 	.word	0x10000111
10000050:	10000111 	.word	0x10000111
10000054:	10000111 	.word	0x10000111
10000058:	10000111 	.word	0x10000111
1000005c:	10000111 	.word	0x10000111
10000060:	10000111 	.word	0x10000111
10000064:	10000111 	.word	0x10000111
10000068:	10000111 	.word	0x10000111
1000006c:	10000111 	.word	0x10000111
10000070:	10000111 	.word	0x10000111
10000074:	10000111 	.word	0x10000111
10000078:	10000111 	.word	0x10000111
1000007c:	10000111 	.word	0x10000111
10000080:	10000111 	.word	0x10000111
10000084:	10000111 	.word	0x10000111
10000088:	10000111 	.word	0x10000111
1000008c:	10000111 	.word	0x10000111
10000090:	10000111 	.word	0x10000111
10000094:	10000111 	.word	0x10000111
10000098:	10000111 	.word	0x10000111
1000009c:	10000111 	.word	0x10000111
100000a0:	10000111 	.word	0x10000111
100000a4:	10000111 	.word	0x10000111
100000a8:	10000111 	.word	0x10000111
100000ac:	10000111 	.word	0x10000111
100000b0:	10000111 	.word	0x10000111
100000b4:	10000111 	.word	0x10000111
100000b8:	10000111 	.word	0x10000111
100000bc:	10000111 	.word	0x10000111
100000c0:	10000111 	.word	0x10000111
100000c4:	10000111 	.word	0x10000111
100000c8:	10000111 	.word	0x10000111
100000cc:	10000111 	.word	0x10000111
100000d0:	10000111 	.word	0x10000111
100000d4:	10000111 	.word	0x10000111
100000d8:	10000111 	.word	0x10000111
100000dc:	10000111 	.word	0x10000111
100000e0:	10000111 	.word	0x10000111
100000e4:	10000111 	.word	0x10000111
100000e8:	10000111 	.word	0x10000111
100000ec:	10000111 	.word	0x10000111
100000f0:	10000111 	.word	0x10000111
100000f4:	10000111 	.word	0x10000111
100000f8:	10000111 	.word	0x10000111
100000fc:	10000111 	.word	0x10000111
10000100:	10000111 	.word	0x10000111
10000104:	10000111 	.word	0x10000111
10000108:	10000111 	.word	0x10000111
1000010c:	10000111 	.word	0x10000111

10000110 <__unhandled_user_irq>:
10000110:	f3ef 8005 	mrs	r0, IPSR
10000114:	3810      	subs	r0, #16

10000116 <unhandled_user_irq_num_in_r0>:
10000116:	be00      	bkpt	0x0000

10000118 <isr_invalid>:
10000118:	be00      	bkpt	0x0000

1000011a <isr_nmi>:
1000011a:	be00      	bkpt	0x0000

1000011c <isr_hardfault>:
1000011c:	be00      	bkpt	0x0000

1000011e <isr_svcall>:
1000011e:	be00      	bkpt	0x0000

10000120 <isr_pendsv>:
10000120:	be00      	bkpt	0x0000

10000122 <isr_systick>:
10000122:	be00      	bkpt	0x0000

10000124 <__default_isrs_end>:
10000124:	7188ebf2 	.word	0x7188ebf2
10000128:	10007394 	.word	0x10007394
1000012c:	100073b8 	.word	0x100073b8
10000130:	100001a0 	.word	0x100001a0
10000134:	e71aa390 	.word	0xe71aa390

10000138 <__binary_info_header_end>:
10000138:	ffffded3 	.word	0xffffded3
1000013c:	10210142 	.word	0x10210142
10000140:	000001ff 	.word	0x000001ff
10000144:	0000842c 	.word	0x0000842c
10000148:	ab123579 	.word	0xab123579

1000014c <_entry_point>:
1000014c:	f04f 0000 	mov.w	r0, #0

10000150 <_enter_vtable_in_r0>:
10000150:	491e      	ldr	r1, [pc, #120]	@ (100001cc <data_cpy_table+0x2c>)
10000152:	6008      	str	r0, [r1, #0]
10000154:	c806      	ldmia	r0!, {r1, r2}
10000156:	f381 8808 	msr	MSP, r1
1000015a:	4710      	bx	r2

1000015c <_reset_handler>:
1000015c:	f04f 4050 	mov.w	r0, #3489660928	@ 0xd0000000
10000160:	6800      	ldr	r0, [r0, #0]
10000162:	b110      	cbz	r0, 1000016a <hold_non_core0_in_bootrom+0x6>

10000164 <hold_non_core0_in_bootrom>:
10000164:	f04f 0000 	mov.w	r0, #0
10000168:	e7f2      	b.n	10000150 <_enter_vtable_in_r0>
1000016a:	a40d      	add	r4, pc, #52	@ (adr r4, 100001a0 <data_cpy_table>)
1000016c:	cc0e      	ldmia	r4!, {r1, r2, r3}
1000016e:	2900      	cmp	r1, #0
10000170:	d002      	beq.n	10000178 <hold_non_core0_in_bootrom+0x14>
10000172:	f000 f812 	bl	1000019a <data_cpy>
10000176:	e7f9      	b.n	1000016c <hold_non_core0_in_bootrom+0x8>
10000178:	4915      	ldr	r1, [pc, #84]	@ (100001d0 <data_cpy_table+0x30>)
1000017a:	4a16      	ldr	r2, [pc, #88]	@ (100001d4 <data_cpy_table+0x34>)
1000017c:	2000      	movs	r0, #0
1000017e:	e000      	b.n	10000182 <bss_fill_test>

10000180 <bss_fill_loop>:
10000180:	c101      	stmia	r1!, {r0}

10000182 <bss_fill_test>:
10000182:	4291      	cmp	r1, r2
10000184:	d1fc      	bne.n	10000180 <bss_fill_loop>

10000186 <platform_entry>:
10000186:	4914      	ldr	r1, [pc, #80]	@ (100001d8 <data_cpy_table+0x38>)
10000188:	4788      	blx	r1
1000018a:	4914      	ldr	r1, [pc, #80]	@ (100001dc <data_cpy_table+0x3c>)
1000018c:	4788      	blx	r1
1000018e:	4914      	ldr	r1, [pc, #80]	@ (100001e0 <data_cpy_table+0x40>)
10000190:	4788      	blx	r1
10000192:	be00      	bkpt	0x0000
10000194:	e7fd      	b.n	10000192 <platform_entry+0xc>

10000196 <data_cpy_loop>:
10000196:	c901      	ldmia	r1!, {r0}
10000198:	c201      	stmia	r2!, {r0}

1000019a <data_cpy>:
1000019a:	429a      	cmp	r2, r3
1000019c:	d3fb      	bcc.n	10000196 <data_cpy_loop>
1000019e:	4770      	bx	lr

100001a0 <data_cpy_table>:
100001a0:	100073b8 	.word	0x100073b8
100001a4:	20000110 	.word	0x20000110
100001a8:	200012bc 	.word	0x200012bc
100001ac:	10008564 	.word	0x10008564
100001b0:	20080000 	.word	0x20080000
100001b4:	20080000 	.word	0x20080000
100001b8:	10008564 	.word	0x10008564
100001bc:	20081000 	.word	0x20081000
100001c0:	20081000 	.word	0x20081000
100001c4:	00000000 	.word	0x00000000
100001c8:	4770      	bx	lr
100001ca:	0000      	.short	0x0000
100001cc:	e000ed08 	.word	0xe000ed08
100001d0:	200012bc 	.word	0x200012bc
100001d4:	20001f1c 	.word	0x20001f1c
100001d8:	1000341d 	.word	0x1000341d
100001dc:	10000235 	.word	0x10000235
100001e0:	10003415 	.word	0x10003415

100001e4 <_init>:
100001e4:	b5f8      	push	{r3, r4, r5, r6, r7, lr}
100001e6:	bf00      	nop

100001e8 <register_tm_clones>:
100001e8:	4b06      	ldr	r3, [pc, #24]	@ (10000204 <register_tm_clones+0x1c>)
100001ea:	4907      	ldr	r1, [pc, #28]	@ (10000208 <register_tm_clones+0x20>)
100001ec:	1ac9      	subs	r1, r1, r3
100001ee:	1089      	asrs	r1, r1, #2
100001f0:	bf48      	it	mi
100001f2:	3101      	addmi	r1, #1
100001f4:	1049      	asrs	r1, r1, #1
100001f6:	d003      	beq.n	10000200 <register_tm_clones+0x18>
100001f8:	4b04      	ldr	r3, [pc, #16]	@ (1000020c <register_tm_clones+0x24>)
100001fa:	b10b      	cbz	r3, 10000200 <register_tm_clones+0x18>
100001fc:	4801      	ldr	r0, [pc, #4]	@ (10000204 <register_tm_clones+0x1c>)
100001fe:	4718      	bx	r3
10000200:	4770      	bx	lr
10000202:	bf00      	nop
10000204:	200012bc 	.word	0x200012bc
10000208:	200012bc 	.word	0x200012bc
1000020c:	00000000 	.word	0x00000000

10000210 <frame_dummy>:
10000210:	b508      	push	{r3, lr}
10000212:	4b05      	ldr	r3, [pc, #20]	@ (10000228 <frame_dummy+0x18>)
10000214:	b11b      	cbz	r3, 1000021e <frame_dummy+0xe>
10000216:	4905      	ldr	r1, [pc, #20]	@ (1000022c <frame_dummy+0x1c>)
10000218:	4805      	ldr	r0, [pc, #20]	@ (10000230 <frame_dummy+0x20>)
1000021a:	f3af 8000 	nop.w
1000021e:	e8bd 4008 	ldmia.w	sp!, {r3, lr}
10000222:	f7ff bfe1 	b.w	100001e8 <register_tm_clones>
10000226:	bf00      	nop
10000228:	00000000 	.word	0x00000000
1000022c:	20001ea4 	.word	0x20001ea4
10000230:	10006f48 	.word	0x10006f48

10000234 <main>:
10000234:	e92d 4ff0 	stmdb	sp!, {r4, r5, r6, r7, r8, r9, sl, fp, lr}
10000238:	b093      	sub	sp, #76	@ 0x4c
1000023a:	f003 fa17 	bl	1000366c <stdio_init_all>
1000023e:	f44f 60fa 	mov.w	r0, #2000	@ 0x7d0
10000242:	f001 f871 	bl	10001328 <sleep_ms>
10000246:	250d      	movs	r5, #13
10000248:	200c      	movs	r0, #12
1000024a:	2409      	movs	r4, #9
1000024c:	4ea9      	ldr	r6, [pc, #676]	@ (100004f4 <main+0x2c0>)
1000024e:	220a      	movs	r2, #10
10000250:	e9cd 0400 	strd	r0, r4, [sp]
10000254:	49a8      	ldr	r1, [pc, #672]	@ (100004f8 <main+0x2c4>)
10000256:	a80b      	add	r0, sp, #44	@ 0x2c
10000258:	230b      	movs	r3, #11
1000025a:	e9cd 5602 	strd	r5, r6, [sp, #8]
1000025e:	f006 f9cf 	bl	10006600 <mcp2515_init_struct>
10000262:	2208      	movs	r2, #8
10000264:	2103      	movs	r1, #3
10000266:	a80b      	add	r0, sp, #44	@ 0x2c
10000268:	f006 fb7a 	bl	10006960 <mcp2515_begin>
1000026c:	b120      	cbz	r0, 10000278 <main+0x44>
1000026e:	f44f 707a 	mov.w	r0, #1000	@ 0x3e8
10000272:	f001 f859 	bl	10001328 <sleep_ms>
10000276:	e7fa      	b.n	1000026e <main+0x3a>
10000278:	f005 fed4 	bl	10006024 <button_state_init>
1000027c:	f04f 0a01 	mov.w	sl, #1
10000280:	f005 fee8 	bl	10006054 <button_init>
10000284:	f005 ff32 	bl	100060ec <hatch_gear_timer_init>
10000288:	f006 f804 	bl	10006294 <tail_setup>
1000028c:	f005 ff38 	bl	10006100 <hatch_gear_pwm_init>
10000290:	4f9a      	ldr	r7, [pc, #616]	@ (100004fc <main+0x2c8>)
10000292:	4d9b      	ldr	r5, [pc, #620]	@ (10000500 <main+0x2cc>)
10000294:	4c9b      	ldr	r4, [pc, #620]	@ (10000504 <main+0x2d0>)
10000296:	f8df b294 	ldr.w	fp, [pc, #660]	@ 1000052c <main+0x2f8>
1000029a:	f005 ff9b 	bl	100061d4 <now_ms>
1000029e:	4606      	mov	r6, r0
100002a0:	a80b      	add	r0, sp, #44	@ 0x2c
100002a2:	f006 fc19 	bl	10006ad8 <mcp2515_check_receive>
100002a6:	2800      	cmp	r0, #0
100002a8:	d049      	beq.n	1000033e <main+0x10a>
100002aa:	a907      	add	r1, sp, #28
100002ac:	a80b      	add	r0, sp, #44	@ 0x2c
100002ae:	f006 fc49 	bl	10006b44 <mcp2515_read_message>
100002b2:	2800      	cmp	r0, #0
100002b4:	d1f4      	bne.n	100002a0 <main+0x6c>
100002b6:	f89d 3029 	ldrb.w	r3, [sp, #41]	@ 0x29
100002ba:	2b00      	cmp	r3, #0
100002bc:	d1f0      	bne.n	100002a0 <main+0x6c>
100002be:	9a07      	ldr	r2, [sp, #28]
100002c0:	1e53      	subs	r3, r2, #1
100002c2:	2b02      	cmp	r3, #2
100002c4:	d8ec      	bhi.n	100002a0 <main+0x6c>
100002c6:	2a01      	cmp	r2, #1
100002c8:	f89d 3020 	ldrb.w	r3, [sp, #32]
100002cc:	f000 80cc 	beq.w	10000468 <main+0x234>
100002d0:	2a02      	cmp	r2, #2
100002d2:	f000 8088 	beq.w	100003e6 <main+0x1b2>
100002d6:	4a8c      	ldr	r2, [pc, #560]	@ (10000508 <main+0x2d4>)
100002d8:	7013      	strb	r3, [r2, #0]
100002da:	b333      	cbz	r3, 1000032a <main+0xf6>
100002dc:	f89d 2021 	ldrb.w	r2, [sp, #33]	@ 0x21
100002e0:	2b01      	cmp	r3, #1
100002e2:	7022      	strb	r2, [r4, #0]
100002e4:	d021      	beq.n	1000032a <main+0xf6>
100002e6:	f89d 2022 	ldrb.w	r2, [sp, #34]	@ 0x22
100002ea:	2b02      	cmp	r3, #2
100002ec:	7062      	strb	r2, [r4, #1]
100002ee:	d01c      	beq.n	1000032a <main+0xf6>
100002f0:	f89d 2023 	ldrb.w	r2, [sp, #35]	@ 0x23
100002f4:	2b03      	cmp	r3, #3
100002f6:	70a2      	strb	r2, [r4, #2]
100002f8:	d017      	beq.n	1000032a <main+0xf6>
100002fa:	f89d 2024 	ldrb.w	r2, [sp, #36]	@ 0x24
100002fe:	2b04      	cmp	r3, #4
10000300:	70e2      	strb	r2, [r4, #3]
10000302:	d012      	beq.n	1000032a <main+0xf6>
10000304:	f89d 2025 	ldrb.w	r2, [sp, #37]	@ 0x25
10000308:	2b05      	cmp	r3, #5
1000030a:	7122      	strb	r2, [r4, #4]
1000030c:	d00d      	beq.n	1000032a <main+0xf6>
1000030e:	f89d 2026 	ldrb.w	r2, [sp, #38]	@ 0x26
10000312:	2b06      	cmp	r3, #6
10000314:	7162      	strb	r2, [r4, #5]
10000316:	d008      	beq.n	1000032a <main+0xf6>
10000318:	2b07      	cmp	r3, #7
1000031a:	f89d 2027 	ldrb.w	r2, [sp, #39]	@ 0x27
1000031e:	bf18      	it	ne
10000320:	f89d 3028 	ldrbne.w	r3, [sp, #40]	@ 0x28
10000324:	71a2      	strb	r2, [r4, #6]
10000326:	bf18      	it	ne
10000328:	71e3      	strbne	r3, [r4, #7]
1000032a:	4b78      	ldr	r3, [pc, #480]	@ (1000050c <main+0x2d8>)
1000032c:	a80b      	add	r0, sp, #44	@ 0x2c
1000032e:	f883 a000 	strb.w	sl, [r3]
10000332:	f8cb 6000 	str.w	r6, [fp]
10000336:	f006 fbcf 	bl	10006ad8 <mcp2515_check_receive>
1000033a:	2800      	cmp	r0, #0
1000033c:	d1b5      	bne.n	100002aa <main+0x76>
1000033e:	f04f 4150 	mov.w	r1, #3489660928	@ 0xd0000000
10000342:	4a72      	ldr	r2, [pc, #456]	@ (1000050c <main+0x2d8>)
10000344:	4603      	mov	r3, r0
10000346:	6848      	ldr	r0, [r1, #4]
10000348:	7812      	ldrb	r2, [r2, #0]
1000034a:	f080 7000 	eor.w	r0, r0, #33554432	@ 0x2000000
1000034e:	f3c0 6040 	ubfx	r0, r0, #25, #1
10000352:	b15a      	cbz	r2, 1000036c <main+0x138>
10000354:	f8db 2000 	ldr.w	r2, [fp]
10000358:	1ab2      	subs	r2, r6, r2
1000035a:	2a64      	cmp	r2, #100	@ 0x64
1000035c:	d806      	bhi.n	1000036c <main+0x138>
1000035e:	4a6a      	ldr	r2, [pc, #424]	@ (10000508 <main+0x2d4>)
10000360:	7812      	ldrb	r2, [r2, #0]
10000362:	b11a      	cbz	r2, 1000036c <main+0x138>
10000364:	7820      	ldrb	r0, [r4, #0]
10000366:	3800      	subs	r0, #0
10000368:	bf18      	it	ne
1000036a:	2001      	movne	r0, #1
1000036c:	4631      	mov	r1, r6
1000036e:	9305      	str	r3, [sp, #20]
10000370:	f005 fe80 	bl	10006074 <button_state_update>
10000374:	f005 fedc 	bl	10006130 <hatch_gear_timer_update>
10000378:	f005 ff3e 	bl	100061f8 <hatch_gear_controller>
1000037c:	4b64      	ldr	r3, [pc, #400]	@ (10000510 <main+0x2dc>)
1000037e:	781a      	ldrb	r2, [r3, #0]
10000380:	4b64      	ldr	r3, [pc, #400]	@ (10000514 <main+0x2e0>)
10000382:	7819      	ldrb	r1, [r3, #0]
10000384:	4b64      	ldr	r3, [pc, #400]	@ (10000518 <main+0x2e4>)
10000386:	f8d3 c000 	ldr.w	ip, [r3]
1000038a:	9b05      	ldr	r3, [sp, #20]
1000038c:	b312      	cbz	r2, 100003d4 <main+0x1a0>
1000038e:	4863      	ldr	r0, [pc, #396]	@ (1000051c <main+0x2e8>)
10000390:	6800      	ldr	r0, [r0, #0]
10000392:	1a30      	subs	r0, r6, r0
10000394:	2864      	cmp	r0, #100	@ 0x64
10000396:	d81d      	bhi.n	100003d4 <main+0x1a0>
10000398:	4861      	ldr	r0, [pc, #388]	@ (10000520 <main+0x2ec>)
1000039a:	7800      	ldrb	r0, [r0, #0]
1000039c:	2801      	cmp	r0, #1
1000039e:	d919      	bls.n	100003d4 <main+0x1a0>
100003a0:	8828      	ldrh	r0, [r5, #0]
100003a2:	2900      	cmp	r1, #0
100003a4:	f040 8092 	bne.w	100004cc <main+0x298>
100003a8:	460b      	mov	r3, r1
100003aa:	4611      	mov	r1, r2
100003ac:	2201      	movs	r2, #1
100003ae:	4681      	mov	r9, r0
100003b0:	9205      	str	r2, [sp, #20]
100003b2:	461e      	mov	r6, r3
100003b4:	461a      	mov	r2, r3
100003b6:	4698      	mov	r8, r3
100003b8:	f005 ff80 	bl	100062bc <tail_controller_with_adc_values>
100003bc:	4633      	mov	r3, r6
100003be:	4649      	mov	r1, r9
100003c0:	9a05      	ldr	r2, [sp, #20]
100003c2:	f8cd 8000 	str.w	r8, [sp]
100003c6:	4857      	ldr	r0, [pc, #348]	@ (10000524 <main+0x2f0>)
100003c8:	f003 fa14 	bl	100037f4 <__wrap_printf>
100003cc:	200a      	movs	r0, #10
100003ce:	f000 ffab 	bl	10001328 <sleep_ms>
100003d2:	e762      	b.n	1000029a <main+0x66>
100003d4:	bbb9      	cbnz	r1, 10000446 <main+0x212>
100003d6:	460b      	mov	r3, r1
100003d8:	460e      	mov	r6, r1
100003da:	460a      	mov	r2, r1
100003dc:	4689      	mov	r9, r1
100003de:	4608      	mov	r0, r1
100003e0:	4688      	mov	r8, r1
100003e2:	9105      	str	r1, [sp, #20]
100003e4:	e7e8      	b.n	100003b8 <main+0x184>
100003e6:	4a4e      	ldr	r2, [pc, #312]	@ (10000520 <main+0x2ec>)
100003e8:	7013      	strb	r3, [r2, #0]
100003ea:	b333      	cbz	r3, 1000043a <main+0x206>
100003ec:	f89d 2021 	ldrb.w	r2, [sp, #33]	@ 0x21
100003f0:	2b01      	cmp	r3, #1
100003f2:	702a      	strb	r2, [r5, #0]
100003f4:	d021      	beq.n	1000043a <main+0x206>
100003f6:	f89d 2022 	ldrb.w	r2, [sp, #34]	@ 0x22
100003fa:	2b02      	cmp	r3, #2
100003fc:	706a      	strb	r2, [r5, #1]
100003fe:	d01c      	beq.n	1000043a <main+0x206>
10000400:	f89d 2023 	ldrb.w	r2, [sp, #35]	@ 0x23
10000404:	2b03      	cmp	r3, #3
10000406:	70aa      	strb	r2, [r5, #2]
10000408:	d017      	beq.n	1000043a <main+0x206>
1000040a:	f89d 2024 	ldrb.w	r2, [sp, #36]	@ 0x24
1000040e:	2b04      	cmp	r3, #4
10000410:	70ea      	strb	r2, [r5, #3]
10000412:	d012      	beq.n	1000043a <main+0x206>
10000414:	f89d 2025 	ldrb.w	r2, [sp, #37]	@ 0x25
10000418:	2b05      	cmp	r3, #5
1000041a:	712a      	strb	r2, [r5, #4]
1000041c:	d00d      	beq.n	1000043a <main+0x206>
1000041e:	f89d 2026 	ldrb.w	r2, [sp, #38]	@ 0x26
10000422:	2b06      	cmp	r3, #6
10000424:	716a      	strb	r2, [r5, #5]
10000426:	d008      	beq.n	1000043a <main+0x206>
10000428:	2b07      	cmp	r3, #7
1000042a:	f89d 2027 	ldrb.w	r2, [sp, #39]	@ 0x27
1000042e:	bf18      	it	ne
10000430:	f89d 3028 	ldrbne.w	r3, [sp, #40]	@ 0x28
10000434:	71aa      	strb	r2, [r5, #6]
10000436:	bf18      	it	ne
10000438:	71eb      	strbne	r3, [r5, #7]
1000043a:	4b35      	ldr	r3, [pc, #212]	@ (10000510 <main+0x2dc>)
1000043c:	f883 a000 	strb.w	sl, [r3]
10000440:	4b36      	ldr	r3, [pc, #216]	@ (1000051c <main+0x2e8>)
10000442:	601e      	str	r6, [r3, #0]
10000444:	e72c      	b.n	100002a0 <main+0x6c>
10000446:	eba6 060c 	sub.w	r6, r6, ip
1000044a:	2e64      	cmp	r6, #100	@ 0x64
1000044c:	d83c      	bhi.n	100004c8 <main+0x294>
1000044e:	4a36      	ldr	r2, [pc, #216]	@ (10000528 <main+0x2f4>)
10000450:	2100      	movs	r1, #0
10000452:	7812      	ldrb	r2, [r2, #0]
10000454:	2a01      	cmp	r2, #1
10000456:	d9bf      	bls.n	100003d8 <main+0x1a4>
10000458:	4608      	mov	r0, r1
1000045a:	9105      	str	r1, [sp, #20]
1000045c:	2301      	movs	r3, #1
1000045e:	883a      	ldrh	r2, [r7, #0]
10000460:	4681      	mov	r9, r0
10000462:	4616      	mov	r6, r2
10000464:	4698      	mov	r8, r3
10000466:	e7a7      	b.n	100003b8 <main+0x184>
10000468:	4a2f      	ldr	r2, [pc, #188]	@ (10000528 <main+0x2f4>)
1000046a:	7013      	strb	r3, [r2, #0]
1000046c:	b333      	cbz	r3, 100004bc <main+0x288>
1000046e:	f89d 2021 	ldrb.w	r2, [sp, #33]	@ 0x21
10000472:	2b01      	cmp	r3, #1
10000474:	703a      	strb	r2, [r7, #0]
10000476:	d021      	beq.n	100004bc <main+0x288>
10000478:	f89d 2022 	ldrb.w	r2, [sp, #34]	@ 0x22
1000047c:	2b02      	cmp	r3, #2
1000047e:	707a      	strb	r2, [r7, #1]
10000480:	d01c      	beq.n	100004bc <main+0x288>
10000482:	f89d 2023 	ldrb.w	r2, [sp, #35]	@ 0x23
10000486:	2b03      	cmp	r3, #3
10000488:	70ba      	strb	r2, [r7, #2]
1000048a:	d017      	beq.n	100004bc <main+0x288>
1000048c:	f89d 2024 	ldrb.w	r2, [sp, #36]	@ 0x24
10000490:	2b04      	cmp	r3, #4
10000492:	70fa      	strb	r2, [r7, #3]
10000494:	d012      	beq.n	100004bc <main+0x288>
10000496:	f89d 2025 	ldrb.w	r2, [sp, #37]	@ 0x25
1000049a:	2b05      	cmp	r3, #5
1000049c:	713a      	strb	r2, [r7, #4]
1000049e:	d00d      	beq.n	100004bc <main+0x288>
100004a0:	f89d 2026 	ldrb.w	r2, [sp, #38]	@ 0x26
100004a4:	2b06      	cmp	r3, #6
100004a6:	717a      	strb	r2, [r7, #5]
100004a8:	d008      	beq.n	100004bc <main+0x288>
100004aa:	2b07      	cmp	r3, #7
100004ac:	f89d 2027 	ldrb.w	r2, [sp, #39]	@ 0x27
100004b0:	bf18      	it	ne
100004b2:	f89d 3028 	ldrbne.w	r3, [sp, #40]	@ 0x28
100004b6:	71ba      	strb	r2, [r7, #6]
100004b8:	bf18      	it	ne
100004ba:	71fb      	strbne	r3, [r7, #7]
100004bc:	4b15      	ldr	r3, [pc, #84]	@ (10000514 <main+0x2e0>)
100004be:	f883 a000 	strb.w	sl, [r3]
100004c2:	4b15      	ldr	r3, [pc, #84]	@ (10000518 <main+0x2e4>)
100004c4:	601e      	str	r6, [r3, #0]
100004c6:	e6eb      	b.n	100002a0 <main+0x6c>
100004c8:	2100      	movs	r1, #0
100004ca:	e785      	b.n	100003d8 <main+0x1a4>
100004cc:	eba6 0c0c 	sub.w	ip, r6, ip
100004d0:	f1bc 0f64 	cmp.w	ip, #100	@ 0x64
100004d4:	d806      	bhi.n	100004e4 <main+0x2b0>
100004d6:	4a14      	ldr	r2, [pc, #80]	@ (10000528 <main+0x2f4>)
100004d8:	7812      	ldrb	r2, [r2, #0]
100004da:	2a01      	cmp	r2, #1
100004dc:	d902      	bls.n	100004e4 <main+0x2b0>
100004de:	2301      	movs	r3, #1
100004e0:	9305      	str	r3, [sp, #20]
100004e2:	e7bb      	b.n	1000045c <main+0x228>
100004e4:	2600      	movs	r6, #0
100004e6:	2201      	movs	r2, #1
100004e8:	4681      	mov	r9, r0
100004ea:	9205      	str	r2, [sp, #20]
100004ec:	46b0      	mov	r8, r6
100004ee:	4632      	mov	r2, r6
100004f0:	e762      	b.n	100003b8 <main+0x184>
100004f2:	bf00      	nop
100004f4:	00989680 	.word	0x00989680
100004f8:	40088000 	.word	0x40088000
100004fc:	20001a0c 	.word	0x20001a0c
10000500:	20001a18 	.word	0x20001a18
10000504:	20001a00 	.word	0x20001a00
10000508:	20001f0c 	.word	0x20001f0c
1000050c:	20001f0d 	.word	0x20001f0d
10000510:	20001f11 	.word	0x20001f11
10000514:	20001f0f 	.word	0x20001f0f
10000518:	20001a14 	.word	0x20001a14
1000051c:	20001a20 	.word	0x20001a20
10000520:	20001f10 	.word	0x20001f10
10000524:	10006f48 	.word	0x10006f48
10000528:	20001f0e 	.word	0x20001f0e
1000052c:	20001a08 	.word	0x20001a08

10000530 <gpio_set_function>:
10000530:	b410      	push	{r4}
10000532:	f44f 7480 	mov.w	r4, #256	@ 0x100
10000536:	4b0c      	ldr	r3, [pc, #48]	@ (10000568 <gpio_set_function+0x38>)
10000538:	f853 2020 	ldr.w	r2, [r3, r0, lsl #2]
1000053c:	eb03 0380 	add.w	r3, r3, r0, lsl #2
10000540:	00c0      	lsls	r0, r0, #3
10000542:	f082 0240 	eor.w	r2, r2, #64	@ 0x40
10000546:	f100 4080 	add.w	r0, r0, #1073741824	@ 0x40000000
1000054a:	f503 5c80 	add.w	ip, r3, #4096	@ 0x1000
1000054e:	f002 02c0 	and.w	r2, r2, #192	@ 0xc0
10000552:	f500 3020 	add.w	r0, r0, #163840	@ 0x28000
10000556:	f503 5340 	add.w	r3, r3, #12288	@ 0x3000
1000055a:	f8cc 2000 	str.w	r2, [ip]
1000055e:	6041      	str	r1, [r0, #4]
10000560:	601c      	str	r4, [r3, #0]
10000562:	f85d 4b04 	ldr.w	r4, [sp], #4
10000566:	4770      	bx	lr
10000568:	40038004 	.word	0x40038004

1000056c <gpio_set_pulls>:
1000056c:	b410      	push	{r4}
1000056e:	4c08      	ldr	r4, [pc, #32]	@ (10000590 <gpio_set_pulls+0x24>)
10000570:	00c9      	lsls	r1, r1, #3
10000572:	ea41 0182 	orr.w	r1, r1, r2, lsl #2
10000576:	f854 2020 	ldr.w	r2, [r4, r0, lsl #2]
1000057a:	eb04 0380 	add.w	r3, r4, r0, lsl #2
1000057e:	4051      	eors	r1, r2
10000580:	f503 5380 	add.w	r3, r3, #4096	@ 0x1000
10000584:	f001 010c 	and.w	r1, r1, #12
10000588:	f85d 4b04 	ldr.w	r4, [sp], #4
1000058c:	6019      	str	r1, [r3, #0]
1000058e:	4770      	bx	lr
10000590:	40038004 	.word	0x40038004

10000594 <gpio_set_input_enabled>:
10000594:	4b06      	ldr	r3, [pc, #24]	@ (100005b0 <gpio_set_input_enabled+0x1c>)
10000596:	2240      	movs	r2, #64	@ 0x40
10000598:	eb03 0380 	add.w	r3, r3, r0, lsl #2
1000059c:	b119      	cbz	r1, 100005a6 <gpio_set_input_enabled+0x12>
1000059e:	f503 5300 	add.w	r3, r3, #8192	@ 0x2000
100005a2:	601a      	str	r2, [r3, #0]
100005a4:	4770      	bx	lr
100005a6:	f503 5340 	add.w	r3, r3, #12288	@ 0x3000
100005aa:	601a      	str	r2, [r3, #0]
100005ac:	4770      	bx	lr
100005ae:	bf00      	nop
100005b0:	40038004 	.word	0x40038004

100005b4 <gpio_init>:
100005b4:	b430      	push	{r4, r5}
100005b6:	f04f 0300 	mov.w	r3, #0
100005ba:	ec43 0044 	gpioc_bit_oe_put r0, r3
100005be:	ec43 0040 	gpioc_bit_out_put r0, r3
100005c2:	2505      	movs	r5, #5
100005c4:	f44f 7480 	mov.w	r4, #256	@ 0x100
100005c8:	4b0b      	ldr	r3, [pc, #44]	@ (100005f8 <gpio_init+0x44>)
100005ca:	00c2      	lsls	r2, r0, #3
100005cc:	f853 1020 	ldr.w	r1, [r3, r0, lsl #2]
100005d0:	eb03 0080 	add.w	r0, r3, r0, lsl #2
100005d4:	f081 0140 	eor.w	r1, r1, #64	@ 0x40
100005d8:	f102 4380 	add.w	r3, r2, #1073741824	@ 0x40000000
100005dc:	f503 3320 	add.w	r3, r3, #163840	@ 0x28000
100005e0:	f001 02c0 	and.w	r2, r1, #192	@ 0xc0
100005e4:	f500 5180 	add.w	r1, r0, #4096	@ 0x1000
100005e8:	f500 5040 	add.w	r0, r0, #12288	@ 0x3000
100005ec:	600a      	str	r2, [r1, #0]
100005ee:	605d      	str	r5, [r3, #4]
100005f0:	6004      	str	r4, [r0, #0]
100005f2:	bc30      	pop	{r4, r5}
100005f4:	4770      	bx	lr
100005f6:	bf00      	nop
100005f8:	40038004 	.word	0x40038004

100005fc <panic>:
100005fc:	b40f      	push	{r0, r1, r2, r3}
100005fe:	b500      	push	{lr}
10000600:	b083      	sub	sp, #12
10000602:	9c04      	ldr	r4, [sp, #16]
10000604:	4807      	ldr	r0, [pc, #28]	@ (10000624 <panic+0x28>)
10000606:	f003 f875 	bl	100036f4 <__wrap_puts>
1000060a:	b13c      	cbz	r4, 1000061c <panic+0x20>
1000060c:	a905      	add	r1, sp, #20
1000060e:	4620      	mov	r0, r4
10000610:	9101      	str	r1, [sp, #4]
10000612:	f002 fee5 	bl	100033e0 <weak_raw_vprintf>
10000616:	4804      	ldr	r0, [pc, #16]	@ (10000628 <panic+0x2c>)
10000618:	f003 f86c 	bl	100036f4 <__wrap_puts>
1000061c:	2001      	movs	r0, #1
1000061e:	f002 fef7 	bl	10003410 <_exit>
10000622:	bf00      	nop
10000624:	10006f7c 	.word	0x10006f7c
10000628:	10006f8c 	.word	0x10006f8c

1000062c <hw_claim_or_assert>:
1000062c:	b570      	push	{r4, r5, r6, lr}
1000062e:	4686      	mov	lr, r0
10000630:	f3ef 8510 	mrs	r5, PRIMASK
10000634:	b672      	cpsid	i
10000636:	4c12      	ldr	r4, [pc, #72]	@ (10000680 <hw_claim_or_assert+0x54>)
10000638:	e8d4 6fcf 	ldaexb	r6, [r4]
1000063c:	2001      	movs	r0, #1
1000063e:	2e00      	cmp	r6, #0
10000640:	d1fa      	bne.n	10000638 <hw_claim_or_assert+0xc>
10000642:	e8c4 0f46 	strexb	r6, r0, [r4]
10000646:	2e00      	cmp	r6, #0
10000648:	d1f6      	bne.n	10000638 <hw_claim_or_assert+0xc>
1000064a:	f3bf 8f5f 	dmb	sy
1000064e:	f04f 0c01 	mov.w	ip, #1
10000652:	08c8      	lsrs	r0, r1, #3
10000654:	f001 0307 	and.w	r3, r1, #7
10000658:	fa0c f303 	lsl.w	r3, ip, r3
1000065c:	f81e c000 	ldrb.w	ip, [lr, r0]
10000660:	ea1c 0603 	ands.w	r6, ip, r3
10000664:	d108      	bne.n	10000678 <hw_claim_or_assert+0x4c>
10000666:	ea4c 0c03 	orr.w	ip, ip, r3
1000066a:	f80e c000 	strb.w	ip, [lr, r0]
1000066e:	e8c4 6f8f 	stlb	r6, [r4]
10000672:	f385 8810 	msr	PRIMASK, r5
10000676:	bd70      	pop	{r4, r5, r6, pc}
10000678:	4610      	mov	r0, r2
1000067a:	f7ff ffbf 	bl	100005fc <panic>
1000067e:	bf00      	nop
10000680:	200015f7 	.word	0x200015f7

10000684 <hw_claim_unused_from_range>:
10000684:	b5f8      	push	{r3, r4, r5, r6, r7, lr}
10000686:	f3ef 8710 	mrs	r7, PRIMASK
1000068a:	b672      	cpsid	i
1000068c:	4e1c      	ldr	r6, [pc, #112]	@ (10000700 <hw_claim_unused_from_range+0x7c>)
1000068e:	e8d6 5fcf 	ldaexb	r5, [r6]
10000692:	2401      	movs	r4, #1
10000694:	2d00      	cmp	r5, #0
10000696:	d1fa      	bne.n	1000068e <hw_claim_unused_from_range+0xa>
10000698:	e8c6 4f45 	strexb	r5, r4, [r6]
1000069c:	2d00      	cmp	r5, #0
1000069e:	d1f6      	bne.n	1000068e <hw_claim_unused_from_range+0xa>
100006a0:	f3bf 8f5f 	dmb	sy
100006a4:	429a      	cmp	r2, r3
100006a6:	d81b      	bhi.n	100006e0 <hw_claim_unused_from_range+0x5c>
100006a8:	2501      	movs	r5, #1
100006aa:	e002      	b.n	100006b2 <hw_claim_unused_from_range+0x2e>
100006ac:	3201      	adds	r2, #1
100006ae:	4293      	cmp	r3, r2
100006b0:	d322      	bcc.n	100006f8 <hw_claim_unused_from_range+0x74>
100006b2:	08d4      	lsrs	r4, r2, #3
100006b4:	f810 e004 	ldrb.w	lr, [r0, r4]
100006b8:	f002 0c07 	and.w	ip, r2, #7
100006bc:	fa05 fc0c 	lsl.w	ip, r5, ip
100006c0:	ea1e 0f0c 	tst.w	lr, ip
100006c4:	d1f2      	bne.n	100006ac <hw_claim_unused_from_range+0x28>
100006c6:	ea4e 0e0c 	orr.w	lr, lr, ip
100006ca:	f800 e004 	strb.w	lr, [r0, r4]
100006ce:	4610      	mov	r0, r2
100006d0:	2300      	movs	r3, #0
100006d2:	e8c6 3f8f 	stlb	r3, [r6]
100006d6:	f387 8810 	msr	PRIMASK, r7
100006da:	4298      	cmp	r0, r3
100006dc:	db07      	blt.n	100006ee <hw_claim_unused_from_range+0x6a>
100006de:	bdf8      	pop	{r3, r4, r5, r6, r7, pc}
100006e0:	2300      	movs	r3, #0
100006e2:	e8c6 3f8f 	stlb	r3, [r6]
100006e6:	f387 8810 	msr	PRIMASK, r7
100006ea:	f04f 30ff 	mov.w	r0, #4294967295
100006ee:	2900      	cmp	r1, #0
100006f0:	d0f5      	beq.n	100006de <hw_claim_unused_from_range+0x5a>
100006f2:	9806      	ldr	r0, [sp, #24]
100006f4:	f7ff ff82 	bl	100005fc <panic>
100006f8:	f04f 30ff 	mov.w	r0, #4294967295
100006fc:	e7e8      	b.n	100006d0 <hw_claim_unused_from_range+0x4c>
100006fe:	bf00      	nop
10000700:	200015f7 	.word	0x200015f7

10000704 <next_striped_spin_lock_num>:
10000704:	4a04      	ldr	r2, [pc, #16]	@ (10000718 <next_striped_spin_lock_num+0x14>)
10000706:	7810      	ldrb	r0, [r2, #0]
10000708:	1c43      	adds	r3, r0, #1
1000070a:	b2db      	uxtb	r3, r3
1000070c:	2b18      	cmp	r3, #24
1000070e:	bf28      	it	cs
10000710:	2310      	movcs	r3, #16
10000712:	7013      	strb	r3, [r2, #0]
10000714:	4770      	bx	lr
10000716:	bf00      	nop
10000718:	20001210 	.word	0x20001210

1000071c <spin_lock_claim_unused>:
1000071c:	b510      	push	{r4, lr}
1000071e:	4c05      	ldr	r4, [pc, #20]	@ (10000734 <spin_lock_claim_unused+0x18>)
10000720:	b082      	sub	sp, #8
10000722:	4601      	mov	r1, r0
10000724:	231f      	movs	r3, #31
10000726:	2218      	movs	r2, #24
10000728:	9400      	str	r4, [sp, #0]
1000072a:	4803      	ldr	r0, [pc, #12]	@ (10000738 <spin_lock_claim_unused+0x1c>)
1000072c:	f7ff ffaa 	bl	10000684 <hw_claim_unused_from_range>
10000730:	b002      	add	sp, #8
10000732:	bd10      	pop	{r4, pc}
10000734:	10006f90 	.word	0x10006f90
10000738:	20001a2c 	.word	0x20001a2c

1000073c <spinlock_set_extexclall>:
1000073c:	f04f 22e0 	mov.w	r2, #3758153728	@ 0xe000e000
10000740:	6893      	ldr	r3, [r2, #8]
10000742:	f043 5300 	orr.w	r3, r3, #536870912	@ 0x20000000
10000746:	6093      	str	r3, [r2, #8]
10000748:	4770      	bx	lr
1000074a:	bf00      	nop

1000074c <spin_locks_reset>:
1000074c:	2100      	movs	r1, #0
1000074e:	4b04      	ldr	r3, [pc, #16]	@ (10000760 <spin_locks_reset+0x14>)
10000750:	f103 0220 	add.w	r2, r3, #32
10000754:	e8c3 1f8f 	stlb	r1, [r3]
10000758:	3301      	adds	r3, #1
1000075a:	4293      	cmp	r3, r2
1000075c:	d1fa      	bne.n	10000754 <spin_locks_reset+0x8>
1000075e:	4770      	bx	lr
10000760:	200015ec 	.word	0x200015ec

10000764 <runtime_init_per_core_irq_priorities>:
10000764:	f04f 23e0 	mov.w	r3, #3758153728	@ 0xe000e000
10000768:	f04f 3280 	mov.w	r2, #2155905152	@ 0x80808080
1000076c:	f8c3 2400 	str.w	r2, [r3, #1024]	@ 0x400
10000770:	f8c3 2404 	str.w	r2, [r3, #1028]	@ 0x404
10000774:	f8c3 2408 	str.w	r2, [r3, #1032]	@ 0x408
10000778:	f8c3 240c 	str.w	r2, [r3, #1036]	@ 0x40c
1000077c:	f8c3 2410 	str.w	r2, [r3, #1040]	@ 0x410
10000780:	f8c3 2414 	str.w	r2, [r3, #1044]	@ 0x414
10000784:	f8c3 2418 	str.w	r2, [r3, #1048]	@ 0x418
10000788:	f8c3 241c 	str.w	r2, [r3, #1052]	@ 0x41c
1000078c:	f8c3 2420 	str.w	r2, [r3, #1056]	@ 0x420
10000790:	f8c3 2424 	str.w	r2, [r3, #1060]	@ 0x424
10000794:	f8c3 2428 	str.w	r2, [r3, #1064]	@ 0x428
10000798:	f8c3 242c 	str.w	r2, [r3, #1068]	@ 0x42c
1000079c:	f8c3 2430 	str.w	r2, [r3, #1072]	@ 0x430
100007a0:	b662      	cpsie	i
100007a2:	4770      	bx	lr

100007a4 <irq_set_enabled>:
100007a4:	2301      	movs	r3, #1
100007a6:	f000 021f 	and.w	r2, r0, #31
100007aa:	4093      	lsls	r3, r2
100007ac:	0940      	lsrs	r0, r0, #5
100007ae:	b141      	cbz	r1, 100007c2 <irq_set_enabled+0x1e>
100007b0:	0080      	lsls	r0, r0, #2
100007b2:	f100 4060 	add.w	r0, r0, #3758096384	@ 0xe0000000
100007b6:	f500 4061 	add.w	r0, r0, #57600	@ 0xe100
100007ba:	f8c0 3180 	str.w	r3, [r0, #384]	@ 0x180
100007be:	6003      	str	r3, [r0, #0]
100007c0:	4770      	bx	lr
100007c2:	4a02      	ldr	r2, [pc, #8]	@ (100007cc <irq_set_enabled+0x28>)
100007c4:	3020      	adds	r0, #32
100007c6:	f842 3020 	str.w	r3, [r2, r0, lsl #2]
100007ca:	4770      	bx	lr
100007cc:	e000e100 	.word	0xe000e100

100007d0 <irq_is_enabled>:
100007d0:	2301      	movs	r3, #1
100007d2:	4a06      	ldr	r2, [pc, #24]	@ (100007ec <irq_is_enabled+0x1c>)
100007d4:	0941      	lsrs	r1, r0, #5
100007d6:	f852 2021 	ldr.w	r2, [r2, r1, lsl #2]
100007da:	f000 001f 	and.w	r0, r0, #31
100007de:	fa03 f000 	lsl.w	r0, r3, r0
100007e2:	4010      	ands	r0, r2
100007e4:	3800      	subs	r0, #0
100007e6:	bf18      	it	ne
100007e8:	2001      	movne	r0, #1
100007ea:	4770      	bx	lr
100007ec:	e000e100 	.word	0xe000e100

100007f0 <irq_set_pending>:
100007f0:	2201      	movs	r2, #1
100007f2:	0943      	lsrs	r3, r0, #5
100007f4:	4903      	ldr	r1, [pc, #12]	@ (10000804 <irq_set_pending+0x14>)
100007f6:	f000 001f 	and.w	r0, r0, #31
100007fa:	4082      	lsls	r2, r0
100007fc:	3340      	adds	r3, #64	@ 0x40
100007fe:	f841 2023 	str.w	r2, [r1, r3, lsl #2]
10000802:	4770      	bx	lr
10000804:	e000e100 	.word	0xe000e100

10000808 <irq_has_shared_handler>:
10000808:	4a05      	ldr	r2, [pc, #20]	@ (10000820 <irq_has_shared_handler+0x18>)
1000080a:	3010      	adds	r0, #16
1000080c:	6892      	ldr	r2, [r2, #8]
1000080e:	4b05      	ldr	r3, [pc, #20]	@ (10000824 <irq_has_shared_handler+0x1c>)
10000810:	f852 0020 	ldr.w	r0, [r2, r0, lsl #2]
10000814:	1ac0      	subs	r0, r0, r3
10000816:	282f      	cmp	r0, #47	@ 0x2f
10000818:	bf8c      	ite	hi
1000081a:	2000      	movhi	r0, #0
1000081c:	2001      	movls	r0, #1
1000081e:	4770      	bx	lr
10000820:	e000ed00 	.word	0xe000ed00
10000824:	20001214 	.word	0x20001214

10000828 <irq_set_exclusive_handler>:
10000828:	b5f8      	push	{r3, r4, r5, r6, r7, lr}
1000082a:	460d      	mov	r5, r1
1000082c:	f3ef 8710 	mrs	r7, PRIMASK
10000830:	b672      	cpsid	i
10000832:	4e12      	ldr	r6, [pc, #72]	@ (1000087c <irq_set_exclusive_handler+0x54>)
10000834:	e8d6 2fcf 	ldaexb	r2, [r6]
10000838:	2301      	movs	r3, #1
1000083a:	2a00      	cmp	r2, #0
1000083c:	d1fa      	bne.n	10000834 <irq_set_exclusive_handler+0xc>
1000083e:	e8c6 3f42 	strexb	r2, r3, [r6]
10000842:	2a00      	cmp	r2, #0
10000844:	d1f6      	bne.n	10000834 <irq_set_exclusive_handler+0xc>
10000846:	f3bf 8f5f 	dmb	sy
1000084a:	4b0d      	ldr	r3, [pc, #52]	@ (10000880 <irq_set_exclusive_handler+0x58>)
1000084c:	f100 0410 	add.w	r4, r0, #16
10000850:	689b      	ldr	r3, [r3, #8]
10000852:	4a0c      	ldr	r2, [pc, #48]	@ (10000884 <irq_set_exclusive_handler+0x5c>)
10000854:	f853 3024 	ldr.w	r3, [r3, r4, lsl #2]
10000858:	4293      	cmp	r3, r2
1000085a:	d003      	beq.n	10000864 <irq_set_exclusive_handler+0x3c>
1000085c:	4299      	cmp	r1, r3
1000085e:	d001      	beq.n	10000864 <irq_set_exclusive_handler+0x3c>
10000860:	f000 ffe2 	bl	10001828 <hard_assertion_failure>
10000864:	4b06      	ldr	r3, [pc, #24]	@ (10000880 <irq_set_exclusive_handler+0x58>)
10000866:	689b      	ldr	r3, [r3, #8]
10000868:	f843 5024 	str.w	r5, [r3, r4, lsl #2]
1000086c:	f3bf 8f5f 	dmb	sy
10000870:	2300      	movs	r3, #0
10000872:	e8c6 3f8f 	stlb	r3, [r6]
10000876:	f387 8810 	msr	PRIMASK, r7
1000087a:	bdf8      	pop	{r3, r4, r5, r6, r7, pc}
1000087c:	200015f5 	.word	0x200015f5
10000880:	e000ed00 	.word	0xe000ed00
10000884:	10000111 	.word	0x10000111

10000888 <irq_add_shared_handler>:
10000888:	e92d 4ff0 	stmdb	sp!, {r4, r5, r6, r7, r8, r9, sl, fp, lr}
1000088c:	4681      	mov	r9, r0
1000088e:	468b      	mov	fp, r1
10000890:	4616      	mov	r6, r2
10000892:	b083      	sub	sp, #12
10000894:	f3ef 8310 	mrs	r3, PRIMASK
10000898:	b672      	cpsid	i
1000089a:	f8df a1d0 	ldr.w	sl, [pc, #464]	@ 10000a6c <irq_add_shared_handler+0x1e4>
1000089e:	9300      	str	r3, [sp, #0]
100008a0:	e8da 1fcf 	ldaexb	r1, [sl]
100008a4:	2301      	movs	r3, #1
100008a6:	2900      	cmp	r1, #0
100008a8:	d1fa      	bne.n	100008a0 <irq_add_shared_handler+0x18>
100008aa:	e8ca 3f41 	strexb	r1, r3, [sl]
100008ae:	2900      	cmp	r1, #0
100008b0:	d1f6      	bne.n	100008a0 <irq_add_shared_handler+0x18>
100008b2:	f3bf 8f5f 	dmb	sy
100008b6:	4b66      	ldr	r3, [pc, #408]	@ (10000a50 <irq_add_shared_handler+0x1c8>)
100008b8:	f993 4000 	ldrsb.w	r4, [r3]
100008bc:	2c00      	cmp	r4, #0
100008be:	f2c0 80a0 	blt.w	10000a02 <irq_add_shared_handler+0x17a>
100008c2:	4d64      	ldr	r5, [pc, #400]	@ (10000a54 <irq_add_shared_handler+0x1cc>)
100008c4:	eb04 0744 	add.w	r7, r4, r4, lsl #1
100008c8:	eb05 0887 	add.w	r8, r5, r7, lsl #2
100008cc:	f898 1006 	ldrb.w	r1, [r8, #6]
100008d0:	f109 0910 	add.w	r9, r9, #16
100008d4:	7019      	strb	r1, [r3, #0]
100008d6:	4b60      	ldr	r3, [pc, #384]	@ (10000a58 <irq_add_shared_handler+0x1d0>)
100008d8:	00bf      	lsls	r7, r7, #2
100008da:	689b      	ldr	r3, [r3, #8]
100008dc:	f853 0029 	ldr.w	r0, [r3, r9, lsl #2]
100008e0:	0063      	lsls	r3, r4, #1
100008e2:	1b41      	subs	r1, r0, r5
100008e4:	292f      	cmp	r1, #47	@ 0x2f
100008e6:	d92f      	bls.n	10000948 <irq_add_shared_handler+0xc0>
100008e8:	495c      	ldr	r1, [pc, #368]	@ (10000a5c <irq_add_shared_handler+0x1d4>)
100008ea:	4288      	cmp	r0, r1
100008ec:	f040 80a4 	bne.w	10000a38 <irq_add_shared_handler+0x1b0>
100008f0:	441c      	add	r4, r3
100008f2:	4b5b      	ldr	r3, [pc, #364]	@ (10000a60 <irq_add_shared_handler+0x1d8>)
100008f4:	3702      	adds	r7, #2
100008f6:	442f      	add	r7, r5
100008f8:	3b04      	subs	r3, #4
100008fa:	1bdb      	subs	r3, r3, r7
100008fc:	f3c3 034a 	ubfx	r3, r3, #1, #11
10000900:	ea6f 43c3 	mvn.w	r3, r3, lsl #19
10000904:	f44f 4121 	mov.w	r1, #41216	@ 0xa100
10000908:	ea6f 43d3 	mvn.w	r3, r3, lsr #19
1000090c:	f825 1024 	strh.w	r1, [r5, r4, lsl #2]
10000910:	eb05 0484 	add.w	r4, r5, r4, lsl #2
10000914:	8063      	strh	r3, [r4, #2]
10000916:	f64b 5301 	movw	r3, #48385	@ 0xbd01
1000091a:	80a3      	strh	r3, [r4, #4]
1000091c:	23ff      	movs	r3, #255	@ 0xff
1000091e:	f048 0001 	orr.w	r0, r8, #1
10000922:	71e6      	strb	r6, [r4, #7]
10000924:	f8c4 b008 	str.w	fp, [r4, #8]
10000928:	71a3      	strb	r3, [r4, #6]
1000092a:	4b4b      	ldr	r3, [pc, #300]	@ (10000a58 <irq_add_shared_handler+0x1d0>)
1000092c:	689b      	ldr	r3, [r3, #8]
1000092e:	f843 0029 	str.w	r0, [r3, r9, lsl #2]
10000932:	f3bf 8f5f 	dmb	sy
10000936:	2300      	movs	r3, #0
10000938:	e8ca 3f8f 	stlb	r3, [sl]
1000093c:	9b00      	ldr	r3, [sp, #0]
1000093e:	f383 8810 	msr	PRIMASK, r3
10000942:	b003      	add	sp, #12
10000944:	e8bd 8ff0 	ldmia.w	sp!, {r4, r5, r6, r7, r8, r9, sl, fp, pc}
10000948:	f020 0e01 	bic.w	lr, r0, #1
1000094c:	f89e 1007 	ldrb.w	r1, [lr, #7]
10000950:	42b1      	cmp	r1, r6
10000952:	d82e      	bhi.n	100009b2 <irq_add_shared_handler+0x12a>
10000954:	f44f 4321 	mov.w	r3, #41216	@ 0xa100
10000958:	53eb      	strh	r3, [r5, r7]
1000095a:	4b41      	ldr	r3, [pc, #260]	@ (10000a60 <irq_add_shared_handler+0x1d8>)
1000095c:	1cb9      	adds	r1, r7, #2
1000095e:	4429      	add	r1, r5
10000960:	3b04      	subs	r3, #4
10000962:	3704      	adds	r7, #4
10000964:	1a5b      	subs	r3, r3, r1
10000966:	442f      	add	r7, r5
10000968:	f1ae 0104 	sub.w	r1, lr, #4
1000096c:	1bc9      	subs	r1, r1, r7
1000096e:	f3c1 044a 	ubfx	r4, r1, #1, #11
10000972:	493c      	ldr	r1, [pc, #240]	@ (10000a64 <irq_add_shared_handler+0x1dc>)
10000974:	f3c3 034a 	ubfx	r3, r3, #1, #11
10000978:	430b      	orrs	r3, r1
1000097a:	4321      	orrs	r1, r4
1000097c:	f8a8 1004 	strh.w	r1, [r8, #4]
10000980:	4939      	ldr	r1, [pc, #228]	@ (10000a68 <irq_add_shared_handler+0x1e0>)
10000982:	f8a8 3002 	strh.w	r3, [r8, #2]
10000986:	f64a 20aa 	movw	r0, #43690	@ 0xaaaa
1000098a:	4673      	mov	r3, lr
1000098c:	1b5b      	subs	r3, r3, r5
1000098e:	415b      	adcs	r3, r3
10000990:	4358      	muls	r0, r3
10000992:	0d00      	lsrs	r0, r0, #20
10000994:	f888 6007 	strb.w	r6, [r8, #7]
10000998:	f888 0006 	strb.w	r0, [r8, #6]
1000099c:	f8c8 b008 	str.w	fp, [r8, #8]
100009a0:	f048 0001 	orr.w	r0, r8, #1
100009a4:	f8ce 1000 	str.w	r1, [lr]
100009a8:	e7bf      	b.n	1000092a <irq_add_shared_handler+0xa2>
100009aa:	79d1      	ldrb	r1, [r2, #7]
100009ac:	42b1      	cmp	r1, r6
100009ae:	d92e      	bls.n	10000a0e <irq_add_shared_handler+0x186>
100009b0:	4696      	mov	lr, r2
100009b2:	f99e c006 	ldrsb.w	ip, [lr, #6]
100009b6:	eb0c 024c 	add.w	r2, ip, ip, lsl #1
100009ba:	f1bc 0f00 	cmp.w	ip, #0
100009be:	eb05 0282 	add.w	r2, r5, r2, lsl #2
100009c2:	daf2      	bge.n	100009aa <irq_add_shared_handler+0x122>
100009c4:	f64b 5101 	movw	r1, #48385	@ 0xbd01
100009c8:	f10e 0204 	add.w	r2, lr, #4
100009cc:	f1a8 0704 	sub.w	r7, r8, #4
100009d0:	1abf      	subs	r7, r7, r2
100009d2:	f3c7 074a 	ubfx	r7, r7, #1, #11
100009d6:	ea6f 47c7 	mvn.w	r7, r7, lsl #19
100009da:	ea6f 47d7 	mvn.w	r7, r7, lsr #19
100009de:	f88e 4006 	strb.w	r4, [lr, #6]
100009e2:	eb03 0804 	add.w	r8, r3, r4
100009e6:	4c20      	ldr	r4, [pc, #128]	@ (10000a68 <irq_add_shared_handler+0x1e0>)
100009e8:	eb05 0388 	add.w	r3, r5, r8, lsl #2
100009ec:	f8ae 7004 	strh.w	r7, [lr, #4]
100009f0:	f845 4028 	str.w	r4, [r5, r8, lsl #2]
100009f4:	8099      	strh	r1, [r3, #4]
100009f6:	f883 c006 	strb.w	ip, [r3, #6]
100009fa:	71de      	strb	r6, [r3, #7]
100009fc:	f8c3 b008 	str.w	fp, [r3, #8]
10000a00:	e793      	b.n	1000092a <irq_add_shared_handler+0xa2>
10000a02:	f000 ff11 	bl	10001828 <hard_assertion_failure>
10000a06:	4b12      	ldr	r3, [pc, #72]	@ (10000a50 <irq_add_shared_handler+0x1c8>)
10000a08:	f993 4000 	ldrsb.w	r4, [r3]
10000a0c:	e759      	b.n	100008c2 <irq_add_shared_handler+0x3a>
10000a0e:	4672      	mov	r2, lr
10000a10:	f832 1f04 	ldrh.w	r1, [r2, #4]!
10000a14:	0549      	lsls	r1, r1, #21
10000a16:	d414      	bmi.n	10000a42 <irq_add_shared_handler+0x1ba>
10000a18:	1549      	asrs	r1, r1, #21
10000a1a:	3102      	adds	r1, #2
10000a1c:	eb02 0141 	add.w	r1, r2, r1, lsl #1
10000a20:	9101      	str	r1, [sp, #4]
10000a22:	f06f 0107 	mvn.w	r1, #7
10000a26:	1bc9      	subs	r1, r1, r7
10000a28:	9f01      	ldr	r7, [sp, #4]
10000a2a:	1b49      	subs	r1, r1, r5
10000a2c:	4439      	add	r1, r7
10000a2e:	f3c1 014a 	ubfx	r1, r1, #1, #11
10000a32:	f441 4160 	orr.w	r1, r1, #57344	@ 0xe000
10000a36:	e7c9      	b.n	100009cc <irq_add_shared_handler+0x144>
10000a38:	9301      	str	r3, [sp, #4]
10000a3a:	f000 fef5 	bl	10001828 <hard_assertion_failure>
10000a3e:	9b01      	ldr	r3, [sp, #4]
10000a40:	e756      	b.n	100008f0 <irq_add_shared_handler+0x68>
10000a42:	f501 11ff 	add.w	r1, r1, #2088960	@ 0x1fe000
10000a46:	f501 51ff 	add.w	r1, r1, #8160	@ 0x1fe0
10000a4a:	311f      	adds	r1, #31
10000a4c:	e7e4      	b.n	10000a18 <irq_add_shared_handler+0x190>
10000a4e:	bf00      	nop
10000a50:	20001f17 	.word	0x20001f17
10000a54:	20001214 	.word	0x20001214
10000a58:	e000ed00 	.word	0xe000ed00
10000a5c:	10000111 	.word	0x10000111
10000a60:	20001244 	.word	0x20001244
10000a64:	ffffe000 	.word	0xffffe000
10000a68:	47804801 	.word	0x47804801
10000a6c:	200015f5 	.word	0x200015f5

10000a70 <irq_add_tail_to_free_list>:
10000a70:	b5f0      	push	{r4, r5, r6, r7, lr}
10000a72:	f3ef 8505 	mrs	r5, IPSR
10000a76:	b2ed      	uxtb	r5, r5
10000a78:	f3ef 8c10 	mrs	ip, PRIMASK
10000a7c:	b672      	cpsid	i
10000a7e:	4926      	ldr	r1, [pc, #152]	@ (10000b18 <irq_add_tail_to_free_list+0xa8>)
10000a80:	e8d1 2fcf 	ldaexb	r2, [r1]
10000a84:	2301      	movs	r3, #1
10000a86:	2a00      	cmp	r2, #0
10000a88:	d1fa      	bne.n	10000a80 <irq_add_tail_to_free_list+0x10>
10000a8a:	e8c1 3f42 	strexb	r2, r3, [r1]
10000a8e:	2a00      	cmp	r2, #0
10000a90:	d1f6      	bne.n	10000a80 <irq_add_tail_to_free_list+0x10>
10000a92:	f3bf 8f5f 	dmb	sy
10000a96:	4e21      	ldr	r6, [pc, #132]	@ (10000b1c <irq_add_tail_to_free_list+0xac>)
10000a98:	f040 0e01 	orr.w	lr, r0, #1
10000a9c:	68b4      	ldr	r4, [r6, #8]
10000a9e:	f64a 23aa 	movw	r3, #43690	@ 0xaaaa
10000aa2:	f854 7025 	ldr.w	r7, [r4, r5, lsl #2]
10000aa6:	4a1e      	ldr	r2, [pc, #120]	@ (10000b20 <irq_add_tail_to_free_list+0xb0>)
10000aa8:	4604      	mov	r4, r0
10000aaa:	1aa4      	subs	r4, r4, r2
10000aac:	4164      	adcs	r4, r4
10000aae:	4363      	muls	r3, r4
10000ab0:	0d1b      	lsrs	r3, r3, #20
10000ab2:	4577      	cmp	r7, lr
10000ab4:	b25b      	sxtb	r3, r3
10000ab6:	d01b      	beq.n	10000af0 <irq_add_tail_to_free_list+0x80>
10000ab8:	f992 4006 	ldrsb.w	r4, [r2, #6]
10000abc:	429c      	cmp	r4, r3
10000abe:	d01c      	beq.n	10000afa <irq_add_tail_to_free_list+0x8a>
10000ac0:	f992 4012 	ldrsb.w	r4, [r2, #18]
10000ac4:	429c      	cmp	r4, r3
10000ac6:	d023      	beq.n	10000b10 <irq_add_tail_to_free_list+0xa0>
10000ac8:	f992 401e 	ldrsb.w	r4, [r2, #30]
10000acc:	429c      	cmp	r4, r3
10000ace:	d021      	beq.n	10000b14 <irq_add_tail_to_free_list+0xa4>
10000ad0:	f992 402a 	ldrsb.w	r4, [r2, #42]	@ 0x2a
10000ad4:	429c      	cmp	r4, r3
10000ad6:	bf08      	it	eq
10000ad8:	2403      	moveq	r4, #3
10000ada:	d00f      	beq.n	10000afc <irq_add_tail_to_free_list+0x8c>
10000adc:	4a11      	ldr	r2, [pc, #68]	@ (10000b24 <irq_add_tail_to_free_list+0xb4>)
10000ade:	2400      	movs	r4, #0
10000ae0:	7815      	ldrb	r5, [r2, #0]
10000ae2:	7013      	strb	r3, [r2, #0]
10000ae4:	7185      	strb	r5, [r0, #6]
10000ae6:	e8c1 4f8f 	stlb	r4, [r1]
10000aea:	f38c 8810 	msr	PRIMASK, ip
10000aee:	bdf0      	pop	{r4, r5, r6, r7, pc}
10000af0:	68b2      	ldr	r2, [r6, #8]
10000af2:	4c0d      	ldr	r4, [pc, #52]	@ (10000b28 <irq_add_tail_to_free_list+0xb8>)
10000af4:	f842 4025 	str.w	r4, [r2, r5, lsl #2]
10000af8:	e7f0      	b.n	10000adc <irq_add_tail_to_free_list+0x6c>
10000afa:	2400      	movs	r4, #0
10000afc:	eb04 0444 	add.w	r4, r4, r4, lsl #1
10000b00:	eb02 0284 	add.w	r2, r2, r4, lsl #2
10000b04:	24ff      	movs	r4, #255	@ 0xff
10000b06:	7194      	strb	r4, [r2, #6]
10000b08:	f64b 5401 	movw	r4, #48385	@ 0xbd01
10000b0c:	8094      	strh	r4, [r2, #4]
10000b0e:	e7e5      	b.n	10000adc <irq_add_tail_to_free_list+0x6c>
10000b10:	2401      	movs	r4, #1
10000b12:	e7f3      	b.n	10000afc <irq_add_tail_to_free_list+0x8c>
10000b14:	2402      	movs	r4, #2
10000b16:	e7f1      	b.n	10000afc <irq_add_tail_to_free_list+0x8c>
10000b18:	200015f5 	.word	0x200015f5
10000b1c:	e000ed00 	.word	0xe000ed00
10000b20:	20001214 	.word	0x20001214
10000b24:	20001f17 	.word	0x20001f17
10000b28:	10000111 	.word	0x10000111

10000b2c <user_irq_claim_unused>:
10000b2c:	b510      	push	{r4, lr}
10000b2e:	4c07      	ldr	r4, [pc, #28]	@ (10000b4c <user_irq_claim_unused+0x20>)
10000b30:	b082      	sub	sp, #8
10000b32:	4601      	mov	r1, r0
10000b34:	2305      	movs	r3, #5
10000b36:	2200      	movs	r2, #0
10000b38:	9400      	str	r4, [sp, #0]
10000b3a:	4805      	ldr	r0, [pc, #20]	@ (10000b50 <user_irq_claim_unused+0x24>)
10000b3c:	f7ff fda2 	bl	10000684 <hw_claim_unused_from_range>
10000b40:	2800      	cmp	r0, #0
10000b42:	bfa8      	it	ge
10000b44:	f1c0 0033 	rsbge	r0, r0, #51	@ 0x33
10000b48:	b002      	add	sp, #8
10000b4a:	bd10      	pop	{r4, pc}
10000b4c:	10006fac 	.word	0x10006fac
10000b50:	20001f1b 	.word	0x20001f1b

10000b54 <lock_init>:
10000b54:	4b01      	ldr	r3, [pc, #4]	@ (10000b5c <lock_init+0x8>)
10000b56:	440b      	add	r3, r1
10000b58:	6003      	str	r3, [r0, #0]
10000b5a:	4770      	bx	lr
10000b5c:	200015ec 	.word	0x200015ec

10000b60 <runtime_init_mutex>:
10000b60:	b570      	push	{r4, r5, r6, lr}
10000b62:	4c10      	ldr	r4, [pc, #64]	@ (10000ba4 <runtime_init_mutex+0x44>)
10000b64:	4d10      	ldr	r5, [pc, #64]	@ (10000ba8 <runtime_init_mutex+0x48>)
10000b66:	42ac      	cmp	r4, r5
10000b68:	d20e      	bcs.n	10000b88 <runtime_init_mutex+0x28>
10000b6a:	26ff      	movs	r6, #255	@ 0xff
10000b6c:	6823      	ldr	r3, [r4, #0]
10000b6e:	b163      	cbz	r3, 10000b8a <runtime_init_mutex+0x2a>
10000b70:	f7ff fdc8 	bl	10000704 <next_striped_spin_lock_num>
10000b74:	4601      	mov	r1, r0
10000b76:	4620      	mov	r0, r4
10000b78:	f7ff ffec 	bl	10000b54 <lock_init>
10000b7c:	80a6      	strh	r6, [r4, #4]
10000b7e:	f3bf 8f5f 	dmb	sy
10000b82:	3408      	adds	r4, #8
10000b84:	42ac      	cmp	r4, r5
10000b86:	d3f1      	bcc.n	10000b6c <runtime_init_mutex+0xc>
10000b88:	bd70      	pop	{r4, r5, r6, pc}
10000b8a:	f7ff fdbb 	bl	10000704 <next_striped_spin_lock_num>
10000b8e:	4601      	mov	r1, r0
10000b90:	4620      	mov	r0, r4
10000b92:	f7ff ffdf 	bl	10000b54 <lock_init>
10000b96:	7126      	strb	r6, [r4, #4]
10000b98:	f3bf 8f5f 	dmb	sy
10000b9c:	3408      	adds	r4, #8
10000b9e:	42ac      	cmp	r4, r5
10000ba0:	d3e4      	bcc.n	10000b6c <runtime_init_mutex+0xc>
10000ba2:	bd70      	pop	{r4, r5, r6, pc}
10000ba4:	200012b4 	.word	0x200012b4
10000ba8:	200012bc 	.word	0x200012bc

10000bac <mutex_init>:
10000bac:	b510      	push	{r4, lr}
10000bae:	4604      	mov	r4, r0
10000bb0:	f7ff fda8 	bl	10000704 <next_striped_spin_lock_num>
10000bb4:	4601      	mov	r1, r0
10000bb6:	4620      	mov	r0, r4
10000bb8:	f7ff ffcc 	bl	10000b54 <lock_init>
10000bbc:	23ff      	movs	r3, #255	@ 0xff
10000bbe:	7123      	strb	r3, [r4, #4]
10000bc0:	f3bf 8f5f 	dmb	sy
10000bc4:	bd10      	pop	{r4, pc}
10000bc6:	bf00      	nop

10000bc8 <critical_section_init>:
10000bc8:	b510      	push	{r4, lr}
10000bca:	4604      	mov	r4, r0
10000bcc:	2001      	movs	r0, #1
10000bce:	f7ff fda5 	bl	1000071c <spin_lock_claim_unused>
10000bd2:	4b03      	ldr	r3, [pc, #12]	@ (10000be0 <critical_section_init+0x18>)
10000bd4:	4403      	add	r3, r0
10000bd6:	6023      	str	r3, [r4, #0]
10000bd8:	f3bf 8f5f 	dmb	sy
10000bdc:	bd10      	pop	{r4, pc}
10000bde:	bf00      	nop
10000be0:	200015ec 	.word	0x200015ec

10000be4 <critical_section_init_with_lock_num>:
10000be4:	4b02      	ldr	r3, [pc, #8]	@ (10000bf0 <critical_section_init_with_lock_num+0xc>)
10000be6:	440b      	add	r3, r1
10000be8:	6003      	str	r3, [r0, #0]
10000bea:	f3bf 8f5f 	dmb	sy
10000bee:	4770      	bx	lr
10000bf0:	200015ec 	.word	0x200015ec

10000bf4 <sleep_until_callback>:
10000bf4:	4b0d      	ldr	r3, [pc, #52]	@ (10000c2c <sleep_until_callback+0x38>)
10000bf6:	681a      	ldr	r2, [r3, #0]
10000bf8:	f3ef 8110 	mrs	r1, PRIMASK
10000bfc:	b672      	cpsid	i
10000bfe:	e8d2 cfcf 	ldaexb	ip, [r2]
10000c02:	2001      	movs	r0, #1
10000c04:	f1bc 0f00 	cmp.w	ip, #0
10000c08:	d1f9      	bne.n	10000bfe <sleep_until_callback+0xa>
10000c0a:	e8c2 0f4c 	strexb	ip, r0, [r2]
10000c0e:	f1bc 0f00 	cmp.w	ip, #0
10000c12:	d1f4      	bne.n	10000bfe <sleep_until_callback+0xa>
10000c14:	f3bf 8f5f 	dmb	sy
10000c18:	2200      	movs	r2, #0
10000c1a:	681b      	ldr	r3, [r3, #0]
10000c1c:	e8c3 2f8f 	stlb	r2, [r3]
10000c20:	f381 8810 	msr	PRIMASK, r1
10000c24:	bf40      	sev
10000c26:	2000      	movs	r0, #0
10000c28:	2100      	movs	r1, #0
10000c2a:	4770      	bx	lr
10000c2c:	20001eec 	.word	0x20001eec

10000c30 <alarm_pool_irq_handler>:
10000c30:	e92d 4ff0 	stmdb	sp!, {r4, r5, r6, r7, r8, r9, sl, fp, lr}
10000c34:	ed2d 8b02 	vpush	{d8}
10000c38:	b085      	sub	sp, #20
10000c3a:	f3ef 8305 	mrs	r3, IPSR
10000c3e:	b2db      	uxtb	r3, r3
10000c40:	3b10      	subs	r3, #16
10000c42:	089a      	lsrs	r2, r3, #2
10000c44:	bf18      	it	ne
10000c46:	2201      	movne	r2, #1
10000c48:	f04f 0101 	mov.w	r1, #1
10000c4c:	f003 0b03 	and.w	fp, r3, #3
10000c50:	bf18      	it	ne
10000c52:	4daf      	ldrne	r5, [pc, #700]	@ (10000f10 <alarm_pool_irq_handler+0x2e0>)
10000c54:	4baf      	ldr	r3, [pc, #700]	@ (10000f14 <alarm_pool_irq_handler+0x2e4>)
10000c56:	bf08      	it	eq
10000c58:	4daf      	ldreq	r5, [pc, #700]	@ (10000f18 <alarm_pool_irq_handler+0x2e8>)
10000c5a:	eb0b 0282 	add.w	r2, fp, r2, lsl #2
10000c5e:	f853 6022 	ldr.w	r6, [r3, r2, lsl #2]
10000c62:	fa01 f20b 	lsl.w	r2, r1, fp
10000c66:	f505 5341 	add.w	r3, r5, #12352	@ 0x3040
10000c6a:	ed9f 8ba7 	vldr	d8, [pc, #668]	@ 10000f08 <alarm_pool_irq_handler+0x2d8>
10000c6e:	9201      	str	r2, [sp, #4]
10000c70:	605a      	str	r2, [r3, #4]
10000c72:	e02f      	b.n	10000cd4 <alarm_pool_irq_handler+0xa4>
10000c74:	88b3      	ldrh	r3, [r6, #4]
10000c76:	041c      	lsls	r4, r3, #16
10000c78:	f140 8093 	bpl.w	10000da2 <alarm_pool_irq_handler+0x172>
10000c7c:	79b3      	ldrb	r3, [r6, #6]
10000c7e:	2b00      	cmp	r3, #0
10000c80:	f040 80dd 	bne.w	10000e3e <alarm_pool_irq_handler+0x20e>
10000c84:	f9b6 2008 	ldrsh.w	r2, [r6, #8]
10000c88:	2a00      	cmp	r2, #0
10000c8a:	f2c0 811e 	blt.w	10000eca <alarm_pool_irq_handler+0x29a>
10000c8e:	6973      	ldr	r3, [r6, #20]
10000c90:	eb02 0242 	add.w	r2, r2, r2, lsl #1
10000c94:	eb03 03c2 	add.w	r3, r3, r2, lsl #3
10000c98:	e9d3 4702 	ldrd	r4, r7, [r3, #8]
10000c9c:	f1b7 3fff 	cmp.w	r7, #4294967295
10000ca0:	bf08      	it	eq
10000ca2:	f1b4 3fff 	cmpeq.w	r4, #4294967295
10000ca6:	d00e      	beq.n	10000cc6 <alarm_pool_irq_handler+0x96>
10000ca8:	eb05 018b 	add.w	r1, r5, fp, lsl #2
10000cac:	6aab      	ldr	r3, [r5, #40]	@ 0x28
10000cae:	690a      	ldr	r2, [r1, #16]
10000cb0:	1ad2      	subs	r2, r2, r3
10000cb2:	1ae3      	subs	r3, r4, r3
10000cb4:	4293      	cmp	r3, r2
10000cb6:	d305      	bcc.n	10000cc4 <alarm_pool_irq_handler+0x94>
10000cb8:	2301      	movs	r3, #1
10000cba:	6a2a      	ldr	r2, [r5, #32]
10000cbc:	fa03 f30b 	lsl.w	r3, r3, fp
10000cc0:	4213      	tst	r3, r2
10000cc2:	d100      	bne.n	10000cc6 <alarm_pool_irq_handler+0x96>
10000cc4:	610c      	str	r4, [r1, #16]
10000cc6:	4628      	mov	r0, r5
10000cc8:	f000 fc18 	bl	100014fc <timer_time_us_64>
10000ccc:	42a0      	cmp	r0, r4
10000cce:	41b9      	sbcs	r1, r7
10000cd0:	f2c0 80fb 	blt.w	10000eca <alarm_pool_irq_handler+0x29a>
10000cd4:	f9b6 3008 	ldrsh.w	r3, [r6, #8]
10000cd8:	9a01      	ldr	r2, [sp, #4]
10000cda:	2b00      	cmp	r3, #0
10000cdc:	9300      	str	r3, [sp, #0]
10000cde:	63ea      	str	r2, [r5, #60]	@ 0x3c
10000ce0:	dbc8      	blt.n	10000c74 <alarm_pool_irq_handler+0x44>
10000ce2:	f8d6 8014 	ldr.w	r8, [r6, #20]
10000ce6:	eb03 0943 	add.w	r9, r3, r3, lsl #1
10000cea:	4628      	mov	r0, r5
10000cec:	eb08 07c9 	add.w	r7, r8, r9, lsl #3
10000cf0:	e9d7 4a02 	ldrd	r4, sl, [r7, #8]
10000cf4:	f000 fc02 	bl	100014fc <timer_time_us_64>
10000cf8:	42a0      	cmp	r0, r4
10000cfa:	eb71 010a 	sbcs.w	r1, r1, sl
10000cfe:	dbb9      	blt.n	10000c74 <alarm_pool_irq_handler+0x44>
10000d00:	f1ba 0f00 	cmp.w	sl, #0
10000d04:	f2c0 80c3 	blt.w	10000e8e <alarm_pool_irq_handler+0x25e>
10000d08:	e9d7 3104 	ldrd	r3, r1, [r7, #16]
10000d0c:	4a83      	ldr	r2, [pc, #524]	@ (10000f1c <alarm_pool_irq_handler+0x2ec>)
10000d0e:	4293      	cmp	r3, r2
10000d10:	f000 80ed 	beq.w	10000eee <alarm_pool_irq_handler+0x2be>
10000d14:	887a      	ldrh	r2, [r7, #2]
10000d16:	f9b6 0008 	ldrsh.w	r0, [r6, #8]
10000d1a:	b292      	uxth	r2, r2
10000d1c:	ea42 4000 	orr.w	r0, r2, r0, lsl #16
10000d20:	4798      	blx	r3
10000d22:	4602      	mov	r2, r0
10000d24:	460b      	mov	r3, r1
10000d26:	ea52 0103 	orrs.w	r1, r2, r3
10000d2a:	f000 80b0 	beq.w	10000e8e <alarm_pool_irq_handler+0x25e>
10000d2e:	2b00      	cmp	r3, #0
10000d30:	f280 80d1 	bge.w	10000ed6 <alarm_pool_irq_handler+0x2a6>
10000d34:	ebb4 0e02 	subs.w	lr, r4, r2
10000d38:	eb6a 0a03 	sbc.w	sl, sl, r3
10000d3c:	f938 3039 	ldrsh.w	r3, [r8, r9, lsl #3]
10000d40:	e9c7 ea02 	strd	lr, sl, [r7, #8]
10000d44:	2b00      	cmp	r3, #0
10000d46:	db95      	blt.n	10000c74 <alarm_pool_irq_handler+0x44>
10000d48:	6971      	ldr	r1, [r6, #20]
10000d4a:	eb03 0243 	add.w	r2, r3, r3, lsl #1
10000d4e:	eb01 02c2 	add.w	r2, r1, r2, lsl #3
10000d52:	e9d2 7002 	ldrd	r7, r0, [r2, #8]
10000d56:	45be      	cmp	lr, r7
10000d58:	eb7a 0c00 	sbcs.w	ip, sl, r0
10000d5c:	ea4f 0243 	mov.w	r2, r3, lsl #1
10000d60:	db88      	blt.n	10000c74 <alarm_pool_irq_handler+0x44>
10000d62:	46b4      	mov	ip, r6
10000d64:	f82c 3f08 	strh.w	r3, [ip, #8]!
10000d68:	e006      	b.n	10000d78 <alarm_pool_irq_handler+0x148>
10000d6a:	eb03 0043 	add.w	r0, r3, r3, lsl #1
10000d6e:	eb01 00c0 	add.w	r0, r1, r0, lsl #3
10000d72:	005a      	lsls	r2, r3, #1
10000d74:	e9d0 7002 	ldrd	r7, r0, [r0, #8]
10000d78:	45be      	cmp	lr, r7
10000d7a:	441a      	add	r2, r3
10000d7c:	eb7a 0000 	sbcs.w	r0, sl, r0
10000d80:	eb01 04c2 	add.w	r4, r1, r2, lsl #3
10000d84:	db04      	blt.n	10000d90 <alarm_pool_irq_handler+0x160>
10000d86:	f931 3032 	ldrsh.w	r3, [r1, r2, lsl #3]
10000d8a:	46a4      	mov	ip, r4
10000d8c:	2b00      	cmp	r3, #0
10000d8e:	daec      	bge.n	10000d6a <alarm_pool_irq_handler+0x13a>
10000d90:	f828 3039 	strh.w	r3, [r8, r9, lsl #3]
10000d94:	9b00      	ldr	r3, [sp, #0]
10000d96:	f8ac 3000 	strh.w	r3, [ip]
10000d9a:	88b3      	ldrh	r3, [r6, #4]
10000d9c:	041c      	lsls	r4, r3, #16
10000d9e:	f53f af6d 	bmi.w	10000c7c <alarm_pool_irq_handler+0x4c>
10000da2:	6933      	ldr	r3, [r6, #16]
10000da4:	f3ef 8210 	mrs	r2, PRIMASK
10000da8:	b672      	cpsid	i
10000daa:	e8d3 0fcf 	ldaexb	r0, [r3]
10000dae:	2101      	movs	r1, #1
10000db0:	2800      	cmp	r0, #0
10000db2:	d1fa      	bne.n	10000daa <alarm_pool_irq_handler+0x17a>
10000db4:	e8c3 1f40 	strexb	r0, r1, [r3]
10000db8:	2800      	cmp	r0, #0
10000dba:	d1f6      	bne.n	10000daa <alarm_pool_irq_handler+0x17a>
10000dbc:	f3bf 8f5f 	dmb	sy
10000dc0:	f64f 74ff 	movw	r4, #65535	@ 0xffff
10000dc4:	88b0      	ldrh	r0, [r6, #4]
10000dc6:	2300      	movs	r3, #0
10000dc8:	6931      	ldr	r1, [r6, #16]
10000dca:	b200      	sxth	r0, r0
10000dcc:	80b4      	strh	r4, [r6, #4]
10000dce:	e8c1 3f8f 	stlb	r3, [r1]
10000dd2:	f382 8810 	msr	PRIMASK, r2
10000dd6:	4298      	cmp	r0, r3
10000dd8:	f6ff af50 	blt.w	10000c7c <alarm_pool_irq_handler+0x4c>
10000ddc:	4607      	mov	r7, r0
10000dde:	46a9      	mov	r9, r5
10000de0:	6974      	ldr	r4, [r6, #20]
10000de2:	f106 0808 	add.w	r8, r6, #8
10000de6:	eb07 0e47 	add.w	lr, r7, r7, lsl #1
10000dea:	eb04 03ce 	add.w	r3, r4, lr, lsl #3
10000dee:	e9d3 5002 	ldrd	r5, r0, [r3, #8]
10000df2:	f9b6 3008 	ldrsh.w	r3, [r6, #8]
10000df6:	46c4      	mov	ip, r8
10000df8:	2b00      	cmp	r3, #0
10000dfa:	db13      	blt.n	10000e24 <alarm_pool_irq_handler+0x1f4>
10000dfc:	46b2      	mov	sl, r6
10000dfe:	9700      	str	r7, [sp, #0]
10000e00:	e004      	b.n	10000e0c <alarm_pool_irq_handler+0x1dc>
10000e02:	f934 3036 	ldrsh.w	r3, [r4, r6, lsl #3]
10000e06:	4694      	mov	ip, r2
10000e08:	2b00      	cmp	r3, #0
10000e0a:	db09      	blt.n	10000e20 <alarm_pool_irq_handler+0x1f0>
10000e0c:	eb03 0643 	add.w	r6, r3, r3, lsl #1
10000e10:	eb04 02c6 	add.w	r2, r4, r6, lsl #3
10000e14:	e9d2 7102 	ldrd	r7, r1, [r2, #8]
10000e18:	42bd      	cmp	r5, r7
10000e1a:	eb70 0101 	sbcs.w	r1, r0, r1
10000e1e:	daf0      	bge.n	10000e02 <alarm_pool_irq_handler+0x1d2>
10000e20:	4656      	mov	r6, sl
10000e22:	9f00      	ldr	r7, [sp, #0]
10000e24:	f8ac 7000 	strh.w	r7, [ip]
10000e28:	f934 703e 	ldrsh.w	r7, [r4, lr, lsl #3]
10000e2c:	f824 303e 	strh.w	r3, [r4, lr, lsl #3]
10000e30:	2f00      	cmp	r7, #0
10000e32:	dad8      	bge.n	10000de6 <alarm_pool_irq_handler+0x1b6>
10000e34:	79b3      	ldrb	r3, [r6, #6]
10000e36:	464d      	mov	r5, r9
10000e38:	2b00      	cmp	r3, #0
10000e3a:	f43f af23 	beq.w	10000c84 <alarm_pool_irq_handler+0x54>
10000e3e:	2300      	movs	r3, #0
10000e40:	71b3      	strb	r3, [r6, #6]
10000e42:	f9b6 3008 	ldrsh.w	r3, [r6, #8]
10000e46:	f106 0808 	add.w	r8, r6, #8
10000e4a:	1c58      	adds	r0, r3, #1
10000e4c:	d03d      	beq.n	10000eca <alarm_pool_irq_handler+0x29a>
10000e4e:	461a      	mov	r2, r3
10000e50:	6977      	ldr	r7, [r6, #20]
10000e52:	e003      	b.n	10000e5c <alarm_pool_irq_handler+0x22c>
10000e54:	4680      	mov	r8, r0
10000e56:	1c59      	adds	r1, r3, #1
10000e58:	f43f af16 	beq.w	10000c88 <alarm_pool_irq_handler+0x58>
10000e5c:	eb03 0143 	add.w	r1, r3, r3, lsl #1
10000e60:	eb07 00c1 	add.w	r0, r7, r1, lsl #3
10000e64:	f8b0 c002 	ldrh.w	ip, [r0, #2]
10000e68:	461c      	mov	r4, r3
10000e6a:	f41c 4f00 	tst.w	ip, #32768	@ 0x8000
10000e6e:	469e      	mov	lr, r3
10000e70:	f937 3031 	ldrsh.w	r3, [r7, r1, lsl #3]
10000e74:	d0ee      	beq.n	10000e54 <alarm_pool_irq_handler+0x224>
10000e76:	4294      	cmp	r4, r2
10000e78:	ed80 8b02 	vstr	d8, [r0, #8]
10000e7c:	d005      	beq.n	10000e8a <alarm_pool_irq_handler+0x25a>
10000e7e:	f8a8 3000 	strh.w	r3, [r8]
10000e82:	8932      	ldrh	r2, [r6, #8]
10000e84:	f827 2031 	strh.w	r2, [r7, r1, lsl #3]
10000e88:	8134      	strh	r4, [r6, #8]
10000e8a:	4672      	mov	r2, lr
10000e8c:	e7e3      	b.n	10000e56 <alarm_pool_irq_handler+0x226>
10000e8e:	f838 3039 	ldrh.w	r3, [r8, r9, lsl #3]
10000e92:	8133      	strh	r3, [r6, #8]
10000e94:	6933      	ldr	r3, [r6, #16]
10000e96:	f3ef 8210 	mrs	r2, PRIMASK
10000e9a:	b672      	cpsid	i
10000e9c:	e8d3 0fcf 	ldaexb	r0, [r3]
10000ea0:	2101      	movs	r1, #1
10000ea2:	2800      	cmp	r0, #0
10000ea4:	d1fa      	bne.n	10000e9c <alarm_pool_irq_handler+0x26c>
10000ea6:	e8c3 1f40 	strexb	r0, r1, [r3]
10000eaa:	2800      	cmp	r0, #0
10000eac:	d1f6      	bne.n	10000e9c <alarm_pool_irq_handler+0x26c>
10000eae:	f3bf 8f5f 	dmb	sy
10000eb2:	8873      	ldrh	r3, [r6, #2]
10000eb4:	6931      	ldr	r1, [r6, #16]
10000eb6:	f828 3039 	strh.w	r3, [r8, r9, lsl #3]
10000eba:	9b00      	ldr	r3, [sp, #0]
10000ebc:	8073      	strh	r3, [r6, #2]
10000ebe:	2300      	movs	r3, #0
10000ec0:	e8c1 3f8f 	stlb	r3, [r1]
10000ec4:	f382 8810 	msr	PRIMASK, r2
10000ec8:	e6d4      	b.n	10000c74 <alarm_pool_irq_handler+0x44>
10000eca:	bf40      	sev
10000ecc:	b005      	add	sp, #20
10000ece:	ecbd 8b02 	vpop	{d8}
10000ed2:	e8bd 8ff0 	ldmia.w	sp!, {r4, r5, r6, r7, r8, r9, sl, fp, pc}
10000ed6:	4628      	mov	r0, r5
10000ed8:	e9cd 2302 	strd	r2, r3, [sp, #8]
10000edc:	f000 fb0e 	bl	100014fc <timer_time_us_64>
10000ee0:	9a02      	ldr	r2, [sp, #8]
10000ee2:	9b03      	ldr	r3, [sp, #12]
10000ee4:	eb10 0e02 	adds.w	lr, r0, r2
10000ee8:	eb43 0a01 	adc.w	sl, r3, r1
10000eec:	e726      	b.n	10000d3c <alarm_pool_irq_handler+0x10c>
10000eee:	4608      	mov	r0, r1
10000ef0:	690b      	ldr	r3, [r1, #16]
10000ef2:	9102      	str	r1, [sp, #8]
10000ef4:	4798      	blx	r3
10000ef6:	2800      	cmp	r0, #0
10000ef8:	d0c9      	beq.n	10000e8e <alarm_pool_irq_handler+0x25e>
10000efa:	9902      	ldr	r1, [sp, #8]
10000efc:	e9d1 2300 	ldrd	r2, r3, [r1]
10000f00:	e711      	b.n	10000d26 <alarm_pool_irq_handler+0xf6>
10000f02:	bf00      	nop
10000f04:	f3af 8000 	nop.w
10000f08:	ffffffff 	.word	0xffffffff
10000f0c:	ffffffff 	.word	0xffffffff
10000f10:	400b8000 	.word	0x400b8000
10000f14:	20001ec4 	.word	0x20001ec4
10000f18:	400b0000 	.word	0x400b0000
10000f1c:	10000c31 	.word	0x10000c31

10000f20 <runtime_init_default_alarm_pool>:
10000f20:	e92d 4ff8 	stmdb	sp!, {r3, r4, r5, r6, r7, r8, r9, sl, fp, lr}
10000f24:	4c36      	ldr	r4, [pc, #216]	@ (10001000 <runtime_init_default_alarm_pool+0xe0>)
10000f26:	6925      	ldr	r5, [r4, #16]
10000f28:	b12d      	cbz	r5, 10000f36 <runtime_init_default_alarm_pool+0x16>
10000f2a:	e8bd 4ff8 	ldmia.w	sp!, {r3, r4, r5, r6, r7, r8, r9, sl, fp, lr}
10000f2e:	210a      	movs	r1, #10
10000f30:	4834      	ldr	r0, [pc, #208]	@ (10001004 <runtime_init_default_alarm_pool+0xe4>)
10000f32:	f7ff be0f 	b.w	10000b54 <lock_init>
10000f36:	f8df 80e4 	ldr.w	r8, [pc, #228]	@ 1000101c <runtime_init_default_alarm_pool+0xfc>
10000f3a:	2103      	movs	r1, #3
10000f3c:	4640      	mov	r0, r8
10000f3e:	f000 facb 	bl	100014d8 <timer_hardware_alarm_claim>
10000f42:	2603      	movs	r6, #3
10000f44:	f8c4 800c 	str.w	r8, [r4, #12]
10000f48:	f7ff fbdc 	bl	10000704 <next_striped_spin_lock_num>
10000f4c:	f04f 4c50 	mov.w	ip, #3489660928	@ 0xd0000000
10000f50:	4b2d      	ldr	r3, [pc, #180]	@ (10001008 <runtime_init_default_alarm_pool+0xe8>)
10000f52:	7026      	strb	r6, [r4, #0]
10000f54:	4403      	add	r3, r0
10000f56:	6123      	str	r3, [r4, #16]
10000f58:	f8dc 3000 	ldr.w	r3, [ip]
10000f5c:	210f      	movs	r1, #15
10000f5e:	7063      	strb	r3, [r4, #1]
10000f60:	6963      	ldr	r3, [r4, #20]
10000f62:	8061      	strh	r1, [r4, #2]
10000f64:	831d      	strh	r5, [r3, #24]
10000f66:	f04f 0504 	mov.w	r5, #4
10000f6a:	f8a3 5078 	strh.w	r5, [r3, #120]	@ 0x78
10000f6e:	f04f 0505 	mov.w	r5, #5
10000f72:	f8a3 5090 	strh.w	r5, [r3, #144]	@ 0x90
10000f76:	f04f 0506 	mov.w	r5, #6
10000f7a:	f8a3 50a8 	strh.w	r5, [r3, #168]	@ 0xa8
10000f7e:	f04f 0507 	mov.w	r5, #7
10000f82:	210e      	movs	r1, #14
10000f84:	f64f 72ff 	movw	r2, #65535	@ 0xffff
10000f88:	2708      	movs	r7, #8
10000f8a:	f04f 0e0a 	mov.w	lr, #10
10000f8e:	f8a3 50c0 	strh.w	r5, [r3, #192]	@ 0xc0
10000f92:	f04f 0901 	mov.w	r9, #1
10000f96:	f04f 0c0c 	mov.w	ip, #12
10000f9a:	f04f 0b02 	mov.w	fp, #2
10000f9e:	f04f 0a09 	mov.w	sl, #9
10000fa2:	200d      	movs	r0, #13
10000fa4:	f04f 050b 	mov.w	r5, #11
10000fa8:	f8a3 1168 	strh.w	r1, [r3, #360]	@ 0x168
10000fac:	4917      	ldr	r1, [pc, #92]	@ (1000100c <runtime_init_default_alarm_pool+0xec>)
10000fae:	80a2      	strh	r2, [r4, #4]
10000fb0:	f8a3 e108 	strh.w	lr, [r3, #264]	@ 0x108
10000fb4:	60a1      	str	r1, [r4, #8]
10000fb6:	f8a3 b048 	strh.w	fp, [r3, #72]	@ 0x48
10000fba:	f8a3 a0f0 	strh.w	sl, [r3, #240]	@ 0xf0
10000fbe:	f8a3 5120 	strh.w	r5, [r3, #288]	@ 0x120
10000fc2:	f8a3 c138 	strh.w	ip, [r3, #312]	@ 0x138
10000fc6:	f8a3 0150 	strh.w	r0, [r3, #336]	@ 0x150
10000fca:	f8a3 9030 	strh.w	r9, [r3, #48]	@ 0x30
10000fce:	f8a3 6060 	strh.w	r6, [r3, #96]	@ 0x60
10000fd2:	f8a3 70d8 	strh.w	r7, [r3, #216]	@ 0xd8
10000fd6:	801a      	strh	r2, [r3, #0]
10000fd8:	4b0d      	ldr	r3, [pc, #52]	@ (10001010 <runtime_init_default_alarm_pool+0xf0>)
10000fda:	4630      	mov	r0, r6
10000fdc:	f8c8 7020 	str.w	r7, [r8, #32]
10000fe0:	490c      	ldr	r1, [pc, #48]	@ (10001014 <runtime_init_default_alarm_pool+0xf4>)
10000fe2:	60dc      	str	r4, [r3, #12]
10000fe4:	f7ff fc20 	bl	10000828 <irq_set_exclusive_handler>
10000fe8:	4649      	mov	r1, r9
10000fea:	4630      	mov	r0, r6
10000fec:	f7ff fbda 	bl	100007a4 <irq_set_enabled>
10000ff0:	4b09      	ldr	r3, [pc, #36]	@ (10001018 <runtime_init_default_alarm_pool+0xf8>)
10000ff2:	210a      	movs	r1, #10
10000ff4:	641f      	str	r7, [r3, #64]	@ 0x40
10000ff6:	4803      	ldr	r0, [pc, #12]	@ (10001004 <runtime_init_default_alarm_pool+0xe4>)
10000ff8:	e8bd 4ff8 	ldmia.w	sp!, {r3, r4, r5, r6, r7, r8, r9, sl, fp, lr}
10000ffc:	f7ff bdaa 	b.w	10000b54 <lock_init>
10001000:	2000125c 	.word	0x2000125c
10001004:	20001eec 	.word	0x20001eec
10001008:	200015ec 	.word	0x200015ec
1000100c:	0010ffff 	.word	0x0010ffff
10001010:	20001ec4 	.word	0x20001ec4
10001014:	10000c31 	.word	0x10000c31
10001018:	400b2000 	.word	0x400b2000
1000101c:	400b0000 	.word	0x400b0000

10001020 <alarm_pool_get_default>:
10001020:	4800      	ldr	r0, [pc, #0]	@ (10001024 <alarm_pool_get_default+0x4>)
10001022:	4770      	bx	lr
10001024:	2000125c 	.word	0x2000125c

10001028 <alarm_pool_add_alarm_at>:
10001028:	b5f8      	push	{r3, r4, r5, r6, r7, lr}
1000102a:	f89d 5020 	ldrb.w	r5, [sp, #32]
1000102e:	4604      	mov	r4, r0
10001030:	4617      	mov	r7, r2
10001032:	461e      	mov	r6, r3
10001034:	b935      	cbnz	r5, 10001044 <alarm_pool_add_alarm_at+0x1c>
10001036:	f000 fa69 	bl	1000150c <time_us_64>
1000103a:	4287      	cmp	r7, r0
1000103c:	eb66 0101 	sbc.w	r1, r6, r1
10001040:	2900      	cmp	r1, #0
10001042:	db5c      	blt.n	100010fe <alarm_pool_add_alarm_at+0xd6>
10001044:	6921      	ldr	r1, [r4, #16]
10001046:	f3ef 8310 	mrs	r3, PRIMASK
1000104a:	b672      	cpsid	i
1000104c:	e8d1 0fcf 	ldaexb	r0, [r1]
10001050:	2201      	movs	r2, #1
10001052:	2800      	cmp	r0, #0
10001054:	d1fa      	bne.n	1000104c <alarm_pool_add_alarm_at+0x24>
10001056:	e8c1 2f40 	strexb	r0, r2, [r1]
1000105a:	2800      	cmp	r0, #0
1000105c:	d1f6      	bne.n	1000104c <alarm_pool_add_alarm_at+0x24>
1000105e:	f3bf 8f5f 	dmb	sy
10001062:	f9b4 2002 	ldrsh.w	r2, [r4, #2]
10001066:	6965      	ldr	r5, [r4, #20]
10001068:	eb02 0142 	add.w	r1, r2, r2, lsl #1
1000106c:	2a00      	cmp	r2, #0
1000106e:	ea4f 0cc1 	mov.w	ip, r1, lsl #3
10001072:	6920      	ldr	r0, [r4, #16]
10001074:	eb05 01c1 	add.w	r1, r5, r1, lsl #3
10001078:	db39      	blt.n	100010ee <alarm_pool_add_alarm_at+0xc6>
1000107a:	f835 e00c 	ldrh.w	lr, [r5, ip]
1000107e:	f8a4 e002 	strh.w	lr, [r4, #2]
10001082:	f04f 0e00 	mov.w	lr, #0
10001086:	e8c0 ef8f 	stlb	lr, [r0]
1000108a:	f383 8810 	msr	PRIMASK, r3
1000108e:	8848      	ldrh	r0, [r1, #2]
10001090:	9b06      	ldr	r3, [sp, #24]
10001092:	3001      	adds	r0, #1
10001094:	f3c0 000e 	ubfx	r0, r0, #0, #15
10001098:	2801      	cmp	r0, #1
1000109a:	bf38      	it	cc
1000109c:	2001      	movcc	r0, #1
1000109e:	610b      	str	r3, [r1, #16]
100010a0:	9b07      	ldr	r3, [sp, #28]
100010a2:	8048      	strh	r0, [r1, #2]
100010a4:	614b      	str	r3, [r1, #20]
100010a6:	e9c1 7602 	strd	r7, r6, [r1, #8]
100010aa:	ea40 4002 	orr.w	r0, r0, r2, lsl #16
100010ae:	6923      	ldr	r3, [r4, #16]
100010b0:	f3ef 8110 	mrs	r1, PRIMASK
100010b4:	b672      	cpsid	i
100010b6:	e8d3 7fcf 	ldaexb	r7, [r3]
100010ba:	2601      	movs	r6, #1
100010bc:	2f00      	cmp	r7, #0
100010be:	d1fa      	bne.n	100010b6 <alarm_pool_add_alarm_at+0x8e>
100010c0:	e8c3 6f47 	strexb	r7, r6, [r3]
100010c4:	2f00      	cmp	r7, #0
100010c6:	d1f6      	bne.n	100010b6 <alarm_pool_add_alarm_at+0x8e>
100010c8:	f3bf 8f5f 	dmb	sy
100010cc:	88a3      	ldrh	r3, [r4, #4]
100010ce:	f825 300c 	strh.w	r3, [r5, ip]
100010d2:	80a2      	strh	r2, [r4, #4]
100010d4:	6923      	ldr	r3, [r4, #16]
100010d6:	e8c3 ef8f 	stlb	lr, [r3]
100010da:	f381 8810 	msr	PRIMASK, r1
100010de:	2201      	movs	r2, #1
100010e0:	68e3      	ldr	r3, [r4, #12]
100010e2:	7821      	ldrb	r1, [r4, #0]
100010e4:	f503 5301 	add.w	r3, r3, #8256	@ 0x2040
100010e8:	408a      	lsls	r2, r1
100010ea:	605a      	str	r2, [r3, #4]
100010ec:	bdf8      	pop	{r3, r4, r5, r6, r7, pc}
100010ee:	2200      	movs	r2, #0
100010f0:	e8c0 2f8f 	stlb	r2, [r0]
100010f4:	f383 8810 	msr	PRIMASK, r3
100010f8:	f04f 30ff 	mov.w	r0, #4294967295
100010fc:	bdf8      	pop	{r3, r4, r5, r6, r7, pc}
100010fe:	4628      	mov	r0, r5
10001100:	bdf8      	pop	{r3, r4, r5, r6, r7, pc}
10001102:	bf00      	nop

10001104 <alarm_pool_add_alarm_at_force_in_context>:
10001104:	4601      	mov	r1, r0
10001106:	b5f0      	push	{r4, r5, r6, r7, lr}
10001108:	6900      	ldr	r0, [r0, #16]
1000110a:	f3ef 8710 	mrs	r7, PRIMASK
1000110e:	b672      	cpsid	i
10001110:	e8d0 5fcf 	ldaexb	r5, [r0]
10001114:	2401      	movs	r4, #1
10001116:	2d00      	cmp	r5, #0
10001118:	d1fa      	bne.n	10001110 <alarm_pool_add_alarm_at_force_in_context+0xc>
1000111a:	e8c0 4f45 	strexb	r5, r4, [r0]
1000111e:	2d00      	cmp	r5, #0
10001120:	d1f6      	bne.n	10001110 <alarm_pool_add_alarm_at_force_in_context+0xc>
10001122:	f3bf 8f5f 	dmb	sy
10001126:	f9b1 e002 	ldrsh.w	lr, [r1, #2]
1000112a:	694c      	ldr	r4, [r1, #20]
1000112c:	eb0e 0c4e 	add.w	ip, lr, lr, lsl #1
10001130:	f1be 0f00 	cmp.w	lr, #0
10001134:	ea4f 05cc 	mov.w	r5, ip, lsl #3
10001138:	6908      	ldr	r0, [r1, #16]
1000113a:	eb04 0ccc 	add.w	ip, r4, ip, lsl #3
1000113e:	db3c      	blt.n	100011ba <alarm_pool_add_alarm_at_force_in_context+0xb6>
10001140:	5b66      	ldrh	r6, [r4, r5]
10001142:	804e      	strh	r6, [r1, #2]
10001144:	2600      	movs	r6, #0
10001146:	e8c0 6f8f 	stlb	r6, [r0]
1000114a:	f387 8810 	msr	PRIMASK, r7
1000114e:	f8bc 0002 	ldrh.w	r0, [ip, #2]
10001152:	e9cc 2302 	strd	r2, r3, [ip, #8]
10001156:	3001      	adds	r0, #1
10001158:	f3c0 000e 	ubfx	r0, r0, #0, #15
1000115c:	2801      	cmp	r0, #1
1000115e:	bf38      	it	cc
10001160:	2001      	movcc	r0, #1
10001162:	9b05      	ldr	r3, [sp, #20]
10001164:	f8ac 0002 	strh.w	r0, [ip, #2]
10001168:	f8cc 3010 	str.w	r3, [ip, #16]
1000116c:	9b06      	ldr	r3, [sp, #24]
1000116e:	ea40 400e 	orr.w	r0, r0, lr, lsl #16
10001172:	f8cc 3014 	str.w	r3, [ip, #20]
10001176:	690b      	ldr	r3, [r1, #16]
10001178:	f3ef 8210 	mrs	r2, PRIMASK
1000117c:	b672      	cpsid	i
1000117e:	e8d3 cfcf 	ldaexb	ip, [r3]
10001182:	2701      	movs	r7, #1
10001184:	f1bc 0f00 	cmp.w	ip, #0
10001188:	d1f9      	bne.n	1000117e <alarm_pool_add_alarm_at_force_in_context+0x7a>
1000118a:	e8c3 7f4c 	strexb	ip, r7, [r3]
1000118e:	f1bc 0f00 	cmp.w	ip, #0
10001192:	d1f4      	bne.n	1000117e <alarm_pool_add_alarm_at_force_in_context+0x7a>
10001194:	f3bf 8f5f 	dmb	sy
10001198:	888b      	ldrh	r3, [r1, #4]
1000119a:	5363      	strh	r3, [r4, r5]
1000119c:	f8a1 e004 	strh.w	lr, [r1, #4]
100011a0:	690b      	ldr	r3, [r1, #16]
100011a2:	e8c3 6f8f 	stlb	r6, [r3]
100011a6:	f382 8810 	msr	PRIMASK, r2
100011aa:	2201      	movs	r2, #1
100011ac:	68cb      	ldr	r3, [r1, #12]
100011ae:	7809      	ldrb	r1, [r1, #0]
100011b0:	f503 5301 	add.w	r3, r3, #8256	@ 0x2040
100011b4:	408a      	lsls	r2, r1
100011b6:	605a      	str	r2, [r3, #4]
100011b8:	bdf0      	pop	{r4, r5, r6, r7, pc}
100011ba:	2300      	movs	r3, #0
100011bc:	e8c0 3f8f 	stlb	r3, [r0]
100011c0:	f387 8810 	msr	PRIMASK, r7
100011c4:	f04f 30ff 	mov.w	r0, #4294967295
100011c8:	bdf0      	pop	{r4, r5, r6, r7, pc}
100011ca:	bf00      	nop

100011cc <alarm_pool_cancel_alarm>:
100011cc:	4603      	mov	r3, r0
100011ce:	8940      	ldrh	r0, [r0, #10]
100011d0:	ebb0 4f21 	cmp.w	r0, r1, asr #16
100011d4:	dd37      	ble.n	10001246 <alarm_pool_cancel_alarm+0x7a>
100011d6:	6958      	ldr	r0, [r3, #20]
100011d8:	140a      	asrs	r2, r1, #16
100011da:	eb02 0242 	add.w	r2, r2, r2, lsl #1
100011de:	b510      	push	{r4, lr}
100011e0:	eb00 00c2 	add.w	r0, r0, r2, lsl #3
100011e4:	691c      	ldr	r4, [r3, #16]
100011e6:	f3ef 8c10 	mrs	ip, PRIMASK
100011ea:	b672      	cpsid	i
100011ec:	e8d4 efcf 	ldaexb	lr, [r4]
100011f0:	2201      	movs	r2, #1
100011f2:	f1be 0f00 	cmp.w	lr, #0
100011f6:	d1f9      	bne.n	100011ec <alarm_pool_cancel_alarm+0x20>
100011f8:	e8c4 2f4e 	strexb	lr, r2, [r4]
100011fc:	f1be 0f00 	cmp.w	lr, #0
10001200:	d1f4      	bne.n	100011ec <alarm_pool_cancel_alarm+0x20>
10001202:	f3bf 8f5f 	dmb	sy
10001206:	8842      	ldrh	r2, [r0, #2]
10001208:	b289      	uxth	r1, r1
1000120a:	b292      	uxth	r2, r2
1000120c:	428a      	cmp	r2, r1
1000120e:	d007      	beq.n	10001220 <alarm_pool_cancel_alarm+0x54>
10001210:	2200      	movs	r2, #0
10001212:	691b      	ldr	r3, [r3, #16]
10001214:	e8c3 2f8f 	stlb	r2, [r3]
10001218:	f38c 8810 	msr	PRIMASK, ip
1000121c:	2000      	movs	r0, #0
1000121e:	bd10      	pop	{r4, pc}
10001220:	f442 4200 	orr.w	r2, r2, #32768	@ 0x8000
10001224:	8042      	strh	r2, [r0, #2]
10001226:	2101      	movs	r1, #1
10001228:	2200      	movs	r2, #0
1000122a:	6918      	ldr	r0, [r3, #16]
1000122c:	7199      	strb	r1, [r3, #6]
1000122e:	e8c0 2f8f 	stlb	r2, [r0]
10001232:	f38c 8810 	msr	PRIMASK, ip
10001236:	781c      	ldrb	r4, [r3, #0]
10001238:	68da      	ldr	r2, [r3, #12]
1000123a:	4608      	mov	r0, r1
1000123c:	f502 5301 	add.w	r3, r2, #8256	@ 0x2040
10001240:	40a1      	lsls	r1, r4
10001242:	6059      	str	r1, [r3, #4]
10001244:	bd10      	pop	{r4, pc}
10001246:	2000      	movs	r0, #0
10001248:	4770      	bx	lr
1000124a:	bf00      	nop

1000124c <alarm_pool_core_num>:
1000124c:	7840      	ldrb	r0, [r0, #1]
1000124e:	4770      	bx	lr

10001250 <sleep_us>:
10001250:	e92d 41f0 	stmdb	sp!, {r4, r5, r6, r7, r8, lr}
10001254:	b082      	sub	sp, #8
10001256:	4604      	mov	r4, r0
10001258:	460e      	mov	r6, r1
1000125a:	f000 f957 	bl	1000150c <time_us_64>
1000125e:	f04f 32ff 	mov.w	r2, #4294967295
10001262:	f06f 4300 	mvn.w	r3, #2147483648	@ 0x80000000
10001266:	1824      	adds	r4, r4, r0
10001268:	eb46 0601 	adc.w	r6, r6, r1
1000126c:	42a2      	cmp	r2, r4
1000126e:	eb73 0106 	sbcs.w	r1, r3, r6
10001272:	bf3c      	itt	cc
10001274:	4614      	movcc	r4, r2
10001276:	461e      	movcc	r6, r3
10001278:	1fa5      	subs	r5, r4, #6
1000127a:	f146 37ff 	adc.w	r7, r6, #4294967295
1000127e:	42ac      	cmp	r4, r5
10001280:	eb76 0307 	sbcs.w	r3, r6, r7
10001284:	bf3c      	itt	cc
10001286:	2500      	movcc	r5, #0
10001288:	462f      	movcc	r7, r5
1000128a:	f000 f93f 	bl	1000150c <time_us_64>
1000128e:	1a28      	subs	r0, r5, r0
10001290:	eb67 0c01 	sbc.w	ip, r7, r1
10001294:	2801      	cmp	r0, #1
10001296:	f17c 0c00 	sbcs.w	ip, ip, #0
1000129a:	da06      	bge.n	100012aa <sleep_us+0x5a>
1000129c:	4620      	mov	r0, r4
1000129e:	4631      	mov	r1, r6
100012a0:	b002      	add	sp, #8
100012a2:	e8bd 41f0 	ldmia.w	sp!, {r4, r5, r6, r7, r8, lr}
100012a6:	f000 b93b 	b.w	10001520 <busy_wait_until>
100012aa:	f000 f92f 	bl	1000150c <time_us_64>
100012ae:	4285      	cmp	r5, r0
100012b0:	eb67 0101 	sbc.w	r1, r7, r1
100012b4:	2900      	cmp	r1, #0
100012b6:	db0a      	blt.n	100012ce <sleep_us+0x7e>
100012b8:	2100      	movs	r1, #0
100012ba:	4b17      	ldr	r3, [pc, #92]	@ (10001318 <sleep_us+0xc8>)
100012bc:	462a      	mov	r2, r5
100012be:	9300      	str	r3, [sp, #0]
100012c0:	4816      	ldr	r0, [pc, #88]	@ (1000131c <sleep_us+0xcc>)
100012c2:	463b      	mov	r3, r7
100012c4:	9101      	str	r1, [sp, #4]
100012c6:	f7ff ff1d 	bl	10001104 <alarm_pool_add_alarm_at_force_in_context>
100012ca:	3001      	adds	r0, #1
100012cc:	d0e6      	beq.n	1000129c <sleep_us+0x4c>
100012ce:	f04f 0c00 	mov.w	ip, #0
100012d2:	4a13      	ldr	r2, [pc, #76]	@ (10001320 <sleep_us+0xd0>)
100012d4:	4913      	ldr	r1, [pc, #76]	@ (10001324 <sleep_us+0xd4>)
100012d6:	6a53      	ldr	r3, [r2, #36]	@ 0x24
100012d8:	429f      	cmp	r7, r3
100012da:	d804      	bhi.n	100012e6 <sleep_us+0x96>
100012dc:	6a90      	ldr	r0, [r2, #40]	@ 0x28
100012de:	42a8      	cmp	r0, r5
100012e0:	d2dc      	bcs.n	1000129c <sleep_us+0x4c>
100012e2:	429f      	cmp	r7, r3
100012e4:	d1da      	bne.n	1000129c <sleep_us+0x4c>
100012e6:	680b      	ldr	r3, [r1, #0]
100012e8:	f3ef 8010 	mrs	r0, PRIMASK
100012ec:	b672      	cpsid	i
100012ee:	e8d3 8fcf 	ldaexb	r8, [r3]
100012f2:	f05f 0e01 	movs.w	lr, #1
100012f6:	f1b8 0f00 	cmp.w	r8, #0
100012fa:	d1f8      	bne.n	100012ee <sleep_us+0x9e>
100012fc:	e8c3 ef48 	strexb	r8, lr, [r3]
10001300:	f1b8 0f00 	cmp.w	r8, #0
10001304:	d1f3      	bne.n	100012ee <sleep_us+0x9e>
10001306:	f3bf 8f5f 	dmb	sy
1000130a:	680b      	ldr	r3, [r1, #0]
1000130c:	e8c3 cf8f 	stlb	ip, [r3]
10001310:	f380 8810 	msr	PRIMASK, r0
10001314:	bf20      	wfe
10001316:	e7de      	b.n	100012d6 <sleep_us+0x86>
10001318:	10000bf5 	.word	0x10000bf5
1000131c:	2000125c 	.word	0x2000125c
10001320:	400b0000 	.word	0x400b0000
10001324:	20001eec 	.word	0x20001eec

10001328 <sleep_ms>:
10001328:	e92d 41f0 	stmdb	sp!, {r4, r5, r6, r7, r8, lr}
1000132c:	b082      	sub	sp, #8
1000132e:	4606      	mov	r6, r0
10001330:	f000 f8ec 	bl	1000150c <time_us_64>
10001334:	f44f 737a 	mov.w	r3, #1000	@ 0x3e8
10001338:	4604      	mov	r4, r0
1000133a:	f04f 30ff 	mov.w	r0, #4294967295
1000133e:	f06f 4200 	mvn.w	r2, #2147483648	@ 0x80000000
10001342:	fbe6 4103 	umlal	r4, r1, r6, r3
10001346:	42a0      	cmp	r0, r4
10001348:	eb72 0301 	sbcs.w	r3, r2, r1
1000134c:	bf3a      	itte	cc
1000134e:	4604      	movcc	r4, r0
10001350:	4615      	movcc	r5, r2
10001352:	460d      	movcs	r5, r1
10001354:	1fa6      	subs	r6, r4, #6
10001356:	f145 37ff 	adc.w	r7, r5, #4294967295
1000135a:	42b4      	cmp	r4, r6
1000135c:	eb75 0307 	sbcs.w	r3, r5, r7
10001360:	bf3c      	itt	cc
10001362:	2600      	movcc	r6, #0
10001364:	4637      	movcc	r7, r6
10001366:	f000 f8d1 	bl	1000150c <time_us_64>
1000136a:	1a30      	subs	r0, r6, r0
1000136c:	eb67 0101 	sbc.w	r1, r7, r1
10001370:	2801      	cmp	r0, #1
10001372:	f171 0100 	sbcs.w	r1, r1, #0
10001376:	da06      	bge.n	10001386 <sleep_ms+0x5e>
10001378:	4620      	mov	r0, r4
1000137a:	4629      	mov	r1, r5
1000137c:	b002      	add	sp, #8
1000137e:	e8bd 41f0 	ldmia.w	sp!, {r4, r5, r6, r7, r8, lr}
10001382:	f000 b8cd 	b.w	10001520 <busy_wait_until>
10001386:	f000 f8c1 	bl	1000150c <time_us_64>
1000138a:	4286      	cmp	r6, r0
1000138c:	eb67 0101 	sbc.w	r1, r7, r1
10001390:	2900      	cmp	r1, #0
10001392:	db0a      	blt.n	100013aa <sleep_ms+0x82>
10001394:	2100      	movs	r1, #0
10001396:	4b17      	ldr	r3, [pc, #92]	@ (100013f4 <sleep_ms+0xcc>)
10001398:	4632      	mov	r2, r6
1000139a:	9300      	str	r3, [sp, #0]
1000139c:	4816      	ldr	r0, [pc, #88]	@ (100013f8 <sleep_ms+0xd0>)
1000139e:	463b      	mov	r3, r7
100013a0:	9101      	str	r1, [sp, #4]
100013a2:	f7ff feaf 	bl	10001104 <alarm_pool_add_alarm_at_force_in_context>
100013a6:	3001      	adds	r0, #1
100013a8:	d0e6      	beq.n	10001378 <sleep_ms+0x50>
100013aa:	f04f 0c00 	mov.w	ip, #0
100013ae:	4a13      	ldr	r2, [pc, #76]	@ (100013fc <sleep_ms+0xd4>)
100013b0:	4913      	ldr	r1, [pc, #76]	@ (10001400 <sleep_ms+0xd8>)
100013b2:	6a53      	ldr	r3, [r2, #36]	@ 0x24
100013b4:	429f      	cmp	r7, r3
100013b6:	d804      	bhi.n	100013c2 <sleep_ms+0x9a>
100013b8:	6a90      	ldr	r0, [r2, #40]	@ 0x28
100013ba:	42b0      	cmp	r0, r6
100013bc:	d2dc      	bcs.n	10001378 <sleep_ms+0x50>
100013be:	429f      	cmp	r7, r3
100013c0:	d1da      	bne.n	10001378 <sleep_ms+0x50>
100013c2:	680b      	ldr	r3, [r1, #0]
100013c4:	f3ef 8010 	mrs	r0, PRIMASK
100013c8:	b672      	cpsid	i
100013ca:	e8d3 8fcf 	ldaexb	r8, [r3]
100013ce:	f05f 0e01 	movs.w	lr, #1
100013d2:	f1b8 0f00 	cmp.w	r8, #0
100013d6:	d1f8      	bne.n	100013ca <sleep_ms+0xa2>
100013d8:	e8c3 ef48 	strexb	r8, lr, [r3]
100013dc:	f1b8 0f00 	cmp.w	r8, #0
100013e0:	d1f3      	bne.n	100013ca <sleep_ms+0xa2>
100013e2:	f3bf 8f5f 	dmb	sy
100013e6:	680b      	ldr	r3, [r1, #0]
100013e8:	e8c3 cf8f 	stlb	ip, [r3]
100013ec:	f380 8810 	msr	PRIMASK, r0
100013f0:	bf20      	wfe
100013f2:	e7de      	b.n	100013b2 <sleep_ms+0x8a>
100013f4:	10000bf5 	.word	0x10000bf5
100013f8:	2000125c 	.word	0x2000125c
100013fc:	400b0000 	.word	0x400b0000
10001400:	20001eec 	.word	0x20001eec

10001404 <best_effort_wfe_or_timeout>:
10001404:	e92d 43f0 	stmdb	sp!, {r4, r5, r6, r7, r8, r9, lr}
10001408:	4606      	mov	r6, r0
1000140a:	460d      	mov	r5, r1
1000140c:	b083      	sub	sp, #12
1000140e:	f3ef 8405 	mrs	r4, IPSR
10001412:	b2e4      	uxtb	r4, r4
10001414:	b13c      	cbz	r4, 10001426 <best_effort_wfe_or_timeout+0x22>
10001416:	4b2d      	ldr	r3, [pc, #180]	@ (100014cc <best_effort_wfe_or_timeout+0xc8>)
10001418:	6a5a      	ldr	r2, [r3, #36]	@ 0x24
1000141a:	42aa      	cmp	r2, r5
1000141c:	d21c      	bcs.n	10001458 <best_effort_wfe_or_timeout+0x54>
1000141e:	2000      	movs	r0, #0
10001420:	b003      	add	sp, #12
10001422:	e8bd 83f0 	ldmia.w	sp!, {r4, r5, r6, r7, r8, r9, pc}
10001426:	4f2a      	ldr	r7, [pc, #168]	@ (100014d0 <best_effort_wfe_or_timeout+0xcc>)
10001428:	f8d7 900c 	ldr.w	r9, [r7, #12]
1000142c:	f897 8000 	ldrb.w	r8, [r7]
10001430:	4648      	mov	r0, r9
10001432:	f000 f863 	bl	100014fc <timer_time_us_64>
10001436:	f108 0804 	add.w	r8, r8, #4
1000143a:	f859 3028 	ldr.w	r3, [r9, r8, lsl #2]
1000143e:	1a1b      	subs	r3, r3, r0
10001440:	1a30      	subs	r0, r6, r0
10001442:	eb65 0101 	sbc.w	r1, r5, r1
10001446:	4298      	cmp	r0, r3
10001448:	f171 0100 	sbcs.w	r1, r1, #0
1000144c:	db10      	blt.n	10001470 <best_effort_wfe_or_timeout+0x6c>
1000144e:	bf20      	wfe
10001450:	4b1e      	ldr	r3, [pc, #120]	@ (100014cc <best_effort_wfe_or_timeout+0xc8>)
10001452:	6a5a      	ldr	r2, [r3, #36]	@ 0x24
10001454:	42aa      	cmp	r2, r5
10001456:	d3e2      	bcc.n	1000141e <best_effort_wfe_or_timeout+0x1a>
10001458:	bf14      	ite	ne
1000145a:	2401      	movne	r4, #1
1000145c:	2400      	moveq	r4, #0
1000145e:	6a9b      	ldr	r3, [r3, #40]	@ 0x28
10001460:	42b3      	cmp	r3, r6
10001462:	bf34      	ite	cc
10001464:	4620      	movcc	r0, r4
10001466:	f044 0001 	orrcs.w	r0, r4, #1
1000146a:	b003      	add	sp, #12
1000146c:	e8bd 83f0 	ldmia.w	sp!, {r4, r5, r6, r7, r8, r9, pc}
10001470:	f000 f84c 	bl	1000150c <time_us_64>
10001474:	4286      	cmp	r6, r0
10001476:	eb65 0101 	sbc.w	r1, r5, r1
1000147a:	2900      	cmp	r1, #0
1000147c:	db14      	blt.n	100014a8 <best_effort_wfe_or_timeout+0xa4>
1000147e:	4b15      	ldr	r3, [pc, #84]	@ (100014d4 <best_effort_wfe_or_timeout+0xd0>)
10001480:	4638      	mov	r0, r7
10001482:	e9cd 3400 	strd	r3, r4, [sp]
10001486:	4632      	mov	r2, r6
10001488:	462b      	mov	r3, r5
1000148a:	f7ff fe3b 	bl	10001104 <alarm_pool_add_alarm_at_force_in_context>
1000148e:	1e01      	subs	r1, r0, #0
10001490:	dd0a      	ble.n	100014a8 <best_effort_wfe_or_timeout+0xa4>
10001492:	4b0e      	ldr	r3, [pc, #56]	@ (100014cc <best_effort_wfe_or_timeout+0xc8>)
10001494:	6a5a      	ldr	r2, [r3, #36]	@ 0x24
10001496:	42aa      	cmp	r2, r5
10001498:	d316      	bcc.n	100014c8 <best_effort_wfe_or_timeout+0xc4>
1000149a:	6a9b      	ldr	r3, [r3, #40]	@ 0x28
1000149c:	42b3      	cmp	r3, r6
1000149e:	d311      	bcc.n	100014c4 <best_effort_wfe_or_timeout+0xc0>
100014a0:	480b      	ldr	r0, [pc, #44]	@ (100014d0 <best_effort_wfe_or_timeout+0xcc>)
100014a2:	f7ff fe93 	bl	100011cc <alarm_pool_cancel_alarm>
100014a6:	e7b6      	b.n	10001416 <best_effort_wfe_or_timeout+0x12>
100014a8:	4b08      	ldr	r3, [pc, #32]	@ (100014cc <best_effort_wfe_or_timeout+0xc8>)
100014aa:	6a5c      	ldr	r4, [r3, #36]	@ 0x24
100014ac:	42ac      	cmp	r4, r5
100014ae:	d3b6      	bcc.n	1000141e <best_effort_wfe_or_timeout+0x1a>
100014b0:	1b64      	subs	r4, r4, r5
100014b2:	bf18      	it	ne
100014b4:	2401      	movne	r4, #1
100014b6:	6a9b      	ldr	r3, [r3, #40]	@ 0x28
100014b8:	42b3      	cmp	r3, r6
100014ba:	bf34      	ite	cc
100014bc:	4620      	movcc	r0, r4
100014be:	f044 0001 	orrcs.w	r0, r4, #1
100014c2:	e7ad      	b.n	10001420 <best_effort_wfe_or_timeout+0x1c>
100014c4:	42aa      	cmp	r2, r5
100014c6:	d1eb      	bne.n	100014a0 <best_effort_wfe_or_timeout+0x9c>
100014c8:	bf20      	wfe
100014ca:	e7e9      	b.n	100014a0 <best_effort_wfe_or_timeout+0x9c>
100014cc:	400b0000 	.word	0x400b0000
100014d0:	2000125c 	.word	0x2000125c
100014d4:	10000bf5 	.word	0x10000bf5

100014d8 <timer_hardware_alarm_claim>:
100014d8:	b410      	push	{r4}
100014da:	4b05      	ldr	r3, [pc, #20]	@ (100014f0 <timer_hardware_alarm_claim+0x18>)
100014dc:	4c05      	ldr	r4, [pc, #20]	@ (100014f4 <timer_hardware_alarm_claim+0x1c>)
100014de:	4a06      	ldr	r2, [pc, #24]	@ (100014f8 <timer_hardware_alarm_claim+0x20>)
100014e0:	42a0      	cmp	r0, r4
100014e2:	bf14      	ite	ne
100014e4:	4618      	movne	r0, r3
100014e6:	1c58      	addeq	r0, r3, #1
100014e8:	f85d 4b04 	ldr.w	r4, [sp], #4
100014ec:	f7ff b89e 	b.w	1000062c <hw_claim_or_assert>
100014f0:	20001a30 	.word	0x20001a30
100014f4:	400b8000 	.word	0x400b8000
100014f8:	10006fc8 	.word	0x10006fc8

100014fc <timer_time_us_64>:
100014fc:	4603      	mov	r3, r0
100014fe:	6a41      	ldr	r1, [r0, #36]	@ 0x24
10001500:	460a      	mov	r2, r1
10001502:	6a98      	ldr	r0, [r3, #40]	@ 0x28
10001504:	6a59      	ldr	r1, [r3, #36]	@ 0x24
10001506:	428a      	cmp	r2, r1
10001508:	d1fa      	bne.n	10001500 <timer_time_us_64+0x4>
1000150a:	4770      	bx	lr

1000150c <time_us_64>:
1000150c:	4b03      	ldr	r3, [pc, #12]	@ (1000151c <time_us_64+0x10>)
1000150e:	6a59      	ldr	r1, [r3, #36]	@ 0x24
10001510:	460a      	mov	r2, r1
10001512:	6a98      	ldr	r0, [r3, #40]	@ 0x28
10001514:	6a59      	ldr	r1, [r3, #36]	@ 0x24
10001516:	4291      	cmp	r1, r2
10001518:	d1fa      	bne.n	10001510 <time_us_64+0x4>
1000151a:	4770      	bx	lr
1000151c:	400b0000 	.word	0x400b0000

10001520 <busy_wait_until>:
10001520:	4a07      	ldr	r2, [pc, #28]	@ (10001540 <busy_wait_until+0x20>)
10001522:	6a53      	ldr	r3, [r2, #36]	@ 0x24
10001524:	4299      	cmp	r1, r3
10001526:	d8fc      	bhi.n	10001522 <busy_wait_until+0x2>
10001528:	4299      	cmp	r1, r3
1000152a:	d107      	bne.n	1000153c <busy_wait_until+0x1c>
1000152c:	4b04      	ldr	r3, [pc, #16]	@ (10001540 <busy_wait_until+0x20>)
1000152e:	e002      	b.n	10001536 <busy_wait_until+0x16>
10001530:	6a5a      	ldr	r2, [r3, #36]	@ 0x24
10001532:	4291      	cmp	r1, r2
10001534:	d102      	bne.n	1000153c <busy_wait_until+0x1c>
10001536:	6a9a      	ldr	r2, [r3, #40]	@ 0x28
10001538:	4290      	cmp	r0, r2
1000153a:	d8f9      	bhi.n	10001530 <busy_wait_until+0x10>
1000153c:	4770      	bx	lr
1000153e:	bf00      	nop
10001540:	400b0000 	.word	0x400b0000

10001544 <clock_configure_undivided>:
10001544:	eb00 0c40 	add.w	ip, r0, r0, lsl #1
10001548:	ea4f 0c8c 	mov.w	ip, ip, lsl #2
1000154c:	f10c 4c80 	add.w	ip, ip, #1073741824	@ 0x40000000
10001550:	f50c 3c80 	add.w	ip, ip, #65536	@ 0x10000
10001554:	b5f0      	push	{r4, r5, r6, r7, lr}
10001556:	4616      	mov	r6, r2
10001558:	f8dc 2004 	ldr.w	r2, [ip, #4]
1000155c:	1f05      	subs	r5, r0, #4
1000155e:	f5b2 3f80 	cmp.w	r2, #65536	@ 0x10000
10001562:	bf38      	it	cc
10001564:	f44f 3280 	movcc.w	r2, #65536	@ 0x10000
10001568:	b2ed      	uxtb	r5, r5
1000156a:	bf38      	it	cc
1000156c:	f8cc 2004 	strcc.w	r2, [ip, #4]
10001570:	2d01      	cmp	r5, #1
10001572:	d92a      	bls.n	100015ca <clock_configure_undivided+0x86>
10001574:	f44f 6700 	mov.w	r7, #2048	@ 0x800
10001578:	4c25      	ldr	r4, [pc, #148]	@ (10001610 <clock_configure_undivided+0xcc>)
1000157a:	f50c 5240 	add.w	r2, ip, #12288	@ 0x3000
1000157e:	6017      	str	r7, [r2, #0]
10001580:	f854 2020 	ldr.w	r2, [r4, r0, lsl #2]
10001584:	b9b2      	cbnz	r2, 100015b4 <clock_configure_undivided+0x70>
10001586:	f8dc 2000 	ldr.w	r2, [ip]
1000158a:	2d01      	cmp	r5, #1
1000158c:	ea82 1246 	eor.w	r2, r2, r6, lsl #5
10001590:	f002 02e0 	and.w	r2, r2, #224	@ 0xe0
10001594:	f50c 5680 	add.w	r6, ip, #4096	@ 0x1000
10001598:	6032      	str	r2, [r6, #0]
1000159a:	d92a      	bls.n	100015f2 <clock_configure_undivided+0xae>
1000159c:	f44f 6100 	mov.w	r1, #2048	@ 0x800
100015a0:	f844 3020 	str.w	r3, [r4, r0, lsl #2]
100015a4:	f44f 3380 	mov.w	r3, #65536	@ 0x10000
100015a8:	f50c 5200 	add.w	r2, ip, #8192	@ 0x2000
100015ac:	6011      	str	r1, [r2, #0]
100015ae:	f8cc 3004 	str.w	r3, [ip, #4]
100015b2:	bdf0      	pop	{r4, r5, r6, r7, pc}
100015b4:	6967      	ldr	r7, [r4, #20]
100015b6:	fbb7 fef2 	udiv	lr, r7, r2
100015ba:	f10e 0e01 	add.w	lr, lr, #1
100015be:	eb0e 0e4e 	add.w	lr, lr, lr, lsl #1
100015c2:	f1be 0e03 	subs.w	lr, lr, #3
100015c6:	d2fc      	bcs.n	100015c2 <clock_configure_undivided+0x7e>
100015c8:	e7dd      	b.n	10001586 <clock_configure_undivided+0x42>
100015ca:	2901      	cmp	r1, #1
100015cc:	d1d2      	bne.n	10001574 <clock_configure_undivided+0x30>
100015ce:	2403      	movs	r4, #3
100015d0:	f50c 5240 	add.w	r2, ip, #12288	@ 0x3000
100015d4:	6014      	str	r4, [r2, #0]
100015d6:	f8dc 2008 	ldr.w	r2, [ip, #8]
100015da:	07d2      	lsls	r2, r2, #31
100015dc:	d5fb      	bpl.n	100015d6 <clock_configure_undivided+0x92>
100015de:	f8dc 2000 	ldr.w	r2, [ip]
100015e2:	4c0b      	ldr	r4, [pc, #44]	@ (10001610 <clock_configure_undivided+0xcc>)
100015e4:	ea82 1246 	eor.w	r2, r2, r6, lsl #5
100015e8:	f002 02e0 	and.w	r2, r2, #224	@ 0xe0
100015ec:	f50c 5680 	add.w	r6, ip, #4096	@ 0x1000
100015f0:	6032      	str	r2, [r6, #0]
100015f2:	2201      	movs	r2, #1
100015f4:	f8dc 5000 	ldr.w	r5, [ip]
100015f8:	404d      	eors	r5, r1
100015fa:	f005 0503 	and.w	r5, r5, #3
100015fe:	6035      	str	r5, [r6, #0]
10001600:	fa02 f101 	lsl.w	r1, r2, r1
10001604:	f8dc 2008 	ldr.w	r2, [ip, #8]
10001608:	420a      	tst	r2, r1
1000160a:	d0fb      	beq.n	10001604 <clock_configure_undivided+0xc0>
1000160c:	e7c6      	b.n	1000159c <clock_configure_undivided+0x58>
1000160e:	bf00      	nop
10001610:	20001a34 	.word	0x20001a34

10001614 <clock_get_hz>:
10001614:	4b01      	ldr	r3, [pc, #4]	@ (1000161c <clock_get_hz+0x8>)
10001616:	f853 0020 	ldr.w	r0, [r3, r0, lsl #2]
1000161a:	4770      	bx	lr
1000161c:	20001a34 	.word	0x20001a34

10001620 <pll_init>:
10001620:	b470      	push	{r4, r5, r6}
10001622:	9d03      	ldr	r5, [sp, #12]
10001624:	6804      	ldr	r4, [r0, #0]
10001626:	032d      	lsls	r5, r5, #12
10001628:	ea45 4503 	orr.w	r5, r5, r3, lsl #16
1000162c:	4b1b      	ldr	r3, [pc, #108]	@ (1000169c <pll_init+0x7c>)
1000162e:	2c00      	cmp	r4, #0
10001630:	fbb3 f3f1 	udiv	r3, r3, r1
10001634:	fbb2 f6f3 	udiv	r6, r2, r3
10001638:	db1f      	blt.n	1000167a <pll_init+0x5a>
1000163a:	4a19      	ldr	r2, [pc, #100]	@ (100016a0 <pll_init+0x80>)
1000163c:	4b19      	ldr	r3, [pc, #100]	@ (100016a4 <pll_init+0x84>)
1000163e:	4290      	cmp	r0, r2
10001640:	bf14      	ite	ne
10001642:	f44f 4280 	movne.w	r2, #16384	@ 0x4000
10001646:	f44f 4200 	moveq.w	r2, #32768	@ 0x8000
1000164a:	4c17      	ldr	r4, [pc, #92]	@ (100016a8 <pll_init+0x88>)
1000164c:	601a      	str	r2, [r3, #0]
1000164e:	f503 5380 	add.w	r3, r3, #4096	@ 0x1000
10001652:	601a      	str	r2, [r3, #0]
10001654:	68a3      	ldr	r3, [r4, #8]
10001656:	ea32 0303 	bics.w	r3, r2, r3
1000165a:	d1fb      	bne.n	10001654 <pll_init+0x34>
1000165c:	2221      	movs	r2, #33	@ 0x21
1000165e:	f500 5340 	add.w	r3, r0, #12288	@ 0x3000
10001662:	3304      	adds	r3, #4
10001664:	6001      	str	r1, [r0, #0]
10001666:	6086      	str	r6, [r0, #8]
10001668:	601a      	str	r2, [r3, #0]
1000166a:	6802      	ldr	r2, [r0, #0]
1000166c:	2a00      	cmp	r2, #0
1000166e:	dafc      	bge.n	1000166a <pll_init+0x4a>
10001670:	2208      	movs	r2, #8
10001672:	60c5      	str	r5, [r0, #12]
10001674:	601a      	str	r2, [r3, #0]
10001676:	bc70      	pop	{r4, r5, r6}
10001678:	4770      	bx	lr
1000167a:	6803      	ldr	r3, [r0, #0]
1000167c:	f003 033f 	and.w	r3, r3, #63	@ 0x3f
10001680:	428b      	cmp	r3, r1
10001682:	d1da      	bne.n	1000163a <pll_init+0x1a>
10001684:	6883      	ldr	r3, [r0, #8]
10001686:	f3c3 030b 	ubfx	r3, r3, #0, #12
1000168a:	42b3      	cmp	r3, r6
1000168c:	d1d5      	bne.n	1000163a <pll_init+0x1a>
1000168e:	68c3      	ldr	r3, [r0, #12]
10001690:	f403 23ee 	and.w	r3, r3, #487424	@ 0x77000
10001694:	42ab      	cmp	r3, r5
10001696:	d1d0      	bne.n	1000163a <pll_init+0x1a>
10001698:	e7ed      	b.n	10001676 <pll_init+0x56>
1000169a:	bf00      	nop
1000169c:	00b71b00 	.word	0x00b71b00
100016a0:	40058000 	.word	0x40058000
100016a4:	40022000 	.word	0x40022000
100016a8:	40020000 	.word	0x40020000

100016ac <watchdog_reboot>:
100016ac:	b430      	push	{r4, r5}
100016ae:	f04f 4480 	mov.w	r4, #1073741824	@ 0x40000000
100016b2:	4b1c      	ldr	r3, [pc, #112]	@ (10001724 <watchdog_reboot+0x78>)
100016b4:	601c      	str	r4, [r3, #0]
100016b6:	b1e0      	cbz	r0, 100016f2 <watchdog_reboot+0x46>
100016b8:	4c1b      	ldr	r4, [pc, #108]	@ (10001728 <watchdog_reboot+0x7c>)
100016ba:	f5a3 5340 	sub.w	r3, r3, #12288	@ 0x3000
100016be:	61dc      	str	r4, [r3, #28]
100016c0:	4c1a      	ldr	r4, [pc, #104]	@ (1000172c <watchdog_reboot+0x80>)
100016c2:	f040 0001 	orr.w	r0, r0, #1
100016c6:	4044      	eors	r4, r0
100016c8:	621c      	str	r4, [r3, #32]
100016ca:	6259      	str	r1, [r3, #36]	@ 0x24
100016cc:	6298      	str	r0, [r3, #40]	@ 0x28
100016ce:	f04f 4580 	mov.w	r5, #1073741824	@ 0x40000000
100016d2:	f04f 61e0 	mov.w	r1, #117440512	@ 0x7000000
100016d6:	4b13      	ldr	r3, [pc, #76]	@ (10001724 <watchdog_reboot+0x78>)
100016d8:	4815      	ldr	r0, [pc, #84]	@ (10001730 <watchdog_reboot+0x84>)
100016da:	4c16      	ldr	r4, [pc, #88]	@ (10001734 <watchdog_reboot+0x88>)
100016dc:	601d      	str	r5, [r3, #0]
100016de:	6084      	str	r4, [r0, #8]
100016e0:	6019      	str	r1, [r3, #0]
100016e2:	b94a      	cbnz	r2, 100016f8 <watchdog_reboot+0x4c>
100016e4:	bc30      	pop	{r4, r5}
100016e6:	f04f 4200 	mov.w	r2, #2147483648	@ 0x80000000
100016ea:	f5a3 5380 	sub.w	r3, r3, #4096	@ 0x1000
100016ee:	601a      	str	r2, [r3, #0]
100016f0:	4770      	bx	lr
100016f2:	4b11      	ldr	r3, [pc, #68]	@ (10001738 <watchdog_reboot+0x8c>)
100016f4:	61d8      	str	r0, [r3, #28]
100016f6:	e7ea      	b.n	100016ce <watchdog_reboot+0x22>
100016f8:	f44f 737a 	mov.w	r3, #1000	@ 0x3e8
100016fc:	fb03 f202 	mul.w	r2, r3, r2
10001700:	f1b2 7f80 	cmp.w	r2, #16777216	@ 0x1000000
10001704:	bf2a      	itet	cs
10001706:	f06f 437f 	mvncs.w	r3, #4278190080	@ 0xff000000
1000170a:	4613      	movcc	r3, r2
1000170c:	461a      	movcs	r2, r3
1000170e:	f04f 4180 	mov.w	r1, #1073741824	@ 0x40000000
10001712:	4c0a      	ldr	r4, [pc, #40]	@ (1000173c <watchdog_reboot+0x90>)
10001714:	4808      	ldr	r0, [pc, #32]	@ (10001738 <watchdog_reboot+0x8c>)
10001716:	6023      	str	r3, [r4, #0]
10001718:	4b09      	ldr	r3, [pc, #36]	@ (10001740 <watchdog_reboot+0x94>)
1000171a:	6042      	str	r2, [r0, #4]
1000171c:	bc30      	pop	{r4, r5}
1000171e:	6019      	str	r1, [r3, #0]
10001720:	4770      	bx	lr
10001722:	bf00      	nop
10001724:	400db000 	.word	0x400db000
10001728:	b007c0d3 	.word	0xb007c0d3
1000172c:	4ff83f2d 	.word	0x4ff83f2d
10001730:	4001a000 	.word	0x4001a000
10001734:	01fffff3 	.word	0x01fffff3
10001738:	400d8000 	.word	0x400d8000
1000173c:	20001e9c 	.word	0x20001e9c
10001740:	400da000 	.word	0x400da000

10001744 <tick_start>:
10001744:	2301      	movs	r3, #1
10001746:	eb00 0040 	add.w	r0, r0, r0, lsl #1
1000174a:	0080      	lsls	r0, r0, #2
1000174c:	f100 4080 	add.w	r0, r0, #1073741824	@ 0x40000000
10001750:	f500 1084 	add.w	r0, r0, #1081344	@ 0x108000
10001754:	6041      	str	r1, [r0, #4]
10001756:	6003      	str	r3, [r0, #0]
10001758:	4770      	bx	lr
1000175a:	bf00      	nop

1000175c <rom_reboot.constprop.0.isra.0>:
1000175c:	2300      	movs	r3, #0
1000175e:	b570      	push	{r4, r5, r6, lr}
10001760:	8adb      	ldrh	r3, [r3, #22]
10001762:	4604      	mov	r4, r0
10001764:	460d      	mov	r5, r1
10001766:	2200      	movs	r2, #0
10001768:	e842 f200 	tt	r2, r2
1000176c:	0252      	lsls	r2, r2, #9
1000176e:	bf54      	ite	pl
10001770:	2110      	movpl	r1, #16
10001772:	2104      	movmi	r1, #4
10001774:	f244 2052 	movw	r0, #16978	@ 0x4252
10001778:	4798      	blx	r3
1000177a:	4686      	mov	lr, r0
1000177c:	462b      	mov	r3, r5
1000177e:	4622      	mov	r2, r4
10001780:	46f4      	mov	ip, lr
10001782:	e8bd 4070 	ldmia.w	sp!, {r4, r5, r6, lr}
10001786:	210a      	movs	r1, #10
10001788:	f44f 7081 	mov.w	r0, #258	@ 0x102
1000178c:	4760      	bx	ip
1000178e:	bf00      	nop

10001790 <rom_func_lookup>:
10001790:	2300      	movs	r3, #0
10001792:	8adb      	ldrh	r3, [r3, #22]
10001794:	2200      	movs	r2, #0
10001796:	e842 f200 	tt	r2, r2
1000179a:	0252      	lsls	r2, r2, #9
1000179c:	d401      	bmi.n	100017a2 <rom_func_lookup+0x12>
1000179e:	2110      	movs	r1, #16
100017a0:	4718      	bx	r3
100017a2:	2104      	movs	r1, #4
100017a4:	4718      	bx	r3
100017a6:	bf00      	nop

100017a8 <rom_reset_usb_boot_extra>:
100017a8:	b508      	push	{r3, lr}
100017aa:	4603      	mov	r3, r0
100017ac:	4608      	mov	r0, r1
100017ae:	1e19      	subs	r1, r3, #0
100017b0:	db02      	blt.n	100017b8 <rom_reset_usb_boot_extra+0x10>
100017b2:	b11a      	cbz	r2, 100017bc <rom_reset_usb_boot_extra+0x14>
100017b4:	f040 0030 	orr.w	r0, r0, #48	@ 0x30
100017b8:	f7ff ffd0 	bl	1000175c <rom_reboot.constprop.0.isra.0>
100017bc:	f040 0020 	orr.w	r0, r0, #32
100017c0:	e7fa      	b.n	100017b8 <rom_reset_usb_boot_extra+0x10>
100017c2:	bf00      	nop

100017c4 <runtime_init_bootrom_locking_enable>:
100017c4:	4a03      	ldr	r2, [pc, #12]	@ (100017d4 <runtime_init_bootrom_locking_enable+0x10>)
100017c6:	f8d2 3828 	ldr.w	r3, [r2, #2088]	@ 0x828
100017ca:	2b00      	cmp	r3, #0
100017cc:	d0fb      	beq.n	100017c6 <runtime_init_bootrom_locking_enable+0x2>
100017ce:	f3bf 8f5f 	dmb	sy
100017d2:	4770      	bx	lr
100017d4:	400e0000 	.word	0x400e0000

100017d8 <runtime_init_boot_locks_reset>:
100017d8:	2100      	movs	r1, #0
100017da:	4b04      	ldr	r3, [pc, #16]	@ (100017ec <runtime_init_boot_locks_reset+0x14>)
100017dc:	4a04      	ldr	r2, [pc, #16]	@ (100017f0 <runtime_init_boot_locks_reset+0x18>)
100017de:	f3bf 8f5f 	dmb	sy
100017e2:	f843 1b04 	str.w	r1, [r3], #4
100017e6:	4293      	cmp	r3, r2
100017e8:	d1f9      	bne.n	100017de <runtime_init_boot_locks_reset+0x6>
100017ea:	4770      	bx	lr
100017ec:	400e080c 	.word	0x400e080c
100017f0:	400e082c 	.word	0x400e082c

100017f4 <xosc_init>:
100017f4:	b410      	push	{r4}
100017f6:	f44f 708d 	mov.w	r0, #282	@ 0x11a
100017fa:	f44f 642a 	mov.w	r4, #2720	@ 0xaa0
100017fe:	4a06      	ldr	r2, [pc, #24]	@ (10001818 <xosc_init+0x24>)
10001800:	4b06      	ldr	r3, [pc, #24]	@ (1000181c <xosc_init+0x28>)
10001802:	4907      	ldr	r1, [pc, #28]	@ (10001820 <xosc_init+0x2c>)
10001804:	6014      	str	r4, [r2, #0]
10001806:	60d0      	str	r0, [r2, #12]
10001808:	6019      	str	r1, [r3, #0]
1000180a:	6853      	ldr	r3, [r2, #4]
1000180c:	2b00      	cmp	r3, #0
1000180e:	dafc      	bge.n	1000180a <xosc_init+0x16>
10001810:	f85d 4b04 	ldr.w	r4, [sp], #4
10001814:	4770      	bx	lr
10001816:	bf00      	nop
10001818:	40048000 	.word	0x40048000
1000181c:	4004a000 	.word	0x4004a000
10001820:	00fab000 	.word	0x00fab000

10001824 <first_per_core_initializer>:
10001824:	4770      	bx	lr
10001826:	bf00      	nop

10001828 <hard_assertion_failure>:
10001828:	b508      	push	{r3, lr}
1000182a:	4801      	ldr	r0, [pc, #4]	@ (10001830 <hard_assertion_failure+0x8>)
1000182c:	f7fe fee6 	bl	100005fc <panic>
10001830:	10006fec 	.word	0x10006fec

10001834 <runtime_run_initializers>:
10001834:	b538      	push	{r3, r4, r5, lr}
10001836:	4c05      	ldr	r4, [pc, #20]	@ (1000184c <runtime_run_initializers+0x18>)
10001838:	4d05      	ldr	r5, [pc, #20]	@ (10001850 <runtime_run_initializers+0x1c>)
1000183a:	42ac      	cmp	r4, r5
1000183c:	d204      	bcs.n	10001848 <runtime_run_initializers+0x14>
1000183e:	f854 3b04 	ldr.w	r3, [r4], #4
10001842:	4798      	blx	r3
10001844:	42ac      	cmp	r4, r5
10001846:	d3fa      	bcc.n	1000183e <runtime_run_initializers+0xa>
10001848:	bd38      	pop	{r3, r4, r5, pc}
1000184a:	bf00      	nop
1000184c:	10006f00 	.word	0x10006f00
10001850:	10006f40 	.word	0x10006f40

10001854 <runtime_init_early_resets>:
10001854:	b410      	push	{r4}
10001856:	4807      	ldr	r0, [pc, #28]	@ (10001874 <runtime_init_early_resets+0x20>)
10001858:	4c07      	ldr	r4, [pc, #28]	@ (10001878 <runtime_init_early_resets+0x24>)
1000185a:	4b08      	ldr	r3, [pc, #32]	@ (1000187c <runtime_init_early_resets+0x28>)
1000185c:	4a08      	ldr	r2, [pc, #32]	@ (10001880 <runtime_init_early_resets+0x2c>)
1000185e:	4909      	ldr	r1, [pc, #36]	@ (10001884 <runtime_init_early_resets+0x30>)
10001860:	6004      	str	r4, [r0, #0]
10001862:	601a      	str	r2, [r3, #0]
10001864:	688b      	ldr	r3, [r1, #8]
10001866:	ea32 0303 	bics.w	r3, r2, r3
1000186a:	d1fb      	bne.n	10001864 <runtime_init_early_resets+0x10>
1000186c:	f85d 4b04 	ldr.w	r4, [sp], #4
10001870:	4770      	bx	lr
10001872:	bf00      	nop
10001874:	40022000 	.word	0x40022000
10001878:	efef3b7f 	.word	0xefef3b7f
1000187c:	40023000 	.word	0x40023000
10001880:	03f3fff6 	.word	0x03f3fff6
10001884:	40020000 	.word	0x40020000

10001888 <runtime_init_usb_power_down>:
10001888:	4b04      	ldr	r3, [pc, #16]	@ (1000189c <runtime_init_usb_power_down+0x14>)
1000188a:	6cdb      	ldr	r3, [r3, #76]	@ 0x4c
1000188c:	f5b3 4f00 	cmp.w	r3, #32768	@ 0x8000
10001890:	d103      	bne.n	1000189a <runtime_init_usb_power_down+0x12>
10001892:	f44f 2280 	mov.w	r2, #262144	@ 0x40000
10001896:	4b02      	ldr	r3, [pc, #8]	@ (100018a0 <runtime_init_usb_power_down+0x18>)
10001898:	64da      	str	r2, [r3, #76]	@ 0x4c
1000189a:	4770      	bx	lr
1000189c:	50110000 	.word	0x50110000
100018a0:	50112000 	.word	0x50112000

100018a4 <runtime_init_per_core_enable_coprocessors>:
100018a4:	f04f 22e0 	mov.w	r2, #3758153728	@ 0xe000e000
100018a8:	4b04      	ldr	r3, [pc, #16]	@ (100018bc <runtime_init_per_core_enable_coprocessors+0x18>)
100018aa:	f8d2 1d88 	ldr.w	r1, [r2, #3464]	@ 0xd88
100018ae:	430b      	orrs	r3, r1
100018b0:	f8c2 3d88 	str.w	r3, [r2, #3464]	@ 0xd88
100018b4:	ee10 0430 			dcp_rcmp r0
100018b8:	4770      	bx	lr
100018ba:	bf00      	nop
100018bc:	00300303 	.word	0x00300303

100018c0 <runtime_init_post_clock_resets>:
100018c0:	f06f 4160 	mvn.w	r1, #3758096384	@ 0xe0000000
100018c4:	4b04      	ldr	r3, [pc, #16]	@ (100018d8 <runtime_init_post_clock_resets+0x18>)
100018c6:	4a05      	ldr	r2, [pc, #20]	@ (100018dc <runtime_init_post_clock_resets+0x1c>)
100018c8:	6019      	str	r1, [r3, #0]
100018ca:	6893      	ldr	r3, [r2, #8]
100018cc:	43db      	mvns	r3, r3
100018ce:	f033 4360 	bics.w	r3, r3, #3758096384	@ 0xe0000000
100018d2:	d1fa      	bne.n	100018ca <runtime_init_post_clock_resets+0xa>
100018d4:	4770      	bx	lr
100018d6:	bf00      	nop
100018d8:	40023000 	.word	0x40023000
100018dc:	40020000 	.word	0x40020000

100018e0 <runtime_init_bootrom_reset>:
100018e0:	b510      	push	{r4, lr}
100018e2:	f245 2053 	movw	r0, #21075	@ 0x5253
100018e6:	f7ff ff53 	bl	10001790 <rom_func_lookup>
100018ea:	e8bd 4010 	ldmia.w	sp!, {r4, lr}
100018ee:	4603      	mov	r3, r0
100018f0:	2004      	movs	r0, #4
100018f2:	4718      	bx	r3

100018f4 <runtime_init_per_core_bootrom_reset>:
100018f4:	b510      	push	{r4, lr}
100018f6:	f245 2053 	movw	r0, #21075	@ 0x5253
100018fa:	f7ff ff49 	bl	10001790 <rom_func_lookup>
100018fe:	e8bd 4010 	ldmia.w	sp!, {r4, lr}
10001902:	4603      	mov	r3, r0
10001904:	2001      	movs	r0, #1
10001906:	4718      	bx	r3

10001908 <runtime_init_spin_locks_reset>:
10001908:	f7fe bf20 	b.w	1000074c <spin_locks_reset>

1000190c <runtime_init_install_ram_vector_table>:
1000190c:	4914      	ldr	r1, [pc, #80]	@ (10001960 <runtime_init_install_ram_vector_table+0x54>)
1000190e:	4b15      	ldr	r3, [pc, #84]	@ (10001964 <runtime_init_install_ram_vector_table+0x58>)
10001910:	b570      	push	{r4, r5, r6, lr}
10001912:	1a5c      	subs	r4, r3, r1
10001914:	10a6      	asrs	r6, r4, #2
10001916:	2e44      	cmp	r6, #68	@ 0x44
10001918:	4632      	mov	r2, r6
1000191a:	bf28      	it	cs
1000191c:	2244      	movcs	r2, #68	@ 0x44
1000191e:	4d12      	ldr	r5, [pc, #72]	@ (10001968 <runtime_init_install_ram_vector_table+0x5c>)
10001920:	0092      	lsls	r2, r2, #2
10001922:	4628      	mov	r0, r5
10001924:	f005 fa18 	bl	10006d58 <memcpy>
10001928:	f5b4 7f86 	cmp.w	r4, #268	@ 0x10c
1000192c:	d813      	bhi.n	10001956 <runtime_init_install_ram_vector_table+0x4a>
1000192e:	4a0f      	ldr	r2, [pc, #60]	@ (1000196c <runtime_init_install_ram_vector_table+0x60>)
10001930:	f1c6 0044 	rsb	r0, r6, #68	@ 0x44
10001934:	d012      	beq.n	1000195c <runtime_init_install_ram_vector_table+0x50>
10001936:	192b      	adds	r3, r5, r4
10001938:	0841      	lsrs	r1, r0, #1
1000193a:	eb03 01c1 	add.w	r1, r3, r1, lsl #3
1000193e:	e9c3 2200 	strd	r2, r2, [r3]
10001942:	3308      	adds	r3, #8
10001944:	428b      	cmp	r3, r1
10001946:	d1fa      	bne.n	1000193e <runtime_init_install_ram_vector_table+0x32>
10001948:	07c3      	lsls	r3, r0, #31
1000194a:	d504      	bpl.n	10001956 <runtime_init_install_ram_vector_table+0x4a>
1000194c:	f020 0001 	bic.w	r0, r0, #1
10001950:	4430      	add	r0, r6
10001952:	f845 2020 	str.w	r2, [r5, r0, lsl #2]
10001956:	4b06      	ldr	r3, [pc, #24]	@ (10001970 <runtime_init_install_ram_vector_table+0x64>)
10001958:	609d      	str	r5, [r3, #8]
1000195a:	bd70      	pop	{r4, r5, r6, pc}
1000195c:	2043      	movs	r0, #67	@ 0x43
1000195e:	e7f8      	b.n	10001952 <runtime_init_install_ram_vector_table+0x46>
10001960:	10000000 	.word	0x10000000
10001964:	10000110 	.word	0x10000110
10001968:	20000000 	.word	0x20000000
1000196c:	10000111 	.word	0x10000111
10001970:	e000ed00 	.word	0xe000ed00

10001974 <runtime_init_clocks>:
10001974:	2300      	movs	r3, #0
10001976:	b570      	push	{r4, r5, r6, lr}
10001978:	4c2b      	ldr	r4, [pc, #172]	@ (10001a28 <runtime_init_clocks+0xb4>)
1000197a:	b082      	sub	sp, #8
1000197c:	f8c4 3084 	str.w	r3, [r4, #132]	@ 0x84
10001980:	f7ff ff38 	bl	100017f4 <xosc_init>
10001984:	2201      	movs	r2, #1
10001986:	4b29      	ldr	r3, [pc, #164]	@ (10001a2c <runtime_init_clocks+0xb8>)
10001988:	63da      	str	r2, [r3, #60]	@ 0x3c
1000198a:	6c63      	ldr	r3, [r4, #68]	@ 0x44
1000198c:	2b01      	cmp	r3, #1
1000198e:	d1fc      	bne.n	1000198a <runtime_init_clocks+0x16>
10001990:	2103      	movs	r1, #3
10001992:	4a26      	ldr	r2, [pc, #152]	@ (10001a2c <runtime_init_clocks+0xb8>)
10001994:	4b24      	ldr	r3, [pc, #144]	@ (10001a28 <runtime_init_clocks+0xb4>)
10001996:	6311      	str	r1, [r2, #48]	@ 0x30
10001998:	6b9c      	ldr	r4, [r3, #56]	@ 0x38
1000199a:	2c01      	cmp	r4, #1
1000199c:	d1fc      	bne.n	10001998 <runtime_init_clocks+0x24>
1000199e:	2602      	movs	r6, #2
100019a0:	2505      	movs	r5, #5
100019a2:	4621      	mov	r1, r4
100019a4:	2305      	movs	r3, #5
100019a6:	4a22      	ldr	r2, [pc, #136]	@ (10001a30 <runtime_init_clocks+0xbc>)
100019a8:	4822      	ldr	r0, [pc, #136]	@ (10001a34 <runtime_init_clocks+0xc0>)
100019aa:	9600      	str	r6, [sp, #0]
100019ac:	f7ff fe38 	bl	10001620 <pll_init>
100019b0:	4621      	mov	r1, r4
100019b2:	462b      	mov	r3, r5
100019b4:	4a20      	ldr	r2, [pc, #128]	@ (10001a38 <runtime_init_clocks+0xc4>)
100019b6:	4821      	ldr	r0, [pc, #132]	@ (10001a3c <runtime_init_clocks+0xc8>)
100019b8:	9500      	str	r5, [sp, #0]
100019ba:	f7ff fe31 	bl	10001620 <pll_init>
100019be:	2200      	movs	r2, #0
100019c0:	2004      	movs	r0, #4
100019c2:	4631      	mov	r1, r6
100019c4:	4b1e      	ldr	r3, [pc, #120]	@ (10001a40 <runtime_init_clocks+0xcc>)
100019c6:	f7ff fdbd 	bl	10001544 <clock_configure_undivided>
100019ca:	4621      	mov	r1, r4
100019cc:	4628      	mov	r0, r5
100019ce:	2200      	movs	r2, #0
100019d0:	4b1c      	ldr	r3, [pc, #112]	@ (10001a44 <runtime_init_clocks+0xd0>)
100019d2:	f7ff fdb7 	bl	10001544 <clock_configure_undivided>
100019d6:	2200      	movs	r2, #0
100019d8:	2008      	movs	r0, #8
100019da:	4611      	mov	r1, r2
100019dc:	4b1a      	ldr	r3, [pc, #104]	@ (10001a48 <runtime_init_clocks+0xd4>)
100019de:	f7ff fdb1 	bl	10001544 <clock_configure_undivided>
100019e2:	2200      	movs	r2, #0
100019e4:	2009      	movs	r0, #9
100019e6:	4611      	mov	r1, r2
100019e8:	4b17      	ldr	r3, [pc, #92]	@ (10001a48 <runtime_init_clocks+0xd4>)
100019ea:	f7ff fdab 	bl	10001544 <clock_configure_undivided>
100019ee:	2200      	movs	r2, #0
100019f0:	2006      	movs	r0, #6
100019f2:	4611      	mov	r1, r2
100019f4:	4b13      	ldr	r3, [pc, #76]	@ (10001a44 <runtime_init_clocks+0xd0>)
100019f6:	f7ff fda5 	bl	10001544 <clock_configure_undivided>
100019fa:	2200      	movs	r2, #0
100019fc:	4b11      	ldr	r3, [pc, #68]	@ (10001a44 <runtime_init_clocks+0xd0>)
100019fe:	2007      	movs	r0, #7
10001a00:	4611      	mov	r1, r2
10001a02:	f7ff fd9f 	bl	10001544 <clock_configure_undivided>
10001a06:	2004      	movs	r0, #4
10001a08:	f7ff fe04 	bl	10001614 <clock_get_hz>
10001a0c:	2400      	movs	r4, #0
10001a0e:	4b0f      	ldr	r3, [pc, #60]	@ (10001a4c <runtime_init_clocks+0xd8>)
10001a10:	fba3 3500 	umull	r3, r5, r3, r0
10001a14:	0cad      	lsrs	r5, r5, #18
10001a16:	b2e0      	uxtb	r0, r4
10001a18:	4629      	mov	r1, r5
10001a1a:	3401      	adds	r4, #1
10001a1c:	f7ff fe92 	bl	10001744 <tick_start>
10001a20:	2c06      	cmp	r4, #6
10001a22:	d1f8      	bne.n	10001a16 <runtime_init_clocks+0xa2>
10001a24:	b002      	add	sp, #8
10001a26:	bd70      	pop	{r4, r5, r6, pc}
10001a28:	40010000 	.word	0x40010000
10001a2c:	40013000 	.word	0x40013000
10001a30:	59682f00 	.word	0x59682f00
10001a34:	40050000 	.word	0x40050000
10001a38:	47868c00 	.word	0x47868c00
10001a3c:	40058000 	.word	0x40058000
10001a40:	00b71b00 	.word	0x00b71b00
10001a44:	08f0d180 	.word	0x08f0d180
10001a48:	02dc6c00 	.word	0x02dc6c00
10001a4c:	431bde83 	.word	0x431bde83

10001a50 <generic_save_state>:
10001a50:	b086      	sub	sp, #24
10001a52:	b403      	push	{r0, r1}
10001a54:	fc51 0408 	dcp_pxmd r0, r1
10001a58:	e9cd 0102 	strd	r0, r1, [sp, #8]
10001a5c:	fc51 0409 	dcp_pymd r0, r1
10001a60:	e9cd 0104 	strd	r0, r1, [sp, #16]
10001a64:	ec51 040a 	dcp_refd r0, r1
10001a68:	e9cd 0106 	strd	r0, r1, [sp, #24]
10001a6c:	bc03      	pop	{r0, r1}
10001a6e:	47f0      	blx	lr

10001a70 <generic_restore_state>:
10001a70:	e8bd 5000 	ldmia.w	sp!, {ip, lr}
10001a74:	ec4e c400 	dcp_wxmd ip, lr
10001a78:	e8bd 5000 	ldmia.w	sp!, {ip, lr}
10001a7c:	ec4e c401 	dcp_wymd ip, lr
10001a80:	e8bd 5000 	ldmia.w	sp!, {ip, lr}
10001a84:	ec4e c402 	dcp_wefd ip, lr
10001a88:	bd00      	pop	{pc}
10001a8a:	0000      	movs	r0, r0
10001a8c:	b500      	push	{lr}
10001a8e:	f7ff ffdf 	bl	10001a50 <generic_save_state>
10001a92:	e002      	b.n	10001a9a <__wrap___aeabi_dadd+0x6>

10001a94 <__wrap___aeabi_dadd>:
10001a94:	fe10 f430 	dcp_pcmp APSR_nzcv
10001a98:	d4f8      	bmi.n	10001a8c <generic_restore_state+0x1c>
10001a9a:	ec41 0410 	dcp_wxup r0, r1
10001a9e:	ec43 2411 	dcp_wyup r2, r3
10001aa2:	ee00 0401 			dcp_add0
10001aa6:	ee10 0401 			dcp_add1
10001aaa:	ee80 0420 			dcp_nrdd
10001aae:	ec51 0410 	dcp_rdda r0, r1
10001ab2:	4770      	bx	lr
10001ab4:	b500      	push	{lr}
10001ab6:	f7ff ffcb 	bl	10001a50 <generic_save_state>
10001aba:	e002      	b.n	10001ac2 <__wrap___aeabi_dsub+0x6>

10001abc <__wrap___aeabi_dsub>:
10001abc:	fe10 f430 	dcp_pcmp APSR_nzcv
10001ac0:	d4f8      	bmi.n	10001ab4 <__wrap___aeabi_dadd+0x20>
10001ac2:	ec41 0410 	dcp_wxup r0, r1
10001ac6:	ec43 2411 	dcp_wyup r2, r3
10001aca:	ee00 0401 			dcp_add0
10001ace:	ee10 0421 			dcp_sub1
10001ad2:	ee80 0420 			dcp_nrdd
10001ad6:	ec51 0430 	dcp_rdds r0, r1
10001ada:	4770      	bx	lr
10001adc:	b500      	push	{lr}
10001ade:	f7ff ffb7 	bl	10001a50 <generic_save_state>
10001ae2:	e002      	b.n	10001aea <__wrap___aeabi_dmul+0x6>

10001ae4 <__wrap___aeabi_dmul>:
10001ae4:	fe10 f430 	dcp_pcmp APSR_nzcv
10001ae8:	d4f8      	bmi.n	10001adc <__wrap___aeabi_dsub+0x20>
10001aea:	b510      	push	{r4, lr}
10001aec:	ec41 0410 	dcp_wxup r0, r1
10001af0:	ec43 2411 	dcp_wyup r2, r3
10001af4:	ec51 0404 	dcp_rxms r0, r1, #0x0
10001af8:	ec53 2405 	dcp_ryms r2, r3, #0x0
10001afc:	fba0 4c02 	umull	r4, ip, r0, r2
10001b00:	f05f 0e00 	movs.w	lr, #0
10001b04:	fbe0 ce03 	umlal	ip, lr, r0, r3
10001b08:	fbe1 ce02 	umlal	ip, lr, r1, r2
10001b0c:	ec4c 4420 	dcp_wxms r4, ip
10001b10:	2400      	movs	r4, #0
10001b12:	fbe1 e403 	umlal	lr, r4, r1, r3
10001b16:	ec44 e430 	dcp_wxmo lr, r4
10001b1a:	ee80 0420 			dcp_nrdd
10001b1e:	ec51 0450 	dcp_rddm r0, r1
10001b22:	e8bd 4010 	ldmia.w	sp!, {r4, lr}
10001b26:	4770      	bx	lr
10001b28:	b500      	push	{lr}
10001b2a:	f7ff ff91 	bl	10001a50 <generic_save_state>
10001b2e:	e002      	b.n	10001b36 <__wrap___aeabi_ddiv+0x6>

10001b30 <__wrap___aeabi_ddiv>:
10001b30:	fe10 f430 	dcp_pcmp APSR_nzcv
10001b34:	d4f8      	bmi.n	10001b28 <__wrap___aeabi_dmul+0x44>
10001b36:	ec41 0410 	dcp_wxup r0, r1
10001b3a:	ec43 2411 	dcp_wyup r2, r3
10001b3e:	ec51 0421 	dcp_rymr r0, r1
10001b42:	fba0 1201 	umull	r1, r2, r0, r1
10001b46:	ea6f 0282 	mvn.w	r2, r2, lsl #2
10001b4a:	fb52 0010 	smmlar	r0, r2, r0, r0
10001b4e:	fb52 f212 	smmulr	r2, r2, r2
10001b52:	fb52 0010 	smmlar	r0, r2, r0, r0
10001b56:	eba0 7cd0 	sub.w	ip, r0, r0, lsr #31
10001b5a:	ec53 2404 	dcp_rxms r2, r3, #0x0
10001b5e:	fb5c f113 	smmulr	r1, ip, r3
10001b62:	ec53 2415 	dcp_ryms r2, r3, #0x1
10001b66:	fba1 2002 	umull	r2, r0, r1, r2
10001b6a:	fb01 0003 	mla	r0, r1, r3, r0
10001b6e:	ec53 2444 	dcp_rxms r2, r3, #0x4
10001b72:	eba2 0000 	sub.w	r0, r2, r0
10001b76:	fb50 f21c 	smmulr	r2, r0, ip
10001b7a:	ea4f 1311 	mov.w	r3, r1, lsr #4
10001b7e:	eb12 7001 	adds.w	r0, r2, r1, lsl #28
10001b82:	eb43 71e2 	adc.w	r1, r3, r2, asr #31
10001b86:	ea40 5051 	orr.w	r0, r0, r1, lsr #21
10001b8a:	ea20 5091 	bic.w	r0, r0, r1, lsr #22
10001b8e:	f020 0007 	bic.w	r0, r0, #7
10001b92:	ec53 2475 	dcp_ryms r2, r3, #0x7
10001b96:	fba0 3c02 	umull	r3, ip, r0, r2
10001b9a:	ec53 2475 	dcp_ryms r2, r3, #0x7
10001b9e:	fb00 cc03 	mla	ip, r0, r3, ip
10001ba2:	fb01 cc02 	mla	ip, r1, r2, ip
10001ba6:	ec53 2404 	dcp_rxms r2, r3, #0x0
10001baa:	ebac 4c82 	sub.w	ip, ip, r2, lsl #18
10001bae:	ea40 705c 	orr.w	r0, r0, ip, lsr #29
10001bb2:	f1a0 0001 	sub.w	r0, r0, #1
10001bb6:	ec41 0440 	dcp_wxdd r0, r1
10001bba:	ee80 0420 			dcp_nrdd
10001bbe:	ec51 0470 	dcp_rddd r0, r1
10001bc2:	4770      	bx	lr
10001bc4:	b500      	push	{lr}
10001bc6:	f7ff ff43 	bl	10001a50 <generic_save_state>
10001bca:	e002      	b.n	10001bd2 <__wrap___aeabi_i2d+0x6>

10001bcc <__wrap___aeabi_i2d>:
10001bcc:	fe10 f430 	dcp_pcmp APSR_nzcv
10001bd0:	d4f8      	bmi.n	10001bc4 <__wrap___aeabi_ddiv+0x94>
10001bd2:	ec40 0470 	dcp_wxic r0, r0
10001bd6:	ee00 0401 			dcp_add0
10001bda:	ee10 0421 			dcp_sub1
10001bde:	ee80 0420 			dcp_nrdd
10001be2:	ec51 0430 	dcp_rdds r0, r1
10001be6:	4770      	bx	lr
10001be8:	b500      	push	{lr}
10001bea:	f7ff ff31 	bl	10001a50 <generic_save_state>
10001bee:	e002      	b.n	10001bf6 <__wrap___aeabi_ui2d+0x6>

10001bf0 <__wrap___aeabi_ui2d>:
10001bf0:	fe10 f430 	dcp_pcmp APSR_nzcv
10001bf4:	d4f8      	bmi.n	10001be8 <__wrap___aeabi_i2d+0x1c>
10001bf6:	ec40 0460 	dcp_wxuc r0, r0
10001bfa:	ee00 0401 			dcp_add0
10001bfe:	ee10 0421 			dcp_sub1
10001c02:	ee80 0420 			dcp_nrdd
10001c06:	ec51 0430 	dcp_rdds r0, r1
10001c0a:	4770      	bx	lr
10001c0c:	b500      	push	{lr}
10001c0e:	f7ff ff1f 	bl	10001a50 <generic_save_state>
10001c12:	e002      	b.n	10001c1a <double2int_z_entry>

10001c14 <__wrap___aeabi_d2iz>:
10001c14:	fe10 f430 	dcp_pcmp APSR_nzcv
10001c18:	d4f8      	bmi.n	10001c0c <__wrap___aeabi_ui2d+0x1c>

10001c1a <double2int_z_entry>:
10001c1a:	ec41 0480 	dcp_wxdc r0, r1
10001c1e:	ee00 0401 			dcp_add0
10001c22:	ee10 0401 			dcp_add1
10001c26:	ee80 0440 			dcp_ntdc
10001c2a:	ee10 0413 			dcp_rdic r0
10001c2e:	4770      	bx	lr
10001c30:	b500      	push	{lr}
10001c32:	f7ff ff0d 	bl	10001a50 <generic_save_state>
10001c36:	e002      	b.n	10001c3e <double2uint_z_entry>

10001c38 <__wrap___aeabi_d2uiz>:
10001c38:	fe10 f430 	dcp_pcmp APSR_nzcv
10001c3c:	d4f8      	bmi.n	10001c30 <double2int_z_entry+0x16>

10001c3e <double2uint_z_entry>:
10001c3e:	ec41 0480 	dcp_wxdc r0, r1
10001c42:	ee00 0401 			dcp_add0
10001c46:	ee10 0401 			dcp_add1
10001c4a:	ee80 0440 			dcp_ntdc
10001c4e:	ee10 0433 			dcp_rduc r0
10001c52:	4770      	bx	lr
10001c54:	b500      	push	{lr}
10001c56:	f7ff fefb 	bl	10001a50 <generic_save_state>
10001c5a:	e002      	b.n	10001c62 <__wrap___aeabi_dcmpun+0x6>

10001c5c <__wrap___aeabi_dcmpun>:
10001c5c:	fe10 f430 	dcp_pcmp APSR_nzcv
10001c60:	d4f8      	bmi.n	10001c54 <double2uint_z_entry+0x16>
10001c62:	ec41 0410 	dcp_wxup r0, r1
10001c66:	ec43 2411 	dcp_wyup r2, r3
10001c6a:	ee00 0401 			dcp_add0
10001c6e:	ee10 0430 			dcp_rcmp r0
10001c72:	f3c0 7000 	ubfx	r0, r0, #28, #1
10001c76:	4770      	bx	lr
10001c78:	b500      	push	{lr}
10001c7a:	f7ff fee9 	bl	10001a50 <generic_save_state>
10001c7e:	e002      	b.n	10001c86 <__wrap___aeabi_dcmplt+0x6>

10001c80 <__wrap___aeabi_dcmplt>:
10001c80:	fe10 f430 	dcp_pcmp APSR_nzcv
10001c84:	d4f8      	bmi.n	10001c78 <__wrap___aeabi_dcmpun+0x1c>
10001c86:	ec43 2410 	dcp_wxup r2, r3
10001c8a:	ec41 0411 	dcp_wyup r0, r1
10001c8e:	ee00 0401 			dcp_add0
10001c92:	ee10 f430 			dcp_rcmp APSR_nzcv
10001c96:	bf8c      	ite	hi
10001c98:	2001      	movhi	r0, #1
10001c9a:	2000      	movls	r0, #0
10001c9c:	4770      	bx	lr
10001c9e:	bf00      	nop
10001ca0:	b500      	push	{lr}
10001ca2:	f7ff fed5 	bl	10001a50 <generic_save_state>
10001ca6:	e002      	b.n	10001cae <__wrap___aeabi_dcmple+0x6>

10001ca8 <__wrap___aeabi_dcmple>:
10001ca8:	fe10 f430 	dcp_pcmp APSR_nzcv
10001cac:	d4f8      	bmi.n	10001ca0 <__wrap___aeabi_dcmplt+0x20>
10001cae:	ec43 2410 	dcp_wxup r2, r3
10001cb2:	ec41 0411 	dcp_wyup r0, r1
10001cb6:	ee00 0401 			dcp_add0
10001cba:	ee10 f430 			dcp_rcmp APSR_nzcv
10001cbe:	bf2c      	ite	cs
10001cc0:	2001      	movcs	r0, #1
10001cc2:	2000      	movcc	r0, #0
10001cc4:	4770      	bx	lr
10001cc6:	bf00      	nop
10001cc8:	b500      	push	{lr}
10001cca:	f7ff fec1 	bl	10001a50 <generic_save_state>
10001cce:	e002      	b.n	10001cd6 <__wrap___aeabi_dcmpge+0x6>

10001cd0 <__wrap___aeabi_dcmpge>:
10001cd0:	fe10 f430 	dcp_pcmp APSR_nzcv
10001cd4:	d4f8      	bmi.n	10001cc8 <__wrap___aeabi_dcmple+0x20>
10001cd6:	ec41 0410 	dcp_wxup r0, r1
10001cda:	ec43 2411 	dcp_wyup r2, r3
10001cde:	ee00 0401 			dcp_add0
10001ce2:	ee10 f430 			dcp_rcmp APSR_nzcv
10001ce6:	bf2c      	ite	cs
10001ce8:	2001      	movcs	r0, #1
10001cea:	2000      	movcc	r0, #0
10001cec:	4770      	bx	lr
10001cee:	bf00      	nop
10001cf0:	b500      	push	{lr}
10001cf2:	f7ff fead 	bl	10001a50 <generic_save_state>
10001cf6:	e002      	b.n	10001cfe <__wrap___aeabi_dcmpgt+0x6>

10001cf8 <__wrap___aeabi_dcmpgt>:
10001cf8:	fe10 f430 	dcp_pcmp APSR_nzcv
10001cfc:	d4f8      	bmi.n	10001cf0 <__wrap___aeabi_dcmpge+0x20>
10001cfe:	ec41 0410 	dcp_wxup r0, r1
10001d02:	ec43 2411 	dcp_wyup r2, r3
10001d06:	ee00 0401 			dcp_add0
10001d0a:	ee10 f430 			dcp_rcmp APSR_nzcv
10001d0e:	bf8c      	ite	hi
10001d10:	2001      	movhi	r0, #1
10001d12:	2000      	movls	r0, #0
10001d14:	4770      	bx	lr
10001d16:	bf00      	nop

10001d18 <_out_null>:
10001d18:	4770      	bx	lr
10001d1a:	bf00      	nop

10001d1c <_out_rev>:
10001d1c:	e92d 4ff0 	stmdb	sp!, {r4, r5, r6, r7, r8, r9, sl, fp, lr}
10001d20:	b083      	sub	sp, #12
10001d22:	4699      	mov	r9, r3
10001d24:	e9dd ab0d 	ldrd	sl, fp, [sp, #52]	@ 0x34
10001d28:	9b0f      	ldr	r3, [sp, #60]	@ 0x3c
10001d2a:	4688      	mov	r8, r1
10001d2c:	4611      	mov	r1, r2
10001d2e:	079a      	lsls	r2, r3, #30
10001d30:	4607      	mov	r7, r0
10001d32:	d116      	bne.n	10001d62 <_out_rev+0x46>
10001d34:	45da      	cmp	sl, fp
10001d36:	d23a      	bcs.n	10001dae <_out_rev+0x92>
10001d38:	460c      	mov	r4, r1
10001d3a:	460d      	mov	r5, r1
10001d3c:	ebab 060a 	sub.w	r6, fp, sl
10001d40:	440e      	add	r6, r1
10001d42:	4622      	mov	r2, r4
10001d44:	464b      	mov	r3, r9
10001d46:	4641      	mov	r1, r8
10001d48:	2020      	movs	r0, #32
10001d4a:	3401      	adds	r4, #1
10001d4c:	47b8      	blx	r7
10001d4e:	42b4      	cmp	r4, r6
10001d50:	d1f7      	bne.n	10001d42 <_out_rev+0x26>
10001d52:	4629      	mov	r1, r5
10001d54:	f1ba 0f00 	cmp.w	sl, #0
10001d58:	d108      	bne.n	10001d6c <_out_rev+0x50>
10001d5a:	4620      	mov	r0, r4
10001d5c:	b003      	add	sp, #12
10001d5e:	e8bd 8ff0 	ldmia.w	sp!, {r4, r5, r6, r7, r8, r9, sl, fp, pc}
10001d62:	460c      	mov	r4, r1
10001d64:	f1ba 0f00 	cmp.w	sl, #0
10001d68:	d010      	beq.n	10001d8c <_out_rev+0x70>
10001d6a:	460e      	mov	r6, r1
10001d6c:	4655      	mov	r5, sl
10001d6e:	9b0c      	ldr	r3, [sp, #48]	@ 0x30
10001d70:	442e      	add	r6, r5
10001d72:	449a      	add	sl, r3
10001d74:	9101      	str	r1, [sp, #4]
10001d76:	1b72      	subs	r2, r6, r5
10001d78:	464b      	mov	r3, r9
10001d7a:	3d01      	subs	r5, #1
10001d7c:	4641      	mov	r1, r8
10001d7e:	f81a 0d01 	ldrb.w	r0, [sl, #-1]!
10001d82:	4634      	mov	r4, r6
10001d84:	47b8      	blx	r7
10001d86:	2d00      	cmp	r5, #0
10001d88:	d1f5      	bne.n	10001d76 <_out_rev+0x5a>
10001d8a:	9901      	ldr	r1, [sp, #4]
10001d8c:	9b0f      	ldr	r3, [sp, #60]	@ 0x3c
10001d8e:	079b      	lsls	r3, r3, #30
10001d90:	d5e3      	bpl.n	10001d5a <_out_rev+0x3e>
10001d92:	1a65      	subs	r5, r4, r1
10001d94:	45ab      	cmp	fp, r5
10001d96:	d9e0      	bls.n	10001d5a <_out_rev+0x3e>
10001d98:	4622      	mov	r2, r4
10001d9a:	464b      	mov	r3, r9
10001d9c:	4641      	mov	r1, r8
10001d9e:	2020      	movs	r0, #32
10001da0:	3501      	adds	r5, #1
10001da2:	47b8      	blx	r7
10001da4:	455d      	cmp	r5, fp
10001da6:	f104 0401 	add.w	r4, r4, #1
10001daa:	d3f5      	bcc.n	10001d98 <_out_rev+0x7c>
10001dac:	e7d5      	b.n	10001d5a <_out_rev+0x3e>
10001dae:	460c      	mov	r4, r1
10001db0:	f1ba 0f00 	cmp.w	sl, #0
10001db4:	d1d9      	bne.n	10001d6a <_out_rev+0x4e>
10001db6:	e7d0      	b.n	10001d5a <_out_rev+0x3e>

10001db8 <_ntoa_format>:
10001db8:	e92d 4ff0 	stmdb	sp!, {r4, r5, r6, r7, r8, r9, sl, fp, lr}
10001dbc:	9f0f      	ldr	r7, [sp, #60]	@ 0x3c
10001dbe:	f8dd 8024 	ldr.w	r8, [sp, #36]	@ 0x24
10001dc2:	f017 0f02 	tst.w	r7, #2
10001dc6:	9c0a      	ldr	r4, [sp, #40]	@ 0x28
10001dc8:	f89d a02c 	ldrb.w	sl, [sp, #44]	@ 0x2c
10001dcc:	9d0e      	ldr	r5, [sp, #56]	@ 0x38
10001dce:	e9dd 960c 	ldrd	r9, r6, [sp, #48]	@ 0x30
10001dd2:	d144      	bne.n	10001e5e <_ntoa_format+0xa6>
10001dd4:	bbf5      	cbnz	r5, 10001e54 <_ntoa_format+0x9c>
10001dd6:	42b4      	cmp	r4, r6
10001dd8:	d241      	bcs.n	10001e5e <_ntoa_format+0xa6>
10001dda:	f007 0b01 	and.w	fp, r7, #1
10001dde:	f104 3cff 	add.w	ip, r4, #4294967295
10001de2:	f04f 0e30 	mov.w	lr, #48	@ 0x30
10001de6:	44c4      	add	ip, r8
10001de8:	e004      	b.n	10001df4 <_ntoa_format+0x3c>
10001dea:	3401      	adds	r4, #1
10001dec:	42a6      	cmp	r6, r4
10001dee:	f80c ef01 	strb.w	lr, [ip, #1]!
10001df2:	d901      	bls.n	10001df8 <_ntoa_format+0x40>
10001df4:	2c20      	cmp	r4, #32
10001df6:	d1f8      	bne.n	10001dea <_ntoa_format+0x32>
10001df8:	f1bb 0f00 	cmp.w	fp, #0
10001dfc:	f000 8088 	beq.w	10001f10 <_ntoa_format+0x158>
10001e00:	42a5      	cmp	r5, r4
10001e02:	d92c      	bls.n	10001e5e <_ntoa_format+0xa6>
10001e04:	f104 3cff 	add.w	ip, r4, #4294967295
10001e08:	f04f 0e30 	mov.w	lr, #48	@ 0x30
10001e0c:	44c4      	add	ip, r8
10001e0e:	e004      	b.n	10001e1a <_ntoa_format+0x62>
10001e10:	3401      	adds	r4, #1
10001e12:	42ac      	cmp	r4, r5
10001e14:	f80c ef01 	strb.w	lr, [ip, #1]!
10001e18:	d021      	beq.n	10001e5e <_ntoa_format+0xa6>
10001e1a:	2c20      	cmp	r4, #32
10001e1c:	d1f8      	bne.n	10001e10 <_ntoa_format+0x58>
10001e1e:	f017 0f10 	tst.w	r7, #16
10001e22:	d00e      	beq.n	10001e42 <_ntoa_format+0x8a>
10001e24:	f417 6f80 	tst.w	r7, #1024	@ 0x400
10001e28:	d154      	bne.n	10001ed4 <_ntoa_format+0x11c>
10001e2a:	42a6      	cmp	r6, r4
10001e2c:	d063      	beq.n	10001ef6 <_ntoa_format+0x13e>
10001e2e:	42a5      	cmp	r5, r4
10001e30:	d061      	beq.n	10001ef6 <_ntoa_format+0x13e>
10001e32:	f1b9 0f10 	cmp.w	r9, #16
10001e36:	d050      	beq.n	10001eda <_ntoa_format+0x122>
10001e38:	f1b9 0f02 	cmp.w	r9, #2
10001e3c:	d056      	beq.n	10001eec <_ntoa_format+0x134>
10001e3e:	2c20      	cmp	r4, #32
10001e40:	d129      	bne.n	10001e96 <_ntoa_format+0xde>
10001e42:	2420      	movs	r4, #32
10001e44:	e9cd 570b 	strd	r5, r7, [sp, #44]	@ 0x2c
10001e48:	e9cd 8409 	strd	r8, r4, [sp, #36]	@ 0x24
10001e4c:	e8bd 4ff0 	ldmia.w	sp!, {r4, r5, r6, r7, r8, r9, sl, fp, lr}
10001e50:	f7ff bf64 	b.w	10001d1c <_out_rev>
10001e54:	f017 0b01 	ands.w	fp, r7, #1
10001e58:	d134      	bne.n	10001ec4 <_ntoa_format+0x10c>
10001e5a:	42b4      	cmp	r4, r6
10001e5c:	d3bf      	bcc.n	10001dde <_ntoa_format+0x26>
10001e5e:	f017 0f10 	tst.w	r7, #16
10001e62:	d01e      	beq.n	10001ea2 <_ntoa_format+0xea>
10001e64:	f417 6f80 	tst.w	r7, #1024	@ 0x400
10001e68:	d1e3      	bne.n	10001e32 <_ntoa_format+0x7a>
10001e6a:	2c00      	cmp	r4, #0
10001e6c:	d1dd      	bne.n	10001e2a <_ntoa_format+0x72>
10001e6e:	f1b9 0f10 	cmp.w	r9, #16
10001e72:	d063      	beq.n	10001f3c <_ntoa_format+0x184>
10001e74:	f1b9 0f02 	cmp.w	r9, #2
10001e78:	d077      	beq.n	10001f6a <_ntoa_format+0x1b2>
10001e7a:	2430      	movs	r4, #48	@ 0x30
10001e7c:	f888 4000 	strb.w	r4, [r8]
10001e80:	2401      	movs	r4, #1
10001e82:	f1ba 0f00 	cmp.w	sl, #0
10001e86:	d111      	bne.n	10001eac <_ntoa_format+0xf4>
10001e88:	077e      	lsls	r6, r7, #29
10001e8a:	d548      	bpl.n	10001f1e <_ntoa_format+0x166>
10001e8c:	262b      	movs	r6, #43	@ 0x2b
10001e8e:	f808 6004 	strb.w	r6, [r8, r4]
10001e92:	3401      	adds	r4, #1
10001e94:	e7d6      	b.n	10001e44 <_ntoa_format+0x8c>
10001e96:	4626      	mov	r6, r4
10001e98:	3401      	adds	r4, #1
10001e9a:	f04f 0c30 	mov.w	ip, #48	@ 0x30
10001e9e:	f808 c006 	strb.w	ip, [r8, r6]
10001ea2:	2c20      	cmp	r4, #32
10001ea4:	d0cd      	beq.n	10001e42 <_ntoa_format+0x8a>
10001ea6:	f1ba 0f00 	cmp.w	sl, #0
10001eaa:	d0ed      	beq.n	10001e88 <_ntoa_format+0xd0>
10001eac:	262d      	movs	r6, #45	@ 0x2d
10001eae:	f808 6004 	strb.w	r6, [r8, r4]
10001eb2:	3401      	adds	r4, #1
10001eb4:	e9cd 570b 	strd	r5, r7, [sp, #44]	@ 0x2c
10001eb8:	e9cd 8409 	strd	r8, r4, [sp, #36]	@ 0x24
10001ebc:	e8bd 4ff0 	ldmia.w	sp!, {r4, r5, r6, r7, r8, r9, sl, fp, lr}
10001ec0:	f7ff bf2c 	b.w	10001d1c <_out_rev>
10001ec4:	f1ba 0f00 	cmp.w	sl, #0
10001ec8:	d030      	beq.n	10001f2c <_ntoa_format+0x174>
10001eca:	42b4      	cmp	r4, r6
10001ecc:	f105 35ff 	add.w	r5, r5, #4294967295
10001ed0:	d385      	bcc.n	10001dde <_ntoa_format+0x26>
10001ed2:	e795      	b.n	10001e00 <_ntoa_format+0x48>
10001ed4:	f1b9 0f10 	cmp.w	r9, #16
10001ed8:	d1b3      	bne.n	10001e42 <_ntoa_format+0x8a>
10001eda:	06be      	lsls	r6, r7, #26
10001edc:	d53b      	bpl.n	10001f56 <_ntoa_format+0x19e>
10001ede:	2c20      	cmp	r4, #32
10001ee0:	d0af      	beq.n	10001e42 <_ntoa_format+0x8a>
10001ee2:	2658      	movs	r6, #88	@ 0x58
10001ee4:	f808 6004 	strb.w	r6, [r8, r4]
10001ee8:	3401      	adds	r4, #1
10001eea:	e7a8      	b.n	10001e3e <_ntoa_format+0x86>
10001eec:	2c20      	cmp	r4, #32
10001eee:	d0a8      	beq.n	10001e42 <_ntoa_format+0x8a>
10001ef0:	4626      	mov	r6, r4
10001ef2:	3401      	adds	r4, #1
10001ef4:	e007      	b.n	10001f06 <_ntoa_format+0x14e>
10001ef6:	1e66      	subs	r6, r4, #1
10001ef8:	d0b9      	beq.n	10001e6e <_ntoa_format+0xb6>
10001efa:	f1b9 0f10 	cmp.w	r9, #16
10001efe:	d036      	beq.n	10001f6e <_ntoa_format+0x1b6>
10001f00:	f1b9 0f02 	cmp.w	r9, #2
10001f04:	d1c9      	bne.n	10001e9a <_ntoa_format+0xe2>
10001f06:	f04f 0c62 	mov.w	ip, #98	@ 0x62
10001f0a:	f808 c006 	strb.w	ip, [r8, r6]
10001f0e:	e796      	b.n	10001e3e <_ntoa_format+0x86>
10001f10:	f017 0f10 	tst.w	r7, #16
10001f14:	d0c5      	beq.n	10001ea2 <_ntoa_format+0xea>
10001f16:	f417 6f80 	tst.w	r7, #1024	@ 0x400
10001f1a:	d086      	beq.n	10001e2a <_ntoa_format+0x72>
10001f1c:	e789      	b.n	10001e32 <_ntoa_format+0x7a>
10001f1e:	073e      	lsls	r6, r7, #28
10001f20:	d590      	bpl.n	10001e44 <_ntoa_format+0x8c>
10001f22:	2620      	movs	r6, #32
10001f24:	f808 6004 	strb.w	r6, [r8, r4]
10001f28:	3401      	adds	r4, #1
10001f2a:	e78b      	b.n	10001e44 <_ntoa_format+0x8c>
10001f2c:	f017 0f0c 	tst.w	r7, #12
10001f30:	d000      	beq.n	10001f34 <_ntoa_format+0x17c>
10001f32:	3d01      	subs	r5, #1
10001f34:	42b4      	cmp	r4, r6
10001f36:	f4ff af52 	bcc.w	10001dde <_ntoa_format+0x26>
10001f3a:	e761      	b.n	10001e00 <_ntoa_format+0x48>
10001f3c:	06bc      	lsls	r4, r7, #26
10001f3e:	d412      	bmi.n	10001f66 <_ntoa_format+0x1ae>
10001f40:	2478      	movs	r4, #120	@ 0x78
10001f42:	f888 4000 	strb.w	r4, [r8]
10001f46:	2430      	movs	r4, #48	@ 0x30
10001f48:	f888 4001 	strb.w	r4, [r8, #1]
10001f4c:	2402      	movs	r4, #2
10001f4e:	f1ba 0f00 	cmp.w	sl, #0
10001f52:	d099      	beq.n	10001e88 <_ntoa_format+0xd0>
10001f54:	e7aa      	b.n	10001eac <_ntoa_format+0xf4>
10001f56:	2c20      	cmp	r4, #32
10001f58:	f43f af73 	beq.w	10001e42 <_ntoa_format+0x8a>
10001f5c:	2678      	movs	r6, #120	@ 0x78
10001f5e:	f808 6004 	strb.w	r6, [r8, r4]
10001f62:	3401      	adds	r4, #1
10001f64:	e76b      	b.n	10001e3e <_ntoa_format+0x86>
10001f66:	2458      	movs	r4, #88	@ 0x58
10001f68:	e7eb      	b.n	10001f42 <_ntoa_format+0x18a>
10001f6a:	2462      	movs	r4, #98	@ 0x62
10001f6c:	e7e9      	b.n	10001f42 <_ntoa_format+0x18a>
10001f6e:	f017 0f20 	tst.w	r7, #32
10001f72:	f1a4 0c02 	sub.w	ip, r4, #2
10001f76:	d004      	beq.n	10001f82 <_ntoa_format+0x1ca>
10001f78:	f04f 0e58 	mov.w	lr, #88	@ 0x58
10001f7c:	f808 e00c 	strb.w	lr, [r8, ip]
10001f80:	e78b      	b.n	10001e9a <_ntoa_format+0xe2>
10001f82:	f04f 0e78 	mov.w	lr, #120	@ 0x78
10001f86:	f808 e00c 	strb.w	lr, [r8, ip]
10001f8a:	e786      	b.n	10001e9a <_ntoa_format+0xe2>

10001f8c <_out_char>:
10001f8c:	b900      	cbnz	r0, 10001f90 <_out_char+0x4>
10001f8e:	4770      	bx	lr
10001f90:	f001 bb6e 	b.w	10003670 <__wrap_putchar>

10001f94 <_out_fct>:
10001f94:	b110      	cbz	r0, 10001f9c <_out_fct+0x8>
10001f96:	e9d1 3100 	ldrd	r3, r1, [r1]
10001f9a:	4718      	bx	r3
10001f9c:	4770      	bx	lr
10001f9e:	bf00      	nop

10001fa0 <_ftoa>:
10001fa0:	e92d 4ff0 	stmdb	sp!, {r4, r5, r6, r7, r8, r9, sl, fp, lr}
10001fa4:	b097      	sub	sp, #92	@ 0x5c
10001fa6:	ed9d 7b20 	vldr	d7, [sp, #128]	@ 0x80
10001faa:	e9dd 5b22 	ldrd	r5, fp, [sp, #136]	@ 0x88
10001fae:	4607      	mov	r7, r0
10001fb0:	4688      	mov	r8, r1
10001fb2:	ec51 0b17 	vmov	r0, r1, d7
10001fb6:	9c24      	ldr	r4, [sp, #144]	@ 0x90
10001fb8:	4699      	mov	r9, r3
10001fba:	920c      	str	r2, [sp, #48]	@ 0x30
10001fbc:	460b      	mov	r3, r1
10001fbe:	4602      	mov	r2, r0
10001fc0:	ed8d 7b04 	vstr	d7, [sp, #16]
10001fc4:	9407      	str	r4, [sp, #28]
10001fc6:	f7ff fe49 	bl	10001c5c <__wrap___aeabi_dcmpun>
10001fca:	2800      	cmp	r0, #0
10001fcc:	f040 81f4 	bne.w	100023b8 <_ftoa+0x418>
10001fd0:	e9dd 0104 	ldrd	r0, r1, [sp, #16]
10001fd4:	f04f 32ff 	mov.w	r2, #4294967295
10001fd8:	f46f 1380 	mvn.w	r3, #1048576	@ 0x100000
10001fdc:	f7ff fe50 	bl	10001c80 <__wrap___aeabi_dcmplt>
10001fe0:	2800      	cmp	r0, #0
10001fe2:	f040 811b 	bne.w	1000221c <_ftoa+0x27c>
10001fe6:	e9dd 0104 	ldrd	r0, r1, [sp, #16]
10001fea:	f04f 32ff 	mov.w	r2, #4294967295
10001fee:	4bac      	ldr	r3, [pc, #688]	@ (100022a0 <_ftoa+0x300>)
10001ff0:	f7ff fe82 	bl	10001cf8 <__wrap___aeabi_dcmpgt>
10001ff4:	2800      	cmp	r0, #0
10001ff6:	f040 80ee 	bne.w	100021d6 <_ftoa+0x236>
10001ffa:	e9dd 0104 	ldrd	r0, r1, [sp, #16]
10001ffe:	a3a4      	add	r3, pc, #656	@ (adr r3, 10002290 <_ftoa+0x2f0>)
10002000:	e9d3 2300 	ldrd	r2, r3, [r3]
10002004:	f7ff fe78 	bl	10001cf8 <__wrap___aeabi_dcmpgt>
10002008:	2800      	cmp	r0, #0
1000200a:	f040 80d3 	bne.w	100021b4 <_ftoa+0x214>
1000200e:	e9dd 0104 	ldrd	r0, r1, [sp, #16]
10002012:	a3a1      	add	r3, pc, #644	@ (adr r3, 10002298 <_ftoa+0x2f8>)
10002014:	e9d3 2300 	ldrd	r2, r3, [r3]
10002018:	f7ff fe32 	bl	10001c80 <__wrap___aeabi_dcmplt>
1000201c:	2800      	cmp	r0, #0
1000201e:	f040 80c9 	bne.w	100021b4 <_ftoa+0x214>
10002022:	e9dd 0104 	ldrd	r0, r1, [sp, #16]
10002026:	2200      	movs	r2, #0
10002028:	2300      	movs	r3, #0
1000202a:	f7ff fe29 	bl	10001c80 <__wrap___aeabi_dcmplt>
1000202e:	2800      	cmp	r0, #0
10002030:	f040 80e8 	bne.w	10002204 <_ftoa+0x264>
10002034:	4623      	mov	r3, r4
10002036:	900d      	str	r0, [sp, #52]	@ 0x34
10002038:	f413 6f80 	tst.w	r3, #1024	@ 0x400
1000203c:	bf08      	it	eq
1000203e:	2506      	moveq	r5, #6
10002040:	2130      	movs	r1, #48	@ 0x30
10002042:	462b      	mov	r3, r5
10002044:	aa0e      	add	r2, sp, #56	@ 0x38
10002046:	f1a5 0620 	sub.w	r6, r5, #32
1000204a:	e005      	b.n	10002058 <_ftoa+0xb8>
1000204c:	3b01      	subs	r3, #1
1000204e:	42b3      	cmp	r3, r6
10002050:	f802 1b01 	strb.w	r1, [r2], #1
10002054:	f000 8193 	beq.w	1000237e <_ftoa+0x3de>
10002058:	2b09      	cmp	r3, #9
1000205a:	d8f7      	bhi.n	1000204c <_ftoa+0xac>
1000205c:	461e      	mov	r6, r3
1000205e:	1aed      	subs	r5, r5, r3
10002060:	e9dd 0104 	ldrd	r0, r1, [sp, #16]
10002064:	f7ff fdd6 	bl	10001c14 <__wrap___aeabi_d2iz>
10002068:	4b8e      	ldr	r3, [pc, #568]	@ (100022a4 <_ftoa+0x304>)
1000206a:	4604      	mov	r4, r0
1000206c:	eb03 03c6 	add.w	r3, r3, r6, lsl #3
10002070:	ed93 7b00 	vldr	d7, [r3]
10002074:	ed8d 7b08 	vstr	d7, [sp, #32]
10002078:	f7ff fda8 	bl	10001bcc <__wrap___aeabi_i2d>
1000207c:	4602      	mov	r2, r0
1000207e:	460b      	mov	r3, r1
10002080:	e9dd 0104 	ldrd	r0, r1, [sp, #16]
10002084:	f7ff fd1a 	bl	10001abc <__wrap___aeabi_dsub>
10002088:	e9dd 2308 	ldrd	r2, r3, [sp, #32]
1000208c:	f7ff fd2a 	bl	10001ae4 <__wrap___aeabi_dmul>
10002090:	4602      	mov	r2, r0
10002092:	460b      	mov	r3, r1
10002094:	e9cd 230a 	strd	r2, r3, [sp, #40]	@ 0x28
10002098:	f7ff fdce 	bl	10001c38 <__wrap___aeabi_d2uiz>
1000209c:	4682      	mov	sl, r0
1000209e:	f7ff fda7 	bl	10001bf0 <__wrap___aeabi_ui2d>
100020a2:	4602      	mov	r2, r0
100020a4:	460b      	mov	r3, r1
100020a6:	e9dd 010a 	ldrd	r0, r1, [sp, #40]	@ 0x28
100020aa:	f7ff fd07 	bl	10001abc <__wrap___aeabi_dsub>
100020ae:	4602      	mov	r2, r0
100020b0:	460b      	mov	r3, r1
100020b2:	e9cd 230a 	strd	r2, r3, [sp, #40]	@ 0x28
100020b6:	2200      	movs	r2, #0
100020b8:	4b7b      	ldr	r3, [pc, #492]	@ (100022a8 <_ftoa+0x308>)
100020ba:	f7ff fe1d 	bl	10001cf8 <__wrap___aeabi_dcmpgt>
100020be:	2800      	cmp	r0, #0
100020c0:	f000 80fe 	beq.w	100022c0 <_ftoa+0x320>
100020c4:	f10a 0a01 	add.w	sl, sl, #1
100020c8:	4650      	mov	r0, sl
100020ca:	f7ff fd91 	bl	10001bf0 <__wrap___aeabi_ui2d>
100020ce:	4602      	mov	r2, r0
100020d0:	460b      	mov	r3, r1
100020d2:	e9dd 0108 	ldrd	r0, r1, [sp, #32]
100020d6:	f7ff fde7 	bl	10001ca8 <__wrap___aeabi_dcmple>
100020da:	b110      	cbz	r0, 100020e2 <_ftoa+0x142>
100020dc:	f04f 0a00 	mov.w	sl, #0
100020e0:	3401      	adds	r4, #1
100020e2:	2e00      	cmp	r6, #0
100020e4:	f000 80fd 	beq.w	100022e2 <_ftoa+0x342>
100020e8:	1e68      	subs	r0, r5, #1
100020ea:	ab0e      	add	r3, sp, #56	@ 0x38
100020ec:	f8df c1cc 	ldr.w	ip, [pc, #460]	@ 100022bc <_ftoa+0x31c>
100020f0:	4418      	add	r0, r3
100020f2:	e00f      	b.n	10002114 <_ftoa+0x174>
100020f4:	fbac 210a 	umull	r2, r1, ip, sl
100020f8:	08c9      	lsrs	r1, r1, #3
100020fa:	eb01 0281 	add.w	r2, r1, r1, lsl #2
100020fe:	ebaa 0242 	sub.w	r2, sl, r2, lsl #1
10002102:	3230      	adds	r2, #48	@ 0x30
10002104:	f1ba 0f09 	cmp.w	sl, #9
10002108:	f800 2f01 	strb.w	r2, [r0, #1]!
1000210c:	f240 811c 	bls.w	10002348 <_ftoa+0x3a8>
10002110:	468a      	mov	sl, r1
10002112:	461d      	mov	r5, r3
10002114:	2d20      	cmp	r5, #32
10002116:	f105 0301 	add.w	r3, r5, #1
1000211a:	f106 36ff 	add.w	r6, r6, #4294967295
1000211e:	d1e9      	bne.n	100020f4 <_ftoa+0x154>
10002120:	2520      	movs	r5, #32
10002122:	1e69      	subs	r1, r5, #1
10002124:	ab0e      	add	r3, sp, #56	@ 0x38
10002126:	4861      	ldr	r0, [pc, #388]	@ (100022ac <_ftoa+0x30c>)
10002128:	4419      	add	r1, r3
1000212a:	e010      	b.n	1000214e <_ftoa+0x1ae>
1000212c:	fb80 6204 	smull	r6, r2, r0, r4
10002130:	ebc3 03a2 	rsb	r3, r3, r2, asr #2
10002134:	eb03 0283 	add.w	r2, r3, r3, lsl #2
10002138:	eba4 0442 	sub.w	r4, r4, r2, lsl #1
1000213c:	f104 0230 	add.w	r2, r4, #48	@ 0x30
10002140:	3501      	adds	r5, #1
10002142:	461c      	mov	r4, r3
10002144:	f801 2f01 	strb.w	r2, [r1, #1]!
10002148:	2b00      	cmp	r3, #0
1000214a:	f000 80eb 	beq.w	10002324 <_ftoa+0x384>
1000214e:	2d20      	cmp	r5, #32
10002150:	ea4f 73e4 	mov.w	r3, r4, asr #31
10002154:	d1ea      	bne.n	1000212c <_ftoa+0x18c>
10002156:	9b07      	ldr	r3, [sp, #28]
10002158:	f003 0303 	and.w	r3, r3, #3
1000215c:	2b01      	cmp	r3, #1
1000215e:	d118      	bne.n	10002192 <_ftoa+0x1f2>
10002160:	f1bb 0f00 	cmp.w	fp, #0
10002164:	d015      	beq.n	10002192 <_ftoa+0x1f2>
10002166:	9b0d      	ldr	r3, [sp, #52]	@ 0x34
10002168:	2b00      	cmp	r3, #0
1000216a:	f000 810a 	beq.w	10002382 <_ftoa+0x3e2>
1000216e:	f10b 3bff 	add.w	fp, fp, #4294967295
10002172:	f1bb 0f20 	cmp.w	fp, #32
10002176:	d90c      	bls.n	10002192 <_ftoa+0x1f2>
10002178:	1e6b      	subs	r3, r5, #1
1000217a:	a90e      	add	r1, sp, #56	@ 0x38
1000217c:	2230      	movs	r2, #48	@ 0x30
1000217e:	440b      	add	r3, r1
10002180:	e005      	b.n	1000218e <_ftoa+0x1ee>
10002182:	3501      	adds	r5, #1
10002184:	455d      	cmp	r5, fp
10002186:	f803 2f01 	strb.w	r2, [r3, #1]!
1000218a:	f080 80d1 	bcs.w	10002330 <_ftoa+0x390>
1000218e:	2d20      	cmp	r5, #32
10002190:	d1f7      	bne.n	10002182 <_ftoa+0x1e2>
10002192:	9b07      	ldr	r3, [sp, #28]
10002194:	ac0e      	add	r4, sp, #56	@ 0x38
10002196:	e9cd b302 	strd	fp, r3, [sp, #8]
1000219a:	4641      	mov	r1, r8
1000219c:	464b      	mov	r3, r9
1000219e:	4638      	mov	r0, r7
100021a0:	9a0c      	ldr	r2, [sp, #48]	@ 0x30
100021a2:	9501      	str	r5, [sp, #4]
100021a4:	9400      	str	r4, [sp, #0]
100021a6:	f7ff fdb9 	bl	10001d1c <_out_rev>
100021aa:	4682      	mov	sl, r0
100021ac:	4650      	mov	r0, sl
100021ae:	b017      	add	sp, #92	@ 0x5c
100021b0:	e8bd 8ff0 	ldmia.w	sp!, {r4, r5, r6, r7, r8, r9, sl, fp, pc}
100021b4:	9b07      	ldr	r3, [sp, #28]
100021b6:	ed9d 7b04 	vldr	d7, [sp, #16]
100021ba:	e9cd b323 	strd	fp, r3, [sp, #140]	@ 0x8c
100021be:	4641      	mov	r1, r8
100021c0:	464b      	mov	r3, r9
100021c2:	4638      	mov	r0, r7
100021c4:	9a0c      	ldr	r2, [sp, #48]	@ 0x30
100021c6:	ed8d 7b20 	vstr	d7, [sp, #128]	@ 0x80
100021ca:	9522      	str	r5, [sp, #136]	@ 0x88
100021cc:	b017      	add	sp, #92	@ 0x5c
100021ce:	e8bd 4ff0 	ldmia.w	sp!, {r4, r5, r6, r7, r8, r9, sl, fp, lr}
100021d2:	f000 b945 	b.w	10002460 <_etoa>
100021d6:	0761      	lsls	r1, r4, #29
100021d8:	4623      	mov	r3, r4
100021da:	bf4c      	ite	mi
100021dc:	2304      	movmi	r3, #4
100021de:	2303      	movpl	r3, #3
100021e0:	4641      	mov	r1, r8
100021e2:	9321      	str	r3, [sp, #132]	@ 0x84
100021e4:	4638      	mov	r0, r7
100021e6:	464b      	mov	r3, r9
100021e8:	9a07      	ldr	r2, [sp, #28]
100021ea:	bf48      	it	mi
100021ec:	4c30      	ldrmi	r4, [pc, #192]	@ (100022b0 <_ftoa+0x310>)
100021ee:	e9cd b222 	strd	fp, r2, [sp, #136]	@ 0x88
100021f2:	bf58      	it	pl
100021f4:	4c2f      	ldrpl	r4, [pc, #188]	@ (100022b4 <_ftoa+0x314>)
100021f6:	9a0c      	ldr	r2, [sp, #48]	@ 0x30
100021f8:	9420      	str	r4, [sp, #128]	@ 0x80
100021fa:	b017      	add	sp, #92	@ 0x5c
100021fc:	e8bd 4ff0 	ldmia.w	sp!, {r4, r5, r6, r7, r8, r9, sl, fp, lr}
10002200:	f7ff bd8c 	b.w	10001d1c <_out_rev>
10002204:	e9dd 2304 	ldrd	r2, r3, [sp, #16]
10002208:	2000      	movs	r0, #0
1000220a:	2100      	movs	r1, #0
1000220c:	f7ff fc56 	bl	10001abc <__wrap___aeabi_dsub>
10002210:	2301      	movs	r3, #1
10002212:	e9cd 0104 	strd	r0, r1, [sp, #16]
10002216:	930d      	str	r3, [sp, #52]	@ 0x34
10002218:	4623      	mov	r3, r4
1000221a:	e70d      	b.n	10002038 <_ftoa+0x98>
1000221c:	4623      	mov	r3, r4
1000221e:	079c      	lsls	r4, r3, #30
10002220:	f040 80aa 	bne.w	10002378 <_ftoa+0x3d8>
10002224:	f1bb 0f04 	cmp.w	fp, #4
10002228:	f240 80a6 	bls.w	10002378 <_ftoa+0x3d8>
1000222c:	9b0c      	ldr	r3, [sp, #48]	@ 0x30
1000222e:	461d      	mov	r5, r3
10002230:	1f1c      	subs	r4, r3, #4
10002232:	eb04 0a0b 	add.w	sl, r4, fp
10002236:	462a      	mov	r2, r5
10002238:	464b      	mov	r3, r9
1000223a:	4641      	mov	r1, r8
1000223c:	2020      	movs	r0, #32
1000223e:	3501      	adds	r5, #1
10002240:	47b8      	blx	r7
10002242:	45aa      	cmp	sl, r5
10002244:	d1f7      	bne.n	10002236 <_ftoa+0x296>
10002246:	4655      	mov	r5, sl
10002248:	4c1b      	ldr	r4, [pc, #108]	@ (100022b8 <_ftoa+0x318>)
1000224a:	1f26      	subs	r6, r4, #4
1000224c:	f814 0d01 	ldrb.w	r0, [r4, #-1]!
10002250:	462a      	mov	r2, r5
10002252:	464b      	mov	r3, r9
10002254:	4641      	mov	r1, r8
10002256:	47b8      	blx	r7
10002258:	42b4      	cmp	r4, r6
1000225a:	f105 0501 	add.w	r5, r5, #1
1000225e:	d1f5      	bne.n	1000224c <_ftoa+0x2ac>
10002260:	9b07      	ldr	r3, [sp, #28]
10002262:	f10a 0a04 	add.w	sl, sl, #4
10002266:	0798      	lsls	r0, r3, #30
10002268:	d5a0      	bpl.n	100021ac <_ftoa+0x20c>
1000226a:	9c0c      	ldr	r4, [sp, #48]	@ 0x30
1000226c:	ebaa 0304 	sub.w	r3, sl, r4
10002270:	459b      	cmp	fp, r3
10002272:	d99b      	bls.n	100021ac <_ftoa+0x20c>
10002274:	4652      	mov	r2, sl
10002276:	464b      	mov	r3, r9
10002278:	4641      	mov	r1, r8
1000227a:	2020      	movs	r0, #32
1000227c:	f10a 0a01 	add.w	sl, sl, #1
10002280:	47b8      	blx	r7
10002282:	ebaa 0304 	sub.w	r3, sl, r4
10002286:	455b      	cmp	r3, fp
10002288:	d3f4      	bcc.n	10002274 <_ftoa+0x2d4>
1000228a:	e78f      	b.n	100021ac <_ftoa+0x20c>
1000228c:	f3af 8000 	nop.w
10002290:	00000000 	.word	0x00000000
10002294:	41cdcd65 	.word	0x41cdcd65
10002298:	00000000 	.word	0x00000000
1000229c:	c1cdcd65 	.word	0xc1cdcd65
100022a0:	7fefffff 	.word	0x7fefffff
100022a4:	10007168 	.word	0x10007168
100022a8:	3fe00000 	.word	0x3fe00000
100022ac:	66666667 	.word	0x66666667
100022b0:	10007050 	.word	0x10007050
100022b4:	10007058 	.word	0x10007058
100022b8:	10007064 	.word	0x10007064
100022bc:	cccccccd 	.word	0xcccccccd
100022c0:	2200      	movs	r2, #0
100022c2:	e9dd 010a 	ldrd	r0, r1, [sp, #40]	@ 0x28
100022c6:	4b63      	ldr	r3, [pc, #396]	@ (10002454 <_ftoa+0x4b4>)
100022c8:	f7ff fcda 	bl	10001c80 <__wrap___aeabi_dcmplt>
100022cc:	2800      	cmp	r0, #0
100022ce:	f47f af08 	bne.w	100020e2 <_ftoa+0x142>
100022d2:	f1ba 0f00 	cmp.w	sl, #0
100022d6:	d16a      	bne.n	100023ae <_ftoa+0x40e>
100022d8:	f10a 0a01 	add.w	sl, sl, #1
100022dc:	2e00      	cmp	r6, #0
100022de:	f47f af03 	bne.w	100020e8 <_ftoa+0x148>
100022e2:	4620      	mov	r0, r4
100022e4:	f7ff fc72 	bl	10001bcc <__wrap___aeabi_i2d>
100022e8:	4602      	mov	r2, r0
100022ea:	460b      	mov	r3, r1
100022ec:	e9dd 0104 	ldrd	r0, r1, [sp, #16]
100022f0:	f7ff fbe4 	bl	10001abc <__wrap___aeabi_dsub>
100022f4:	4602      	mov	r2, r0
100022f6:	460b      	mov	r3, r1
100022f8:	e9cd 2304 	strd	r2, r3, [sp, #16]
100022fc:	2200      	movs	r2, #0
100022fe:	4b55      	ldr	r3, [pc, #340]	@ (10002454 <_ftoa+0x4b4>)
10002300:	f7ff fcbe 	bl	10001c80 <__wrap___aeabi_dcmplt>
10002304:	2800      	cmp	r0, #0
10002306:	f47f af0c 	bne.w	10002122 <_ftoa+0x182>
1000230a:	e9dd 0104 	ldrd	r0, r1, [sp, #16]
1000230e:	2200      	movs	r2, #0
10002310:	4b50      	ldr	r3, [pc, #320]	@ (10002454 <_ftoa+0x4b4>)
10002312:	f7ff fcf1 	bl	10001cf8 <__wrap___aeabi_dcmpgt>
10002316:	2800      	cmp	r0, #0
10002318:	f47f af03 	bne.w	10002122 <_ftoa+0x182>
1000231c:	3401      	adds	r4, #1
1000231e:	f024 0401 	bic.w	r4, r4, #1
10002322:	e6fe      	b.n	10002122 <_ftoa+0x182>
10002324:	9b07      	ldr	r3, [sp, #28]
10002326:	f003 0303 	and.w	r3, r3, #3
1000232a:	2b01      	cmp	r3, #1
1000232c:	f000 8082 	beq.w	10002434 <_ftoa+0x494>
10002330:	2d20      	cmp	r5, #32
10002332:	f43f af2e 	beq.w	10002192 <_ftoa+0x1f2>
10002336:	9b0d      	ldr	r3, [sp, #52]	@ 0x34
10002338:	b37b      	cbz	r3, 1000239a <_ftoa+0x3fa>
1000233a:	222d      	movs	r2, #45	@ 0x2d
1000233c:	eb0d 0305 	add.w	r3, sp, r5
10002340:	f883 2038 	strb.w	r2, [r3, #56]	@ 0x38
10002344:	3501      	adds	r5, #1
10002346:	e724      	b.n	10002192 <_ftoa+0x1f2>
10002348:	2b20      	cmp	r3, #32
1000234a:	f43f aee9 	beq.w	10002120 <_ftoa+0x180>
1000234e:	aa0e      	add	r2, sp, #56	@ 0x38
10002350:	4415      	add	r5, r2
10002352:	441e      	add	r6, r3
10002354:	2230      	movs	r2, #48	@ 0x30
10002356:	e004      	b.n	10002362 <_ftoa+0x3c2>
10002358:	2b20      	cmp	r3, #32
1000235a:	f805 2f01 	strb.w	r2, [r5, #1]!
1000235e:	f43f aedf 	beq.w	10002120 <_ftoa+0x180>
10002362:	429e      	cmp	r6, r3
10002364:	f103 0301 	add.w	r3, r3, #1
10002368:	d1f6      	bne.n	10002358 <_ftoa+0x3b8>
1000236a:	222e      	movs	r2, #46	@ 0x2e
1000236c:	eb0d 0306 	add.w	r3, sp, r6
10002370:	f883 2038 	strb.w	r2, [r3, #56]	@ 0x38
10002374:	1c75      	adds	r5, r6, #1
10002376:	e6d4      	b.n	10002122 <_ftoa+0x182>
10002378:	f8dd a030 	ldr.w	sl, [sp, #48]	@ 0x30
1000237c:	e763      	b.n	10002246 <_ftoa+0x2a6>
1000237e:	2520      	movs	r5, #32
10002380:	e66e      	b.n	10002060 <_ftoa+0xc0>
10002382:	9b07      	ldr	r3, [sp, #28]
10002384:	f013 0f0c 	tst.w	r3, #12
10002388:	d050      	beq.n	1000242c <_ftoa+0x48c>
1000238a:	f10b 3bff 	add.w	fp, fp, #4294967295
1000238e:	45ab      	cmp	fp, r5
10002390:	f63f aef2 	bhi.w	10002178 <_ftoa+0x1d8>
10002394:	2d20      	cmp	r5, #32
10002396:	f43f aefc 	beq.w	10002192 <_ftoa+0x1f2>
1000239a:	9b07      	ldr	r3, [sp, #28]
1000239c:	075a      	lsls	r2, r3, #29
1000239e:	d501      	bpl.n	100023a4 <_ftoa+0x404>
100023a0:	222b      	movs	r2, #43	@ 0x2b
100023a2:	e7cb      	b.n	1000233c <_ftoa+0x39c>
100023a4:	071b      	lsls	r3, r3, #28
100023a6:	f57f aef4 	bpl.w	10002192 <_ftoa+0x1f2>
100023aa:	2220      	movs	r2, #32
100023ac:	e7c6      	b.n	1000233c <_ftoa+0x39c>
100023ae:	f01a 0f01 	tst.w	sl, #1
100023b2:	f43f ae96 	beq.w	100020e2 <_ftoa+0x142>
100023b6:	e78f      	b.n	100022d8 <_ftoa+0x338>
100023b8:	07a6      	lsls	r6, r4, #30
100023ba:	d134      	bne.n	10002426 <_ftoa+0x486>
100023bc:	f1bb 0f03 	cmp.w	fp, #3
100023c0:	d931      	bls.n	10002426 <_ftoa+0x486>
100023c2:	9b0c      	ldr	r3, [sp, #48]	@ 0x30
100023c4:	461d      	mov	r5, r3
100023c6:	1edc      	subs	r4, r3, #3
100023c8:	eb04 0a0b 	add.w	sl, r4, fp
100023cc:	462a      	mov	r2, r5
100023ce:	464b      	mov	r3, r9
100023d0:	4641      	mov	r1, r8
100023d2:	2020      	movs	r0, #32
100023d4:	3501      	adds	r5, #1
100023d6:	47b8      	blx	r7
100023d8:	4555      	cmp	r5, sl
100023da:	d1f7      	bne.n	100023cc <_ftoa+0x42c>
100023dc:	4655      	mov	r5, sl
100023de:	4c1e      	ldr	r4, [pc, #120]	@ (10002458 <_ftoa+0x4b8>)
100023e0:	1ee6      	subs	r6, r4, #3
100023e2:	f814 0d01 	ldrb.w	r0, [r4, #-1]!
100023e6:	462a      	mov	r2, r5
100023e8:	464b      	mov	r3, r9
100023ea:	4641      	mov	r1, r8
100023ec:	47b8      	blx	r7
100023ee:	42a6      	cmp	r6, r4
100023f0:	f105 0501 	add.w	r5, r5, #1
100023f4:	d1f5      	bne.n	100023e2 <_ftoa+0x442>
100023f6:	9b07      	ldr	r3, [sp, #28]
100023f8:	f10a 0a03 	add.w	sl, sl, #3
100023fc:	079d      	lsls	r5, r3, #30
100023fe:	f57f aed5 	bpl.w	100021ac <_ftoa+0x20c>
10002402:	9c0c      	ldr	r4, [sp, #48]	@ 0x30
10002404:	ebaa 0304 	sub.w	r3, sl, r4
10002408:	459b      	cmp	fp, r3
1000240a:	f67f aecf 	bls.w	100021ac <_ftoa+0x20c>
1000240e:	4652      	mov	r2, sl
10002410:	464b      	mov	r3, r9
10002412:	4641      	mov	r1, r8
10002414:	2020      	movs	r0, #32
10002416:	f10a 0a01 	add.w	sl, sl, #1
1000241a:	47b8      	blx	r7
1000241c:	ebaa 0304 	sub.w	r3, sl, r4
10002420:	459b      	cmp	fp, r3
10002422:	d8f4      	bhi.n	1000240e <_ftoa+0x46e>
10002424:	e6c2      	b.n	100021ac <_ftoa+0x20c>
10002426:	f8dd a030 	ldr.w	sl, [sp, #48]	@ 0x30
1000242a:	e7d7      	b.n	100023dc <_ftoa+0x43c>
1000242c:	45ab      	cmp	fp, r5
1000242e:	f63f aea3 	bhi.w	10002178 <_ftoa+0x1d8>
10002432:	e6ae      	b.n	10002192 <_ftoa+0x1f2>
10002434:	f1bb 0f00 	cmp.w	fp, #0
10002438:	f43f af7a 	beq.w	10002330 <_ftoa+0x390>
1000243c:	9b0d      	ldr	r3, [sp, #52]	@ 0x34
1000243e:	2b00      	cmp	r3, #0
10002440:	d09f      	beq.n	10002382 <_ftoa+0x3e2>
10002442:	f10b 3bff 	add.w	fp, fp, #4294967295
10002446:	455d      	cmp	r5, fp
10002448:	f4ff ae96 	bcc.w	10002178 <_ftoa+0x1d8>
1000244c:	2d20      	cmp	r5, #32
1000244e:	f47f af74 	bne.w	1000233a <_ftoa+0x39a>
10002452:	e69e      	b.n	10002192 <_ftoa+0x1f2>
10002454:	3fe00000 	.word	0x3fe00000
10002458:	1000705f 	.word	0x1000705f
1000245c:	00000000 	.word	0x00000000

10002460 <_etoa>:
10002460:	e92d 4ff0 	stmdb	sp!, {r4, r5, r6, r7, r8, r9, sl, fp, lr}
10002464:	b09f      	sub	sp, #124	@ 0x7c
10002466:	9e2a      	ldr	r6, [sp, #168]	@ 0xa8
10002468:	e9dd 4528 	ldrd	r4, r5, [sp, #160]	@ 0xa0
1000246c:	4607      	mov	r7, r0
1000246e:	4693      	mov	fp, r2
10002470:	9108      	str	r1, [sp, #32]
10002472:	9309      	str	r3, [sp, #36]	@ 0x24
10002474:	4622      	mov	r2, r4
10002476:	462b      	mov	r3, r5
10002478:	4620      	mov	r0, r4
1000247a:	4629      	mov	r1, r5
1000247c:	960e      	str	r6, [sp, #56]	@ 0x38
1000247e:	e9dd a62b 	ldrd	sl, r6, [sp, #172]	@ 0xac
10002482:	f7ff fbeb 	bl	10001c5c <__wrap___aeabi_dcmpun>
10002486:	2800      	cmp	r0, #0
10002488:	f040 80be 	bne.w	10002608 <_etoa+0x1a8>
1000248c:	4620      	mov	r0, r4
1000248e:	4629      	mov	r1, r5
10002490:	f04f 32ff 	mov.w	r2, #4294967295
10002494:	4b78      	ldr	r3, [pc, #480]	@ (10002678 <_etoa+0x218>)
10002496:	f7ff fc2f 	bl	10001cf8 <__wrap___aeabi_dcmpgt>
1000249a:	2800      	cmp	r0, #0
1000249c:	f040 80b4 	bne.w	10002608 <_etoa+0x1a8>
100024a0:	4620      	mov	r0, r4
100024a2:	4629      	mov	r1, r5
100024a4:	f04f 32ff 	mov.w	r2, #4294967295
100024a8:	f46f 1380 	mvn.w	r3, #1048576	@ 0x100000
100024ac:	f7ff fbe8 	bl	10001c80 <__wrap___aeabi_dcmplt>
100024b0:	2800      	cmp	r0, #0
100024b2:	f040 80a9 	bne.w	10002608 <_etoa+0x1a8>
100024b6:	4620      	mov	r0, r4
100024b8:	4629      	mov	r1, r5
100024ba:	2200      	movs	r2, #0
100024bc:	2300      	movs	r3, #0
100024be:	f7ff fbdf 	bl	10001c80 <__wrap___aeabi_dcmplt>
100024c2:	2800      	cmp	r0, #0
100024c4:	f040 81d5 	bne.w	10002872 <_etoa+0x412>
100024c8:	e9cd 450a 	strd	r4, r5, [sp, #40]	@ 0x28
100024cc:	e9dd 230a 	ldrd	r2, r3, [sp, #40]	@ 0x28
100024d0:	4690      	mov	r8, r2
100024d2:	4699      	mov	r9, r3
100024d4:	f406 6200 	and.w	r2, r6, #2048	@ 0x800
100024d8:	f416 6380 	ands.w	r3, r6, #1024	@ 0x400
100024dc:	920f      	str	r2, [sp, #60]	@ 0x3c
100024de:	9313      	str	r3, [sp, #76]	@ 0x4c
100024e0:	f040 80a1 	bne.w	10002626 <_etoa+0x1c6>
100024e4:	ea58 0309 	orrs.w	r3, r8, r9
100024e8:	f040 80ca 	bne.w	10002680 <_etoa+0x220>
100024ec:	2a00      	cmp	r2, #0
100024ee:	f040 81e3 	bne.w	100028b8 <_etoa+0x458>
100024f2:	2306      	movs	r3, #6
100024f4:	930e      	str	r3, [sp, #56]	@ 0x38
100024f6:	f016 0202 	ands.w	r2, r6, #2
100024fa:	9210      	str	r2, [sp, #64]	@ 0x40
100024fc:	f040 81d4 	bne.w	100028a8 <_etoa+0x448>
10002500:	4653      	mov	r3, sl
10002502:	2b04      	cmp	r3, #4
10002504:	bf38      	it	cc
10002506:	2304      	movcc	r3, #4
10002508:	920c      	str	r2, [sp, #48]	@ 0x30
1000250a:	2204      	movs	r2, #4
1000250c:	3b04      	subs	r3, #4
1000250e:	9212      	str	r2, [sp, #72]	@ 0x48
10002510:	930f      	str	r3, [sp, #60]	@ 0x3c
10002512:	4620      	mov	r0, r4
10002514:	4629      	mov	r1, r5
10002516:	2200      	movs	r2, #0
10002518:	2300      	movs	r3, #0
1000251a:	f7ff fbb1 	bl	10001c80 <__wrap___aeabi_dcmplt>
1000251e:	2800      	cmp	r0, #0
10002520:	f040 81f3 	bne.w	1000290a <_etoa+0x4aa>
10002524:	ed9d 7b0a 	vldr	d7, [sp, #40]	@ 0x28
10002528:	9b0f      	ldr	r3, [sp, #60]	@ 0x3c
1000252a:	465a      	mov	r2, fp
1000252c:	9303      	str	r3, [sp, #12]
1000252e:	9b0e      	ldr	r3, [sp, #56]	@ 0x38
10002530:	ed8d 7b00 	vstr	d7, [sp]
10002534:	9302      	str	r3, [sp, #8]
10002536:	f426 6300 	bic.w	r3, r6, #2048	@ 0x800
1000253a:	9304      	str	r3, [sp, #16]
1000253c:	4638      	mov	r0, r7
1000253e:	9b09      	ldr	r3, [sp, #36]	@ 0x24
10002540:	9908      	ldr	r1, [sp, #32]
10002542:	f7ff fd2d 	bl	10001fa0 <_ftoa>
10002546:	4602      	mov	r2, r0
10002548:	f016 0f20 	tst.w	r6, #32
1000254c:	9b09      	ldr	r3, [sp, #36]	@ 0x24
1000254e:	9908      	ldr	r1, [sp, #32]
10002550:	bf0c      	ite	eq
10002552:	2065      	moveq	r0, #101	@ 0x65
10002554:	2045      	movne	r0, #69	@ 0x45
10002556:	f102 0801 	add.w	r8, r2, #1
1000255a:	47b8      	blx	r7
1000255c:	9a0c      	ldr	r2, [sp, #48]	@ 0x30
1000255e:	9b12      	ldr	r3, [sp, #72]	@ 0x48
10002560:	ac16      	add	r4, sp, #88	@ 0x58
10002562:	1e5d      	subs	r5, r3, #1
10002564:	ea82 73e2 	eor.w	r3, r2, r2, asr #31
10002568:	eba3 73e2 	sub.w	r3, r3, r2, asr #31
1000256c:	0fd1      	lsrs	r1, r2, #31
1000256e:	2600      	movs	r6, #0
10002570:	4622      	mov	r2, r4
10002572:	4699      	mov	r9, r3
10002574:	f8df c104 	ldr.w	ip, [pc, #260]	@ 1000267c <_etoa+0x21c>
10002578:	e001      	b.n	1000257e <_etoa+0x11e>
1000257a:	2e20      	cmp	r6, #32
1000257c:	d010      	beq.n	100025a0 <_etoa+0x140>
1000257e:	46ce      	mov	lr, r9
10002580:	fbac 3009 	umull	r3, r0, ip, r9
10002584:	08c0      	lsrs	r0, r0, #3
10002586:	eb00 0380 	add.w	r3, r0, r0, lsl #2
1000258a:	eba9 0343 	sub.w	r3, r9, r3, lsl #1
1000258e:	3330      	adds	r3, #48	@ 0x30
10002590:	f1be 0f09 	cmp.w	lr, #9
10002594:	4681      	mov	r9, r0
10002596:	f106 0601 	add.w	r6, r6, #1
1000259a:	f802 3b01 	strb.w	r3, [r2], #1
1000259e:	d8ec      	bhi.n	1000257a <_etoa+0x11a>
100025a0:	2305      	movs	r3, #5
100025a2:	2000      	movs	r0, #0
100025a4:	9306      	str	r3, [sp, #24]
100025a6:	230a      	movs	r3, #10
100025a8:	9505      	str	r5, [sp, #20]
100025aa:	9400      	str	r4, [sp, #0]
100025ac:	9d09      	ldr	r5, [sp, #36]	@ 0x24
100025ae:	9c08      	ldr	r4, [sp, #32]
100025b0:	4642      	mov	r2, r8
100025b2:	e9cd 3003 	strd	r3, r0, [sp, #12]
100025b6:	e9cd 6101 	strd	r6, r1, [sp, #4]
100025ba:	462b      	mov	r3, r5
100025bc:	4621      	mov	r1, r4
100025be:	4638      	mov	r0, r7
100025c0:	f7ff fbfa 	bl	10001db8 <_ntoa_format>
100025c4:	9a10      	ldr	r2, [sp, #64]	@ 0x40
100025c6:	4680      	mov	r8, r0
100025c8:	b1d2      	cbz	r2, 10002600 <_etoa+0x1a0>
100025ca:	eba0 060b 	sub.w	r6, r0, fp
100025ce:	45b2      	cmp	sl, r6
100025d0:	d916      	bls.n	10002600 <_etoa+0x1a0>
100025d2:	eb0b 0206 	add.w	r2, fp, r6
100025d6:	462b      	mov	r3, r5
100025d8:	4621      	mov	r1, r4
100025da:	2020      	movs	r0, #32
100025dc:	3601      	adds	r6, #1
100025de:	47b8      	blx	r7
100025e0:	45b2      	cmp	sl, r6
100025e2:	d8f6      	bhi.n	100025d2 <_etoa+0x172>
100025e4:	f10b 33ff 	add.w	r3, fp, #4294967295
100025e8:	4453      	add	r3, sl
100025ea:	f1cb 0201 	rsb	r2, fp, #1
100025ee:	eba3 0308 	sub.w	r3, r3, r8
100025f2:	4442      	add	r2, r8
100025f4:	4592      	cmp	sl, r2
100025f6:	bf38      	it	cc
100025f8:	2300      	movcc	r3, #0
100025fa:	f108 0801 	add.w	r8, r8, #1
100025fe:	4498      	add	r8, r3
10002600:	4640      	mov	r0, r8
10002602:	b01f      	add	sp, #124	@ 0x7c
10002604:	e8bd 8ff0 	ldmia.w	sp!, {r4, r5, r6, r7, r8, r9, sl, fp, pc}
10002608:	465a      	mov	r2, fp
1000260a:	4638      	mov	r0, r7
1000260c:	e9cd 4528 	strd	r4, r5, [sp, #160]	@ 0xa0
10002610:	e9cd a62b 	strd	sl, r6, [sp, #172]	@ 0xac
10002614:	9c0e      	ldr	r4, [sp, #56]	@ 0x38
10002616:	9b09      	ldr	r3, [sp, #36]	@ 0x24
10002618:	9908      	ldr	r1, [sp, #32]
1000261a:	942a      	str	r4, [sp, #168]	@ 0xa8
1000261c:	b01f      	add	sp, #124	@ 0x7c
1000261e:	e8bd 4ff0 	ldmia.w	sp!, {r4, r5, r6, r7, r8, r9, sl, fp, lr}
10002622:	f7ff bcbd 	b.w	10001fa0 <_ftoa>
10002626:	ea58 0309 	orrs.w	r3, r8, r9
1000262a:	d12b      	bne.n	10002684 <_etoa+0x224>
1000262c:	2a00      	cmp	r2, #0
1000262e:	f43f af62 	beq.w	100024f6 <_etoa+0x96>
10002632:	2300      	movs	r3, #0
10002634:	930c      	str	r3, [sp, #48]	@ 0x30
10002636:	9b0e      	ldr	r3, [sp, #56]	@ 0x38
10002638:	9a0c      	ldr	r2, [sp, #48]	@ 0x30
1000263a:	4293      	cmp	r3, r2
1000263c:	f300 81b9 	bgt.w	100029b2 <_etoa+0x552>
10002640:	f04f 0800 	mov.w	r8, #0
10002644:	4620      	mov	r0, r4
10002646:	4629      	mov	r1, r5
10002648:	2200      	movs	r2, #0
1000264a:	2300      	movs	r3, #0
1000264c:	f7ff fb18 	bl	10001c80 <__wrap___aeabi_dcmplt>
10002650:	2800      	cmp	r0, #0
10002652:	f040 8113 	bne.w	1000287c <_etoa+0x41c>
10002656:	ed9d 7b0a 	vldr	d7, [sp, #40]	@ 0x28
1000265a:	f426 6600 	bic.w	r6, r6, #2048	@ 0x800
1000265e:	f446 6680 	orr.w	r6, r6, #1024	@ 0x400
10002662:	ed8d 7b28 	vstr	d7, [sp, #160]	@ 0xa0
10002666:	465a      	mov	r2, fp
10002668:	4638      	mov	r0, r7
1000266a:	e9cd 8a2a 	strd	r8, sl, [sp, #168]	@ 0xa8
1000266e:	9b09      	ldr	r3, [sp, #36]	@ 0x24
10002670:	9908      	ldr	r1, [sp, #32]
10002672:	962c      	str	r6, [sp, #176]	@ 0xb0
10002674:	e7d2      	b.n	1000261c <_etoa+0x1bc>
10002676:	bf00      	nop
10002678:	7fefffff 	.word	0x7fefffff
1000267c:	cccccccd 	.word	0xcccccccd
10002680:	2306      	movs	r3, #6
10002682:	930e      	str	r3, [sp, #56]	@ 0x38
10002684:	f3c9 500a 	ubfx	r0, r9, #20, #11
10002688:	f2a0 30ff 	subw	r0, r0, #1023	@ 0x3ff
1000268c:	f7ff fa9e 	bl	10001bcc <__wrap___aeabi_i2d>
10002690:	a3c1      	add	r3, pc, #772	@ (adr r3, 10002998 <_etoa+0x538>)
10002692:	e9d3 2300 	ldrd	r2, r3, [r3]
10002696:	f7ff fa25 	bl	10001ae4 <__wrap___aeabi_dmul>
1000269a:	a3c1      	add	r3, pc, #772	@ (adr r3, 100029a0 <_etoa+0x540>)
1000269c:	e9d3 2300 	ldrd	r2, r3, [r3]
100026a0:	f7ff f9f8 	bl	10001a94 <__wrap___aeabi_dadd>
100026a4:	f3c9 0913 	ubfx	r9, r9, #0, #20
100026a8:	e9cd 010c 	strd	r0, r1, [sp, #48]	@ 0x30
100026ac:	f049 517f 	orr.w	r1, r9, #1069547520	@ 0x3fc00000
100026b0:	4640      	mov	r0, r8
100026b2:	2200      	movs	r2, #0
100026b4:	4bb2      	ldr	r3, [pc, #712]	@ (10002980 <_etoa+0x520>)
100026b6:	f441 1140 	orr.w	r1, r1, #3145728	@ 0x300000
100026ba:	f7ff f9ff 	bl	10001abc <__wrap___aeabi_dsub>
100026be:	a3a4      	add	r3, pc, #656	@ (adr r3, 10002950 <_etoa+0x4f0>)
100026c0:	e9d3 2300 	ldrd	r2, r3, [r3]
100026c4:	f7ff fa0e 	bl	10001ae4 <__wrap___aeabi_dmul>
100026c8:	4602      	mov	r2, r0
100026ca:	460b      	mov	r3, r1
100026cc:	e9dd 010c 	ldrd	r0, r1, [sp, #48]	@ 0x30
100026d0:	f7ff f9e0 	bl	10001a94 <__wrap___aeabi_dadd>
100026d4:	f7ff fa9e 	bl	10001c14 <__wrap___aeabi_d2iz>
100026d8:	900c      	str	r0, [sp, #48]	@ 0x30
100026da:	f7ff fa77 	bl	10001bcc <__wrap___aeabi_i2d>
100026de:	a39e      	add	r3, pc, #632	@ (adr r3, 10002958 <_etoa+0x4f8>)
100026e0:	e9d3 2300 	ldrd	r2, r3, [r3]
100026e4:	4680      	mov	r8, r0
100026e6:	4689      	mov	r9, r1
100026e8:	f7ff f9fc 	bl	10001ae4 <__wrap___aeabi_dmul>
100026ec:	2200      	movs	r2, #0
100026ee:	4ba5      	ldr	r3, [pc, #660]	@ (10002984 <_etoa+0x524>)
100026f0:	f7ff f9d0 	bl	10001a94 <__wrap___aeabi_dadd>
100026f4:	f7ff fa8e 	bl	10001c14 <__wrap___aeabi_d2iz>
100026f8:	4603      	mov	r3, r0
100026fa:	4649      	mov	r1, r9
100026fc:	4640      	mov	r0, r8
100026fe:	9312      	str	r3, [sp, #72]	@ 0x48
10002700:	a397      	add	r3, pc, #604	@ (adr r3, 10002960 <_etoa+0x500>)
10002702:	e9d3 2300 	ldrd	r2, r3, [r3]
10002706:	f7ff f9ed 	bl	10001ae4 <__wrap___aeabi_dmul>
1000270a:	4680      	mov	r8, r0
1000270c:	9812      	ldr	r0, [sp, #72]	@ 0x48
1000270e:	4689      	mov	r9, r1
10002710:	f7ff fa5c 	bl	10001bcc <__wrap___aeabi_i2d>
10002714:	a394      	add	r3, pc, #592	@ (adr r3, 10002968 <_etoa+0x508>)
10002716:	e9d3 2300 	ldrd	r2, r3, [r3]
1000271a:	f7ff f9e3 	bl	10001ae4 <__wrap___aeabi_dmul>
1000271e:	4602      	mov	r2, r0
10002720:	460b      	mov	r3, r1
10002722:	4640      	mov	r0, r8
10002724:	4649      	mov	r1, r9
10002726:	f7ff f9c9 	bl	10001abc <__wrap___aeabi_dsub>
1000272a:	4602      	mov	r2, r0
1000272c:	460b      	mov	r3, r1
1000272e:	4680      	mov	r8, r0
10002730:	4689      	mov	r9, r1
10002732:	f7ff f9d7 	bl	10001ae4 <__wrap___aeabi_dmul>
10002736:	4642      	mov	r2, r8
10002738:	464b      	mov	r3, r9
1000273a:	e9cd 0110 	strd	r0, r1, [sp, #64]	@ 0x40
1000273e:	4640      	mov	r0, r8
10002740:	4649      	mov	r1, r9
10002742:	f7ff f9a7 	bl	10001a94 <__wrap___aeabi_dadd>
10002746:	2200      	movs	r2, #0
10002748:	e9cd 0114 	strd	r0, r1, [sp, #80]	@ 0x50
1000274c:	e9dd 0110 	ldrd	r0, r1, [sp, #64]	@ 0x40
10002750:	4b8d      	ldr	r3, [pc, #564]	@ (10002988 <_etoa+0x528>)
10002752:	f7ff f9ed 	bl	10001b30 <__wrap___aeabi_ddiv>
10002756:	2200      	movs	r2, #0
10002758:	4b8c      	ldr	r3, [pc, #560]	@ (1000298c <_etoa+0x52c>)
1000275a:	f7ff f99b 	bl	10001a94 <__wrap___aeabi_dadd>
1000275e:	4602      	mov	r2, r0
10002760:	460b      	mov	r3, r1
10002762:	e9dd 0110 	ldrd	r0, r1, [sp, #64]	@ 0x40
10002766:	f7ff f9e3 	bl	10001b30 <__wrap___aeabi_ddiv>
1000276a:	2200      	movs	r2, #0
1000276c:	4b88      	ldr	r3, [pc, #544]	@ (10002990 <_etoa+0x530>)
1000276e:	f7ff f991 	bl	10001a94 <__wrap___aeabi_dadd>
10002772:	4602      	mov	r2, r0
10002774:	460b      	mov	r3, r1
10002776:	e9dd 0110 	ldrd	r0, r1, [sp, #64]	@ 0x40
1000277a:	f7ff f9d9 	bl	10001b30 <__wrap___aeabi_ddiv>
1000277e:	4642      	mov	r2, r8
10002780:	464b      	mov	r3, r9
10002782:	4680      	mov	r8, r0
10002784:	4689      	mov	r9, r1
10002786:	2000      	movs	r0, #0
10002788:	f04f 4180 	mov.w	r1, #1073741824	@ 0x40000000
1000278c:	f7ff f996 	bl	10001abc <__wrap___aeabi_dsub>
10002790:	4602      	mov	r2, r0
10002792:	460b      	mov	r3, r1
10002794:	4640      	mov	r0, r8
10002796:	4649      	mov	r1, r9
10002798:	f7ff f97c 	bl	10001a94 <__wrap___aeabi_dadd>
1000279c:	4602      	mov	r2, r0
1000279e:	460b      	mov	r3, r1
100027a0:	e9dd 0114 	ldrd	r0, r1, [sp, #80]	@ 0x50
100027a4:	f7ff f9c4 	bl	10001b30 <__wrap___aeabi_ddiv>
100027a8:	2200      	movs	r2, #0
100027aa:	4b7a      	ldr	r3, [pc, #488]	@ (10002994 <_etoa+0x534>)
100027ac:	f7ff f972 	bl	10001a94 <__wrap___aeabi_dadd>
100027b0:	9b12      	ldr	r3, [sp, #72]	@ 0x48
100027b2:	2200      	movs	r2, #0
100027b4:	f203 3cff 	addw	ip, r3, #1023	@ 0x3ff
100027b8:	ea4f 530c 	mov.w	r3, ip, lsl #20
100027bc:	f7ff f992 	bl	10001ae4 <__wrap___aeabi_dmul>
100027c0:	4680      	mov	r8, r0
100027c2:	4689      	mov	r9, r1
100027c4:	e9dd 010a 	ldrd	r0, r1, [sp, #40]	@ 0x28
100027c8:	4642      	mov	r2, r8
100027ca:	464b      	mov	r3, r9
100027cc:	f7ff fa58 	bl	10001c80 <__wrap___aeabi_dcmplt>
100027d0:	b150      	cbz	r0, 100027e8 <_etoa+0x388>
100027d2:	9b0c      	ldr	r3, [sp, #48]	@ 0x30
100027d4:	4640      	mov	r0, r8
100027d6:	3b01      	subs	r3, #1
100027d8:	4649      	mov	r1, r9
100027da:	930c      	str	r3, [sp, #48]	@ 0x30
100027dc:	2200      	movs	r2, #0
100027de:	4b6b      	ldr	r3, [pc, #428]	@ (1000298c <_etoa+0x52c>)
100027e0:	f7ff f9a6 	bl	10001b30 <__wrap___aeabi_ddiv>
100027e4:	4680      	mov	r8, r0
100027e6:	4689      	mov	r9, r1
100027e8:	9a0c      	ldr	r2, [sp, #48]	@ 0x30
100027ea:	4643      	mov	r3, r8
100027ec:	3263      	adds	r2, #99	@ 0x63
100027ee:	2ac6      	cmp	r2, #198	@ 0xc6
100027f0:	f006 0202 	and.w	r2, r6, #2
100027f4:	9210      	str	r2, [sp, #64]	@ 0x40
100027f6:	4649      	mov	r1, r9
100027f8:	9a0f      	ldr	r2, [sp, #60]	@ 0x3c
100027fa:	d82c      	bhi.n	10002856 <_etoa+0x3f6>
100027fc:	2a00      	cmp	r2, #0
100027fe:	d05e      	beq.n	100028be <_etoa+0x45e>
10002800:	2204      	movs	r2, #4
10002802:	9212      	str	r2, [sp, #72]	@ 0x48
10002804:	430b      	orrs	r3, r1
10002806:	f43f af16 	beq.w	10002636 <_etoa+0x1d6>
1000280a:	e9dd 010a 	ldrd	r0, r1, [sp, #40]	@ 0x28
1000280e:	a358      	add	r3, pc, #352	@ (adr r3, 10002970 <_etoa+0x510>)
10002810:	e9d3 2300 	ldrd	r2, r3, [r3]
10002814:	f7ff fa5c 	bl	10001cd0 <__wrap___aeabi_dcmpge>
10002818:	b148      	cbz	r0, 1000282e <_etoa+0x3ce>
1000281a:	e9dd 010a 	ldrd	r0, r1, [sp, #40]	@ 0x28
1000281e:	a356      	add	r3, pc, #344	@ (adr r3, 10002978 <_etoa+0x518>)
10002820:	e9d3 2300 	ldrd	r2, r3, [r3]
10002824:	f7ff fa2c 	bl	10001c80 <__wrap___aeabi_dcmplt>
10002828:	2800      	cmp	r0, #0
1000282a:	f47f af04 	bne.w	10002636 <_etoa+0x1d6>
1000282e:	9b0e      	ldr	r3, [sp, #56]	@ 0x38
10002830:	2b00      	cmp	r3, #0
10002832:	d050      	beq.n	100028d6 <_etoa+0x476>
10002834:	9a13      	ldr	r2, [sp, #76]	@ 0x4c
10002836:	2a00      	cmp	r2, #0
10002838:	d07d      	beq.n	10002936 <_etoa+0x4d6>
1000283a:	3b01      	subs	r3, #1
1000283c:	930e      	str	r3, [sp, #56]	@ 0x38
1000283e:	9b12      	ldr	r3, [sp, #72]	@ 0x48
10002840:	459a      	cmp	sl, r3
10002842:	d905      	bls.n	10002850 <_etoa+0x3f0>
10002844:	9b10      	ldr	r3, [sp, #64]	@ 0x40
10002846:	2b00      	cmp	r3, #0
10002848:	f000 80ae 	beq.w	100029a8 <_etoa+0x548>
1000284c:	2302      	movs	r3, #2
1000284e:	9310      	str	r3, [sp, #64]	@ 0x40
10002850:	2300      	movs	r3, #0
10002852:	930f      	str	r3, [sp, #60]	@ 0x3c
10002854:	e044      	b.n	100028e0 <_etoa+0x480>
10002856:	bb22      	cbnz	r2, 100028a2 <_etoa+0x442>
10002858:	f1ba 0f05 	cmp.w	sl, #5
1000285c:	d94f      	bls.n	100028fe <_etoa+0x49e>
1000285e:	f006 0302 	and.w	r3, r6, #2
10002862:	2b00      	cmp	r3, #0
10002864:	d149      	bne.n	100028fa <_etoa+0x49a>
10002866:	2305      	movs	r3, #5
10002868:	9312      	str	r3, [sp, #72]	@ 0x48
1000286a:	f1aa 0305 	sub.w	r3, sl, #5
1000286e:	930f      	str	r3, [sp, #60]	@ 0x3c
10002870:	e03a      	b.n	100028e8 <_etoa+0x488>
10002872:	f105 4300 	add.w	r3, r5, #2147483648	@ 0x80000000
10002876:	940a      	str	r4, [sp, #40]	@ 0x28
10002878:	930b      	str	r3, [sp, #44]	@ 0x2c
1000287a:	e627      	b.n	100024cc <_etoa+0x6c>
1000287c:	f426 6600 	bic.w	r6, r6, #2048	@ 0x800
10002880:	f446 6680 	orr.w	r6, r6, #1024	@ 0x400
10002884:	4638      	mov	r0, r7
10002886:	962c      	str	r6, [sp, #176]	@ 0xb0
10002888:	e9dd 670a 	ldrd	r6, r7, [sp, #40]	@ 0x28
1000288c:	4634      	mov	r4, r6
1000288e:	f107 4500 	add.w	r5, r7, #2147483648	@ 0x80000000
10002892:	465a      	mov	r2, fp
10002894:	e9cd 8a2a 	strd	r8, sl, [sp, #168]	@ 0xa8
10002898:	e9cd 4528 	strd	r4, r5, [sp, #160]	@ 0xa0
1000289c:	9b09      	ldr	r3, [sp, #36]	@ 0x24
1000289e:	9908      	ldr	r1, [sp, #32]
100028a0:	e6bc      	b.n	1000261c <_etoa+0x1bc>
100028a2:	2205      	movs	r2, #5
100028a4:	9212      	str	r2, [sp, #72]	@ 0x48
100028a6:	e7ad      	b.n	10002804 <_etoa+0x3a4>
100028a8:	2300      	movs	r3, #0
100028aa:	2202      	movs	r2, #2
100028ac:	e9cd 320f 	strd	r3, r2, [sp, #60]	@ 0x3c
100028b0:	2204      	movs	r2, #4
100028b2:	930c      	str	r3, [sp, #48]	@ 0x30
100028b4:	9212      	str	r2, [sp, #72]	@ 0x48
100028b6:	e62c      	b.n	10002512 <_etoa+0xb2>
100028b8:	f04f 0805 	mov.w	r8, #5
100028bc:	e6c2      	b.n	10002644 <_etoa+0x1e4>
100028be:	f1ba 0f04 	cmp.w	sl, #4
100028c2:	d91f      	bls.n	10002904 <_etoa+0x4a4>
100028c4:	9b10      	ldr	r3, [sp, #64]	@ 0x40
100028c6:	2b00      	cmp	r3, #0
100028c8:	d178      	bne.n	100029bc <_etoa+0x55c>
100028ca:	2304      	movs	r3, #4
100028cc:	9312      	str	r3, [sp, #72]	@ 0x48
100028ce:	f1aa 0304 	sub.w	r3, sl, #4
100028d2:	930f      	str	r3, [sp, #60]	@ 0x3c
100028d4:	e004      	b.n	100028e0 <_etoa+0x480>
100028d6:	9b12      	ldr	r3, [sp, #72]	@ 0x48
100028d8:	459a      	cmp	sl, r3
100028da:	d831      	bhi.n	10002940 <_etoa+0x4e0>
100028dc:	9b0e      	ldr	r3, [sp, #56]	@ 0x38
100028de:	930f      	str	r3, [sp, #60]	@ 0x3c
100028e0:	9b0c      	ldr	r3, [sp, #48]	@ 0x30
100028e2:	2b00      	cmp	r3, #0
100028e4:	f43f ae15 	beq.w	10002512 <_etoa+0xb2>
100028e8:	e9dd 010a 	ldrd	r0, r1, [sp, #40]	@ 0x28
100028ec:	4642      	mov	r2, r8
100028ee:	464b      	mov	r3, r9
100028f0:	f7ff f91e 	bl	10001b30 <__wrap___aeabi_ddiv>
100028f4:	e9cd 010a 	strd	r0, r1, [sp, #40]	@ 0x28
100028f8:	e60b      	b.n	10002512 <_etoa+0xb2>
100028fa:	2302      	movs	r3, #2
100028fc:	9310      	str	r3, [sp, #64]	@ 0x40
100028fe:	2305      	movs	r3, #5
10002900:	9312      	str	r3, [sp, #72]	@ 0x48
10002902:	e7f1      	b.n	100028e8 <_etoa+0x488>
10002904:	2304      	movs	r3, #4
10002906:	9312      	str	r3, [sp, #72]	@ 0x48
10002908:	e7ea      	b.n	100028e0 <_etoa+0x480>
1000290a:	e9dd 450a 	ldrd	r4, r5, [sp, #40]	@ 0x28
1000290e:	46a0      	mov	r8, r4
10002910:	9b0f      	ldr	r3, [sp, #60]	@ 0x3c
10002912:	f105 4900 	add.w	r9, r5, #2147483648	@ 0x80000000
10002916:	9303      	str	r3, [sp, #12]
10002918:	9b0e      	ldr	r3, [sp, #56]	@ 0x38
1000291a:	465a      	mov	r2, fp
1000291c:	9302      	str	r3, [sp, #8]
1000291e:	f426 6300 	bic.w	r3, r6, #2048	@ 0x800
10002922:	9304      	str	r3, [sp, #16]
10002924:	4638      	mov	r0, r7
10002926:	e9cd 8900 	strd	r8, r9, [sp]
1000292a:	9b09      	ldr	r3, [sp, #36]	@ 0x24
1000292c:	9908      	ldr	r1, [sp, #32]
1000292e:	f7ff fb37 	bl	10001fa0 <_ftoa>
10002932:	4602      	mov	r2, r0
10002934:	e608      	b.n	10002548 <_etoa+0xe8>
10002936:	9b12      	ldr	r3, [sp, #72]	@ 0x48
10002938:	459a      	cmp	sl, r3
1000293a:	d844      	bhi.n	100029c6 <_etoa+0x566>
1000293c:	920f      	str	r2, [sp, #60]	@ 0x3c
1000293e:	e7cf      	b.n	100028e0 <_etoa+0x480>
10002940:	9b10      	ldr	r3, [sp, #64]	@ 0x40
10002942:	b38b      	cbz	r3, 100029a8 <_etoa+0x548>
10002944:	9b0e      	ldr	r3, [sp, #56]	@ 0x38
10002946:	930f      	str	r3, [sp, #60]	@ 0x3c
10002948:	2302      	movs	r3, #2
1000294a:	9310      	str	r3, [sp, #64]	@ 0x40
1000294c:	e7c8      	b.n	100028e0 <_etoa+0x480>
1000294e:	bf00      	nop
10002950:	636f4361 	.word	0x636f4361
10002954:	3fd287a7 	.word	0x3fd287a7
10002958:	0979a371 	.word	0x0979a371
1000295c:	400a934f 	.word	0x400a934f
10002960:	bbb55516 	.word	0xbbb55516
10002964:	40026bb1 	.word	0x40026bb1
10002968:	fefa39ef 	.word	0xfefa39ef
1000296c:	3fe62e42 	.word	0x3fe62e42
10002970:	eb1c432d 	.word	0xeb1c432d
10002974:	3f1a36e2 	.word	0x3f1a36e2
10002978:	00000000 	.word	0x00000000
1000297c:	412e8480 	.word	0x412e8480
10002980:	3ff80000 	.word	0x3ff80000
10002984:	3fe00000 	.word	0x3fe00000
10002988:	402c0000 	.word	0x402c0000
1000298c:	40240000 	.word	0x40240000
10002990:	40180000 	.word	0x40180000
10002994:	3ff00000 	.word	0x3ff00000
10002998:	509f79fb 	.word	0x509f79fb
1000299c:	3fd34413 	.word	0x3fd34413
100029a0:	8b60c8b3 	.word	0x8b60c8b3
100029a4:	3fc68a28 	.word	0x3fc68a28
100029a8:	9b12      	ldr	r3, [sp, #72]	@ 0x48
100029aa:	ebaa 0303 	sub.w	r3, sl, r3
100029ae:	930f      	str	r3, [sp, #60]	@ 0x3c
100029b0:	e796      	b.n	100028e0 <_etoa+0x480>
100029b2:	eba3 0802 	sub.w	r8, r3, r2
100029b6:	f108 38ff 	add.w	r8, r8, #4294967295
100029ba:	e643      	b.n	10002644 <_etoa+0x1e4>
100029bc:	2304      	movs	r3, #4
100029be:	9312      	str	r3, [sp, #72]	@ 0x48
100029c0:	2302      	movs	r3, #2
100029c2:	9310      	str	r3, [sp, #64]	@ 0x40
100029c4:	e78c      	b.n	100028e0 <_etoa+0x480>
100029c6:	9b10      	ldr	r3, [sp, #64]	@ 0x40
100029c8:	2b00      	cmp	r3, #0
100029ca:	d0ed      	beq.n	100029a8 <_etoa+0x548>
100029cc:	2302      	movs	r3, #2
100029ce:	920f      	str	r2, [sp, #60]	@ 0x3c
100029d0:	9310      	str	r3, [sp, #64]	@ 0x40
100029d2:	e785      	b.n	100028e0 <_etoa+0x480>

100029d4 <_vsnprintf>:
100029d4:	e92d 4ff0 	stmdb	sp!, {r4, r5, r6, r7, r8, r9, sl, fp, lr}
100029d8:	b09b      	sub	sp, #108	@ 0x6c
100029da:	9c24      	ldr	r4, [sp, #144]	@ 0x90
100029dc:	4d95      	ldr	r5, [pc, #596]	@ (10002c34 <_vsnprintf+0x260>)
100029de:	940a      	str	r4, [sp, #40]	@ 0x28
100029e0:	4c95      	ldr	r4, [pc, #596]	@ (10002c38 <_vsnprintf+0x264>)
100029e2:	f1b1 0a00 	subs.w	sl, r1, #0
100029e6:	bf18      	it	ne
100029e8:	4683      	movne	fp, r0
100029ea:	6025      	str	r5, [r4, #0]
100029ec:	7818      	ldrb	r0, [r3, #0]
100029ee:	4c93      	ldr	r4, [pc, #588]	@ (10002c3c <_vsnprintf+0x268>)
100029f0:	4691      	mov	r9, r2
100029f2:	bf08      	it	eq
100029f4:	46a3      	moveq	fp, r4
100029f6:	9309      	str	r3, [sp, #36]	@ 0x24
100029f8:	2800      	cmp	r0, #0
100029fa:	f000 8293 	beq.w	10002f24 <_vsnprintf+0x550>
100029fe:	f04f 0800 	mov.w	r8, #0
10002a02:	e00a      	b.n	10002a1a <_vsnprintf+0x46>
10002a04:	4642      	mov	r2, r8
10002a06:	464b      	mov	r3, r9
10002a08:	4651      	mov	r1, sl
10002a0a:	f108 0801 	add.w	r8, r8, #1
10002a0e:	47d8      	blx	fp
10002a10:	9b09      	ldr	r3, [sp, #36]	@ 0x24
10002a12:	7818      	ldrb	r0, [r3, #0]
10002a14:	2800      	cmp	r0, #0
10002a16:	f000 80ce 	beq.w	10002bb6 <_vsnprintf+0x1e2>
10002a1a:	9b09      	ldr	r3, [sp, #36]	@ 0x24
10002a1c:	2825      	cmp	r0, #37	@ 0x25
10002a1e:	f103 0301 	add.w	r3, r3, #1
10002a22:	9309      	str	r3, [sp, #36]	@ 0x24
10002a24:	d1ee      	bne.n	10002a04 <_vsnprintf+0x30>
10002a26:	461c      	mov	r4, r3
10002a28:	2300      	movs	r3, #0
10002a2a:	4622      	mov	r2, r4
10002a2c:	f812 0b01 	ldrb.w	r0, [r2], #1
10002a30:	f1a0 0120 	sub.w	r1, r0, #32
10002a34:	2910      	cmp	r1, #16
10002a36:	d80a      	bhi.n	10002a4e <_vsnprintf+0x7a>
10002a38:	e8df f001 	tbb	[pc, r1]
10002a3c:	3c090940 	.word	0x3c090940
10002a40:	09090909 	.word	0x09090909
10002a44:	38090909 	.word	0x38090909
10002a48:	09093409 	.word	0x09093409
10002a4c:	30          	.byte	0x30
10002a4d:	00          	.byte	0x00
10002a4e:	f1a0 0130 	sub.w	r1, r0, #48	@ 0x30
10002a52:	2909      	cmp	r1, #9
10002a54:	9409      	str	r4, [sp, #36]	@ 0x24
10002a56:	f240 808a 	bls.w	10002b6e <_vsnprintf+0x19a>
10002a5a:	282a      	cmp	r0, #42	@ 0x2a
10002a5c:	f000 80f0 	beq.w	10002c40 <_vsnprintf+0x26c>
10002a60:	2500      	movs	r5, #0
10002a62:	282e      	cmp	r0, #46	@ 0x2e
10002a64:	f000 8096 	beq.w	10002b94 <_vsnprintf+0x1c0>
10002a68:	2600      	movs	r6, #0
10002a6a:	f1a0 0168 	sub.w	r1, r0, #104	@ 0x68
10002a6e:	2912      	cmp	r1, #18
10002a70:	d82d      	bhi.n	10002ace <_vsnprintf+0xfa>
10002a72:	e8df f011 	tbh	[pc, r1, lsl #1]
10002a76:	0149      	.short	0x0149
10002a78:	0143002c 	.word	0x0143002c
10002a7c:	0138002c 	.word	0x0138002c
10002a80:	002c002c 	.word	0x002c002c
10002a84:	002c002c 	.word	0x002c002c
10002a88:	002c002c 	.word	0x002c002c
10002a8c:	0027002c 	.word	0x0027002c
10002a90:	002c002c 	.word	0x002c002c
10002a94:	002c002c 	.word	0x002c002c
10002a98:	0027002c 	.word	0x0027002c
10002a9c:	4614      	mov	r4, r2
10002a9e:	f043 0301 	orr.w	r3, r3, #1
10002aa2:	e7c2      	b.n	10002a2a <_vsnprintf+0x56>
10002aa4:	4614      	mov	r4, r2
10002aa6:	f043 0302 	orr.w	r3, r3, #2
10002aaa:	e7be      	b.n	10002a2a <_vsnprintf+0x56>
10002aac:	4614      	mov	r4, r2
10002aae:	f043 0304 	orr.w	r3, r3, #4
10002ab2:	e7ba      	b.n	10002a2a <_vsnprintf+0x56>
10002ab4:	4614      	mov	r4, r2
10002ab6:	f043 0310 	orr.w	r3, r3, #16
10002aba:	e7b6      	b.n	10002a2a <_vsnprintf+0x56>
10002abc:	4614      	mov	r4, r2
10002abe:	f043 0308 	orr.w	r3, r3, #8
10002ac2:	e7b2      	b.n	10002a2a <_vsnprintf+0x56>
10002ac4:	9909      	ldr	r1, [sp, #36]	@ 0x24
10002ac6:	7848      	ldrb	r0, [r1, #1]
10002ac8:	f443 7380 	orr.w	r3, r3, #256	@ 0x100
10002acc:	3201      	adds	r2, #1
10002ace:	2867      	cmp	r0, #103	@ 0x67
10002ad0:	9209      	str	r2, [sp, #36]	@ 0x24
10002ad2:	d87e      	bhi.n	10002bd2 <_vsnprintf+0x1fe>
10002ad4:	2824      	cmp	r0, #36	@ 0x24
10002ad6:	f240 80c1 	bls.w	10002c5c <_vsnprintf+0x288>
10002ada:	f1a0 0225 	sub.w	r2, r0, #37	@ 0x25
10002ade:	2a42      	cmp	r2, #66	@ 0x42
10002ae0:	f200 80bc 	bhi.w	10002c5c <_vsnprintf+0x288>
10002ae4:	e8df f012 	tbh	[pc, r2, lsl #1]
10002ae8:	00ba0150 	.word	0x00ba0150
10002aec:	00ba00ba 	.word	0x00ba00ba
10002af0:	00ba00ba 	.word	0x00ba00ba
10002af4:	00ba00ba 	.word	0x00ba00ba
10002af8:	00ba00ba 	.word	0x00ba00ba
10002afc:	00ba00ba 	.word	0x00ba00ba
10002b00:	00ba00ba 	.word	0x00ba00ba
10002b04:	00ba00ba 	.word	0x00ba00ba
10002b08:	00ba00ba 	.word	0x00ba00ba
10002b0c:	00ba00ba 	.word	0x00ba00ba
10002b10:	00ba00ba 	.word	0x00ba00ba
10002b14:	00ba00ba 	.word	0x00ba00ba
10002b18:	00ba00ba 	.word	0x00ba00ba
10002b1c:	00ba00ba 	.word	0x00ba00ba
10002b20:	00ba00ba 	.word	0x00ba00ba
10002b24:	00ba00ba 	.word	0x00ba00ba
10002b28:	01370119 	.word	0x01370119
10002b2c:	00ba0119 	.word	0x00ba0119
10002b30:	00ba00ba 	.word	0x00ba00ba
10002b34:	00ba00ba 	.word	0x00ba00ba
10002b38:	00ba00ba 	.word	0x00ba00ba
10002b3c:	00ba00ba 	.word	0x00ba00ba
10002b40:	00ba00ba 	.word	0x00ba00ba
10002b44:	00ba00ba 	.word	0x00ba00ba
10002b48:	00ba00ba 	.word	0x00ba00ba
10002b4c:	01bc00ba 	.word	0x01bc00ba
10002b50:	00ba00ba 	.word	0x00ba00ba
10002b54:	00ba00ba 	.word	0x00ba00ba
10002b58:	00ba00ba 	.word	0x00ba00ba
10002b5c:	00ba00ba 	.word	0x00ba00ba
10002b60:	01bc00ba 	.word	0x01bc00ba
10002b64:	01bc0158 	.word	0x01bc0158
10002b68:	01370119 	.word	0x01370119
10002b6c:	0119      	.short	0x0119
10002b6e:	2500      	movs	r5, #0
10002b70:	e000      	b.n	10002b74 <_vsnprintf+0x1a0>
10002b72:	3201      	adds	r2, #1
10002b74:	eb05 0585 	add.w	r5, r5, r5, lsl #2
10002b78:	eb00 0545 	add.w	r5, r0, r5, lsl #1
10002b7c:	7810      	ldrb	r0, [r2, #0]
10002b7e:	3d30      	subs	r5, #48	@ 0x30
10002b80:	f1a0 0130 	sub.w	r1, r0, #48	@ 0x30
10002b84:	2909      	cmp	r1, #9
10002b86:	d9f4      	bls.n	10002b72 <_vsnprintf+0x19e>
10002b88:	282e      	cmp	r0, #46	@ 0x2e
10002b8a:	9209      	str	r2, [sp, #36]	@ 0x24
10002b8c:	f102 0201 	add.w	r2, r2, #1
10002b90:	f47f af6a 	bne.w	10002a68 <_vsnprintf+0x94>
10002b94:	9909      	ldr	r1, [sp, #36]	@ 0x24
10002b96:	f443 6380 	orr.w	r3, r3, #1024	@ 0x400
10002b9a:	7848      	ldrb	r0, [r1, #1]
10002b9c:	4611      	mov	r1, r2
10002b9e:	f1a0 0630 	sub.w	r6, r0, #48	@ 0x30
10002ba2:	2e09      	cmp	r6, #9
10002ba4:	f240 8121 	bls.w	10002dea <_vsnprintf+0x416>
10002ba8:	282a      	cmp	r0, #42	@ 0x2a
10002baa:	f000 812f 	beq.w	10002e0c <_vsnprintf+0x438>
10002bae:	9209      	str	r2, [sp, #36]	@ 0x24
10002bb0:	2600      	movs	r6, #0
10002bb2:	3201      	adds	r2, #1
10002bb4:	e759      	b.n	10002a6a <_vsnprintf+0x96>
10002bb6:	4644      	mov	r4, r8
10002bb8:	45c1      	cmp	r9, r8
10002bba:	d801      	bhi.n	10002bc0 <_vsnprintf+0x1ec>
10002bbc:	f109 38ff 	add.w	r8, r9, #4294967295
10002bc0:	464b      	mov	r3, r9
10002bc2:	4642      	mov	r2, r8
10002bc4:	4651      	mov	r1, sl
10002bc6:	2000      	movs	r0, #0
10002bc8:	47d8      	blx	fp
10002bca:	4620      	mov	r0, r4
10002bcc:	b01b      	add	sp, #108	@ 0x6c
10002bce:	e8bd 8ff0 	ldmia.w	sp!, {r4, r5, r6, r7, r8, r9, sl, fp, pc}
10002bd2:	f1a0 0269 	sub.w	r2, r0, #105	@ 0x69
10002bd6:	b2d2      	uxtb	r2, r2
10002bd8:	2a0f      	cmp	r2, #15
10002bda:	d83f      	bhi.n	10002c5c <_vsnprintf+0x288>
10002bdc:	2101      	movs	r1, #1
10002bde:	f249 0741 	movw	r7, #36929	@ 0x9041
10002be2:	4091      	lsls	r1, r2
10002be4:	4039      	ands	r1, r7
10002be6:	f040 80f3 	bne.w	10002dd0 <_vsnprintf+0x3fc>
10002bea:	2a0a      	cmp	r2, #10
10002bec:	d03d      	beq.n	10002c6a <_vsnprintf+0x296>
10002bee:	2a07      	cmp	r2, #7
10002bf0:	d134      	bne.n	10002c5c <_vsnprintf+0x288>
10002bf2:	9d0a      	ldr	r5, [sp, #40]	@ 0x28
10002bf4:	f855 2b04 	ldr.w	r2, [r5], #4
10002bf8:	2a00      	cmp	r2, #0
10002bfa:	f000 8113 	beq.w	10002e24 <_vsnprintf+0x450>
10002bfe:	f043 0021 	orr.w	r0, r3, #33	@ 0x21
10002c02:	ab12      	add	r3, sp, #72	@ 0x48
10002c04:	461f      	mov	r7, r3
10002c06:	930b      	str	r3, [sp, #44]	@ 0x2c
10002c08:	e003      	b.n	10002c12 <_vsnprintf+0x23e>
10002c0a:	2920      	cmp	r1, #32
10002c0c:	f000 8114 	beq.w	10002e38 <_vsnprintf+0x464>
10002c10:	461a      	mov	r2, r3
10002c12:	f002 040f 	and.w	r4, r2, #15
10002c16:	4623      	mov	r3, r4
10002c18:	2c09      	cmp	r4, #9
10002c1a:	bf94      	ite	ls
10002c1c:	3330      	addls	r3, #48	@ 0x30
10002c1e:	3337      	addhi	r3, #55	@ 0x37
10002c20:	2a0f      	cmp	r2, #15
10002c22:	f807 3b01 	strb.w	r3, [r7], #1
10002c26:	f101 0101 	add.w	r1, r1, #1
10002c2a:	ea4f 1312 	mov.w	r3, r2, lsr #4
10002c2e:	d8ec      	bhi.n	10002c0a <_vsnprintf+0x236>
10002c30:	e102      	b.n	10002e38 <_vsnprintf+0x464>
10002c32:	bf00      	nop
10002c34:	100029d5 	.word	0x100029d5
10002c38:	20001e98 	.word	0x20001e98
10002c3c:	10001d19 	.word	0x10001d19
10002c40:	990a      	ldr	r1, [sp, #40]	@ 0x28
10002c42:	9809      	ldr	r0, [sp, #36]	@ 0x24
10002c44:	f851 5b04 	ldr.w	r5, [r1], #4
10002c48:	7840      	ldrb	r0, [r0, #1]
10002c4a:	2d00      	cmp	r5, #0
10002c4c:	e9cd 2109 	strd	r2, r1, [sp, #36]	@ 0x24
10002c50:	bfbc      	itt	lt
10002c52:	f043 0302 	orrlt.w	r3, r3, #2
10002c56:	426d      	neglt	r5, r5
10002c58:	3201      	adds	r2, #1
10002c5a:	e702      	b.n	10002a62 <_vsnprintf+0x8e>
10002c5c:	4642      	mov	r2, r8
10002c5e:	464b      	mov	r3, r9
10002c60:	4651      	mov	r1, sl
10002c62:	f108 0801 	add.w	r8, r8, #1
10002c66:	47d8      	blx	fp
10002c68:	e6d2      	b.n	10002a10 <_vsnprintf+0x3c>
10002c6a:	990a      	ldr	r1, [sp, #40]	@ 0x28
10002c6c:	2e00      	cmp	r6, #0
10002c6e:	f851 7b04 	ldr.w	r7, [r1], #4
10002c72:	bf18      	it	ne
10002c74:	4632      	movne	r2, r6
10002c76:	7838      	ldrb	r0, [r7, #0]
10002c78:	bf08      	it	eq
10002c7a:	f04f 32ff 	moveq.w	r2, #4294967295
10002c7e:	2800      	cmp	r0, #0
10002c80:	f000 837b 	beq.w	1000337a <_vsnprintf+0x9a6>
10002c84:	18bc      	adds	r4, r7, r2
10002c86:	46a4      	mov	ip, r4
10002c88:	463a      	mov	r2, r7
10002c8a:	e004      	b.n	10002c96 <_vsnprintf+0x2c2>
10002c8c:	f812 4f01 	ldrb.w	r4, [r2, #1]!
10002c90:	2c00      	cmp	r4, #0
10002c92:	f000 813f 	beq.w	10002f14 <_vsnprintf+0x540>
10002c96:	4594      	cmp	ip, r2
10002c98:	d1f8      	bne.n	10002c8c <_vsnprintf+0x2b8>
10002c9a:	4664      	mov	r4, ip
10002c9c:	1be4      	subs	r4, r4, r7
10002c9e:	055a      	lsls	r2, r3, #21
10002ca0:	f140 8122 	bpl.w	10002ee8 <_vsnprintf+0x514>
10002ca4:	42b4      	cmp	r4, r6
10002ca6:	bf28      	it	cs
10002ca8:	4634      	movcs	r4, r6
10002caa:	f013 0302 	ands.w	r3, r3, #2
10002cae:	f000 8288 	beq.w	100031c2 <_vsnprintf+0x7ee>
10002cb2:	2302      	movs	r3, #2
10002cb4:	e9cd 510a 	strd	r5, r1, [sp, #40]	@ 0x28
10002cb8:	4642      	mov	r2, r8
10002cba:	461d      	mov	r5, r3
10002cbc:	4446      	add	r6, r8
10002cbe:	e008      	b.n	10002cd2 <_vsnprintf+0x2fe>
10002cc0:	464b      	mov	r3, r9
10002cc2:	4651      	mov	r1, sl
10002cc4:	47d8      	blx	fp
10002cc6:	f817 0f01 	ldrb.w	r0, [r7, #1]!
10002cca:	f108 0801 	add.w	r8, r8, #1
10002cce:	b110      	cbz	r0, 10002cd6 <_vsnprintf+0x302>
10002cd0:	4642      	mov	r2, r8
10002cd2:	4546      	cmp	r6, r8
10002cd4:	d1f4      	bne.n	10002cc0 <_vsnprintf+0x2ec>
10002cd6:	462b      	mov	r3, r5
10002cd8:	990b      	ldr	r1, [sp, #44]	@ 0x2c
10002cda:	9d0a      	ldr	r5, [sp, #40]	@ 0x28
10002cdc:	2b00      	cmp	r3, #0
10002cde:	f040 8141 	bne.w	10002f64 <_vsnprintf+0x590>
10002ce2:	910a      	str	r1, [sp, #40]	@ 0x28
10002ce4:	e694      	b.n	10002a10 <_vsnprintf+0x3c>
10002ce6:	9909      	ldr	r1, [sp, #36]	@ 0x24
10002ce8:	7848      	ldrb	r0, [r1, #1]
10002cea:	286c      	cmp	r0, #108	@ 0x6c
10002cec:	f47f aeec 	bne.w	10002ac8 <_vsnprintf+0xf4>
10002cf0:	460a      	mov	r2, r1
10002cf2:	7888      	ldrb	r0, [r1, #2]
10002cf4:	f443 7340 	orr.w	r3, r3, #768	@ 0x300
10002cf8:	3203      	adds	r2, #3
10002cfa:	e6e8      	b.n	10002ace <_vsnprintf+0xfa>
10002cfc:	9909      	ldr	r1, [sp, #36]	@ 0x24
10002cfe:	f443 7300 	orr.w	r3, r3, #512	@ 0x200
10002d02:	7848      	ldrb	r0, [r1, #1]
10002d04:	3201      	adds	r2, #1
10002d06:	e6e2      	b.n	10002ace <_vsnprintf+0xfa>
10002d08:	9909      	ldr	r1, [sp, #36]	@ 0x24
10002d0a:	7848      	ldrb	r0, [r1, #1]
10002d0c:	2868      	cmp	r0, #104	@ 0x68
10002d0e:	f000 8103 	beq.w	10002f18 <_vsnprintf+0x544>
10002d12:	f043 0380 	orr.w	r3, r3, #128	@ 0x80
10002d16:	3201      	adds	r2, #1
10002d18:	e6d9      	b.n	10002ace <_vsnprintf+0xfa>
10002d1a:	2867      	cmp	r0, #103	@ 0x67
10002d1c:	f000 80d9 	beq.w	10002ed2 <_vsnprintf+0x4fe>
10002d20:	2847      	cmp	r0, #71	@ 0x47
10002d22:	f000 80dc 	beq.w	10002ede <_vsnprintf+0x50a>
10002d26:	2845      	cmp	r0, #69	@ 0x45
10002d28:	f000 80db 	beq.w	10002ee2 <_vsnprintf+0x50e>
10002d2c:	e9cd 5303 	strd	r5, r3, [sp, #12]
10002d30:	9b0a      	ldr	r3, [sp, #40]	@ 0x28
10002d32:	9602      	str	r6, [sp, #8]
10002d34:	3307      	adds	r3, #7
10002d36:	f023 0307 	bic.w	r3, r3, #7
10002d3a:	461c      	mov	r4, r3
10002d3c:	4642      	mov	r2, r8
10002d3e:	e8f4 6702 	ldrd	r6, r7, [r4], #8
10002d42:	464b      	mov	r3, r9
10002d44:	4651      	mov	r1, sl
10002d46:	4658      	mov	r0, fp
10002d48:	e9cd 6700 	strd	r6, r7, [sp]
10002d4c:	940a      	str	r4, [sp, #40]	@ 0x28
10002d4e:	f7ff fb87 	bl	10002460 <_etoa>
10002d52:	4680      	mov	r8, r0
10002d54:	e65c      	b.n	10002a10 <_vsnprintf+0x3c>
10002d56:	2846      	cmp	r0, #70	@ 0x46
10002d58:	bf08      	it	eq
10002d5a:	f043 0320 	orreq.w	r3, r3, #32
10002d5e:	e9cd 5303 	strd	r5, r3, [sp, #12]
10002d62:	9b0a      	ldr	r3, [sp, #40]	@ 0x28
10002d64:	9602      	str	r6, [sp, #8]
10002d66:	3307      	adds	r3, #7
10002d68:	f023 0307 	bic.w	r3, r3, #7
10002d6c:	461c      	mov	r4, r3
10002d6e:	4642      	mov	r2, r8
10002d70:	e8f4 6702 	ldrd	r6, r7, [r4], #8
10002d74:	464b      	mov	r3, r9
10002d76:	4651      	mov	r1, sl
10002d78:	4658      	mov	r0, fp
10002d7a:	e9cd 6700 	strd	r6, r7, [sp]
10002d7e:	940a      	str	r4, [sp, #40]	@ 0x28
10002d80:	f7ff f90e 	bl	10001fa0 <_ftoa>
10002d84:	4680      	mov	r8, r0
10002d86:	e643      	b.n	10002a10 <_vsnprintf+0x3c>
10002d88:	4642      	mov	r2, r8
10002d8a:	464b      	mov	r3, r9
10002d8c:	4651      	mov	r1, sl
10002d8e:	2025      	movs	r0, #37	@ 0x25
10002d90:	f108 0801 	add.w	r8, r8, #1
10002d94:	47d8      	blx	fp
10002d96:	e63b      	b.n	10002a10 <_vsnprintf+0x3c>
10002d98:	9a0a      	ldr	r2, [sp, #40]	@ 0x28
10002d9a:	0799      	lsls	r1, r3, #30
10002d9c:	f102 0404 	add.w	r4, r2, #4
10002da0:	f108 0601 	add.w	r6, r8, #1
10002da4:	f140 80c6 	bpl.w	10002f34 <_vsnprintf+0x560>
10002da8:	7810      	ldrb	r0, [r2, #0]
10002daa:	464b      	mov	r3, r9
10002dac:	4642      	mov	r2, r8
10002dae:	4651      	mov	r1, sl
10002db0:	47d8      	blx	fp
10002db2:	2d01      	cmp	r5, #1
10002db4:	bf88      	it	hi
10002db6:	44a8      	addhi	r8, r5
10002db8:	f240 81bd 	bls.w	10003136 <_vsnprintf+0x762>
10002dbc:	4632      	mov	r2, r6
10002dbe:	464b      	mov	r3, r9
10002dc0:	4651      	mov	r1, sl
10002dc2:	2020      	movs	r0, #32
10002dc4:	3601      	adds	r6, #1
10002dc6:	47d8      	blx	fp
10002dc8:	4546      	cmp	r6, r8
10002dca:	d1f7      	bne.n	10002dbc <_vsnprintf+0x3e8>
10002dcc:	940a      	str	r4, [sp, #40]	@ 0x28
10002dce:	e61f      	b.n	10002a10 <_vsnprintf+0x3c>
10002dd0:	286f      	cmp	r0, #111	@ 0x6f
10002dd2:	f000 8081 	beq.w	10002ed8 <_vsnprintf+0x504>
10002dd6:	f240 8248 	bls.w	1000326a <_vsnprintf+0x896>
10002dda:	2878      	cmp	r0, #120	@ 0x78
10002ddc:	f000 8190 	beq.w	10003100 <_vsnprintf+0x72c>
10002de0:	270a      	movs	r7, #10
10002de2:	f023 0310 	bic.w	r3, r3, #16
10002de6:	46bc      	mov	ip, r7
10002de8:	e041      	b.n	10002e6e <_vsnprintf+0x49a>
10002dea:	2600      	movs	r6, #0
10002dec:	eb06 0686 	add.w	r6, r6, r6, lsl #2
10002df0:	eb00 0046 	add.w	r0, r0, r6, lsl #1
10002df4:	f1a0 0630 	sub.w	r6, r0, #48	@ 0x30
10002df8:	f811 0f01 	ldrb.w	r0, [r1, #1]!
10002dfc:	f1a0 0230 	sub.w	r2, r0, #48	@ 0x30
10002e00:	2a09      	cmp	r2, #9
10002e02:	d9f3      	bls.n	10002dec <_vsnprintf+0x418>
10002e04:	460a      	mov	r2, r1
10002e06:	9109      	str	r1, [sp, #36]	@ 0x24
10002e08:	3201      	adds	r2, #1
10002e0a:	e62e      	b.n	10002a6a <_vsnprintf+0x96>
10002e0c:	e9dd 2109 	ldrd	r2, r1, [sp, #36]	@ 0x24
10002e10:	f851 6b04 	ldr.w	r6, [r1], #4
10002e14:	7890      	ldrb	r0, [r2, #2]
10002e16:	3202      	adds	r2, #2
10002e18:	9209      	str	r2, [sp, #36]	@ 0x24
10002e1a:	910a      	str	r1, [sp, #40]	@ 0x28
10002e1c:	3201      	adds	r2, #1
10002e1e:	ea26 76e6 	bic.w	r6, r6, r6, asr #31
10002e22:	e622      	b.n	10002a6a <_vsnprintf+0x96>
10002e24:	f023 0010 	bic.w	r0, r3, #16
10002e28:	f413 6280 	ands.w	r2, r3, #1024	@ 0x400
10002e2c:	f040 0021 	orr.w	r0, r0, #33	@ 0x21
10002e30:	f43f aee7 	beq.w	10002c02 <_vsnprintf+0x22e>
10002e34:	ab12      	add	r3, sp, #72	@ 0x48
10002e36:	930b      	str	r3, [sp, #44]	@ 0x2c
10002e38:	9b0b      	ldr	r3, [sp, #44]	@ 0x2c
10002e3a:	9006      	str	r0, [sp, #24]
10002e3c:	9300      	str	r3, [sp, #0]
10002e3e:	2308      	movs	r3, #8
10002e40:	2010      	movs	r0, #16
10002e42:	9305      	str	r3, [sp, #20]
10002e44:	2300      	movs	r3, #0
10002e46:	4642      	mov	r2, r8
10002e48:	e9cd 3002 	strd	r3, r0, [sp, #8]
10002e4c:	9101      	str	r1, [sp, #4]
10002e4e:	464b      	mov	r3, r9
10002e50:	4651      	mov	r1, sl
10002e52:	4658      	mov	r0, fp
10002e54:	9604      	str	r6, [sp, #16]
10002e56:	f7fe ffaf 	bl	10001db8 <_ntoa_format>
10002e5a:	950a      	str	r5, [sp, #40]	@ 0x28
10002e5c:	4680      	mov	r8, r0
10002e5e:	e5d7      	b.n	10002a10 <_vsnprintf+0x3c>
10002e60:	2858      	cmp	r0, #88	@ 0x58
10002e62:	d062      	beq.n	10002f2a <_vsnprintf+0x556>
10002e64:	2862      	cmp	r0, #98	@ 0x62
10002e66:	f040 808f 	bne.w	10002f88 <_vsnprintf+0x5b4>
10002e6a:	2702      	movs	r7, #2
10002e6c:	46bc      	mov	ip, r7
10002e6e:	f413 6080 	ands.w	r0, r3, #1024	@ 0x400
10002e72:	f000 80dd 	beq.w	10003030 <_vsnprintf+0x65c>
10002e76:	f023 030d 	bic.w	r3, r3, #13
10002e7a:	f413 7200 	ands.w	r2, r3, #512	@ 0x200
10002e7e:	f040 8181 	bne.w	10003184 <_vsnprintf+0x7b0>
10002e82:	990a      	ldr	r1, [sp, #40]	@ 0x28
10002e84:	1d0f      	adds	r7, r1, #4
10002e86:	f413 7180 	ands.w	r1, r3, #256	@ 0x100
10002e8a:	f040 8237 	bne.w	100032fc <_vsnprintf+0x928>
10002e8e:	065c      	lsls	r4, r3, #25
10002e90:	9a0a      	ldr	r2, [sp, #40]	@ 0x28
10002e92:	f140 813b 	bpl.w	1000310c <_vsnprintf+0x738>
10002e96:	7812      	ldrb	r2, [r2, #0]
10002e98:	2a00      	cmp	r2, #0
10002e9a:	f040 814e 	bne.w	1000313a <_vsnprintf+0x766>
10002e9e:	f023 0310 	bic.w	r3, r3, #16
10002ea2:	2800      	cmp	r0, #0
10002ea4:	f000 8149 	beq.w	1000313a <_vsnprintf+0x766>
10002ea8:	4611      	mov	r1, r2
10002eaa:	aa12      	add	r2, sp, #72	@ 0x48
10002eac:	920b      	str	r2, [sp, #44]	@ 0x2c
10002eae:	e9cd 5305 	strd	r5, r3, [sp, #20]
10002eb2:	e9cd c603 	strd	ip, r6, [sp, #12]
10002eb6:	9101      	str	r1, [sp, #4]
10002eb8:	9b0b      	ldr	r3, [sp, #44]	@ 0x2c
10002eba:	4642      	mov	r2, r8
10002ebc:	9300      	str	r3, [sp, #0]
10002ebe:	2300      	movs	r3, #0
10002ec0:	4651      	mov	r1, sl
10002ec2:	9302      	str	r3, [sp, #8]
10002ec4:	4658      	mov	r0, fp
10002ec6:	464b      	mov	r3, r9
10002ec8:	f7fe ff76 	bl	10001db8 <_ntoa_format>
10002ecc:	970a      	str	r7, [sp, #40]	@ 0x28
10002ece:	4680      	mov	r8, r0
10002ed0:	e59e      	b.n	10002a10 <_vsnprintf+0x3c>
10002ed2:	f443 6300 	orr.w	r3, r3, #2048	@ 0x800
10002ed6:	e729      	b.n	10002d2c <_vsnprintf+0x358>
10002ed8:	2708      	movs	r7, #8
10002eda:	46bc      	mov	ip, r7
10002edc:	e7c7      	b.n	10002e6e <_vsnprintf+0x49a>
10002ede:	f443 6300 	orr.w	r3, r3, #2048	@ 0x800
10002ee2:	f043 0320 	orr.w	r3, r3, #32
10002ee6:	e721      	b.n	10002d2c <_vsnprintf+0x358>
10002ee8:	f013 0302 	ands.w	r3, r3, #2
10002eec:	f000 818e 	beq.w	1000320c <_vsnprintf+0x838>
10002ef0:	2302      	movs	r3, #2
10002ef2:	950a      	str	r5, [sp, #40]	@ 0x28
10002ef4:	461e      	mov	r6, r3
10002ef6:	460d      	mov	r5, r1
10002ef8:	4642      	mov	r2, r8
10002efa:	464b      	mov	r3, r9
10002efc:	4651      	mov	r1, sl
10002efe:	47d8      	blx	fp
10002f00:	f817 0f01 	ldrb.w	r0, [r7, #1]!
10002f04:	f108 0801 	add.w	r8, r8, #1
10002f08:	2800      	cmp	r0, #0
10002f0a:	d1f5      	bne.n	10002ef8 <_vsnprintf+0x524>
10002f0c:	4629      	mov	r1, r5
10002f0e:	4633      	mov	r3, r6
10002f10:	9d0a      	ldr	r5, [sp, #40]	@ 0x28
10002f12:	e6e3      	b.n	10002cdc <_vsnprintf+0x308>
10002f14:	1bd4      	subs	r4, r2, r7
10002f16:	e6c2      	b.n	10002c9e <_vsnprintf+0x2ca>
10002f18:	460a      	mov	r2, r1
10002f1a:	7888      	ldrb	r0, [r1, #2]
10002f1c:	f043 03c0 	orr.w	r3, r3, #192	@ 0xc0
10002f20:	3203      	adds	r2, #3
10002f22:	e5d4      	b.n	10002ace <_vsnprintf+0xfa>
10002f24:	4604      	mov	r4, r0
10002f26:	4680      	mov	r8, r0
10002f28:	e646      	b.n	10002bb8 <_vsnprintf+0x1e4>
10002f2a:	2710      	movs	r7, #16
10002f2c:	f043 0320 	orr.w	r3, r3, #32
10002f30:	46bc      	mov	ip, r7
10002f32:	e79c      	b.n	10002e6e <_vsnprintf+0x49a>
10002f34:	2d01      	cmp	r5, #1
10002f36:	f240 80f8 	bls.w	1000312a <_vsnprintf+0x756>
10002f3a:	4646      	mov	r6, r8
10002f3c:	f108 37ff 	add.w	r7, r8, #4294967295
10002f40:	442f      	add	r7, r5
10002f42:	4632      	mov	r2, r6
10002f44:	464b      	mov	r3, r9
10002f46:	4651      	mov	r1, sl
10002f48:	2020      	movs	r0, #32
10002f4a:	3601      	adds	r6, #1
10002f4c:	47d8      	blx	fp
10002f4e:	42be      	cmp	r6, r7
10002f50:	d1f7      	bne.n	10002f42 <_vsnprintf+0x56e>
10002f52:	9b0a      	ldr	r3, [sp, #40]	@ 0x28
10002f54:	4632      	mov	r2, r6
10002f56:	7818      	ldrb	r0, [r3, #0]
10002f58:	4651      	mov	r1, sl
10002f5a:	464b      	mov	r3, r9
10002f5c:	47d8      	blx	fp
10002f5e:	44a8      	add	r8, r5
10002f60:	940a      	str	r4, [sp, #40]	@ 0x28
10002f62:	e555      	b.n	10002a10 <_vsnprintf+0x3c>
10002f64:	4646      	mov	r6, r8
10002f66:	42a5      	cmp	r5, r4
10002f68:	f67f aebb 	bls.w	10002ce2 <_vsnprintf+0x30e>
10002f6c:	44a8      	add	r8, r5
10002f6e:	eba8 0804 	sub.w	r8, r8, r4
10002f72:	460c      	mov	r4, r1
10002f74:	4632      	mov	r2, r6
10002f76:	464b      	mov	r3, r9
10002f78:	4651      	mov	r1, sl
10002f7a:	2020      	movs	r0, #32
10002f7c:	3601      	adds	r6, #1
10002f7e:	47d8      	blx	fp
10002f80:	4546      	cmp	r6, r8
10002f82:	d1f7      	bne.n	10002f74 <_vsnprintf+0x5a0>
10002f84:	4621      	mov	r1, r4
10002f86:	e6ac      	b.n	10002ce2 <_vsnprintf+0x30e>
10002f88:	f413 6280 	ands.w	r2, r3, #1024	@ 0x400
10002f8c:	f000 80bb 	beq.w	10003106 <_vsnprintf+0x732>
10002f90:	f44f 6280 	mov.w	r2, #1024	@ 0x400
10002f94:	f023 0c11 	bic.w	ip, r3, #17
10002f98:	f41c 7700 	ands.w	r7, ip, #512	@ 0x200
10002f9c:	9b0a      	ldr	r3, [sp, #40]	@ 0x28
10002f9e:	d14a      	bne.n	10003036 <_vsnprintf+0x662>
10002fa0:	f41c 7080 	ands.w	r0, ip, #256	@ 0x100
10002fa4:	f103 0404 	add.w	r4, r3, #4
10002fa8:	f040 8134 	bne.w	10003214 <_vsnprintf+0x840>
10002fac:	f01c 0f40 	tst.w	ip, #64	@ 0x40
10002fb0:	f040 80a3 	bne.w	100030fa <_vsnprintf+0x726>
10002fb4:	f01c 0f80 	tst.w	ip, #128	@ 0x80
10002fb8:	f000 81d3 	beq.w	10003362 <_vsnprintf+0x98e>
10002fbc:	f9b3 1000 	ldrsh.w	r1, [r3]
10002fc0:	ea81 77e1 	eor.w	r7, r1, r1, asr #31
10002fc4:	eba7 77e1 	sub.w	r7, r7, r1, asr #31
10002fc8:	b2bf      	uxth	r7, r7
10002fca:	0fcb      	lsrs	r3, r1, #31
10002fcc:	2900      	cmp	r1, #0
10002fce:	f000 8156 	beq.w	1000327e <_vsnprintf+0x8aa>
10002fd2:	463a      	mov	r2, r7
10002fd4:	a912      	add	r1, sp, #72	@ 0x48
10002fd6:	460f      	mov	r7, r1
10002fd8:	f8df e3d8 	ldr.w	lr, [pc, #984]	@ 100033b4 <_vsnprintf+0x9e0>
10002fdc:	910b      	str	r1, [sp, #44]	@ 0x2c
10002fde:	930a      	str	r3, [sp, #40]	@ 0x28
10002fe0:	950c      	str	r5, [sp, #48]	@ 0x30
10002fe2:	e001      	b.n	10002fe8 <_vsnprintf+0x614>
10002fe4:	2820      	cmp	r0, #32
10002fe6:	d00f      	beq.n	10003008 <_vsnprintf+0x634>
10002fe8:	4615      	mov	r5, r2
10002fea:	fbae 1302 	umull	r1, r3, lr, r2
10002fee:	08db      	lsrs	r3, r3, #3
10002ff0:	eb03 0183 	add.w	r1, r3, r3, lsl #2
10002ff4:	eba2 0141 	sub.w	r1, r2, r1, lsl #1
10002ff8:	3130      	adds	r1, #48	@ 0x30
10002ffa:	2d09      	cmp	r5, #9
10002ffc:	461a      	mov	r2, r3
10002ffe:	f100 0001 	add.w	r0, r0, #1
10003002:	f807 1b01 	strb.w	r1, [r7], #1
10003006:	d8ed      	bhi.n	10002fe4 <_vsnprintf+0x610>
10003008:	9b0a      	ldr	r3, [sp, #40]	@ 0x28
1000300a:	9d0c      	ldr	r5, [sp, #48]	@ 0x30
1000300c:	e9cd 5c05 	strd	r5, ip, [sp, #20]
10003010:	e9cd 0301 	strd	r0, r3, [sp, #4]
10003014:	9604      	str	r6, [sp, #16]
10003016:	9b0b      	ldr	r3, [sp, #44]	@ 0x2c
10003018:	4642      	mov	r2, r8
1000301a:	9300      	str	r3, [sp, #0]
1000301c:	230a      	movs	r3, #10
1000301e:	4651      	mov	r1, sl
10003020:	9303      	str	r3, [sp, #12]
10003022:	4658      	mov	r0, fp
10003024:	464b      	mov	r3, r9
10003026:	f7fe fec7 	bl	10001db8 <_ntoa_format>
1000302a:	940a      	str	r4, [sp, #40]	@ 0x28
1000302c:	4680      	mov	r8, r0
1000302e:	e4ef      	b.n	10002a10 <_vsnprintf+0x3c>
10003030:	f023 030c 	bic.w	r3, r3, #12
10003034:	e721      	b.n	10002e7a <_vsnprintf+0x4a6>
10003036:	3307      	adds	r3, #7
10003038:	f023 0307 	bic.w	r3, r3, #7
1000303c:	4619      	mov	r1, r3
1000303e:	4608      	mov	r0, r1
10003040:	685b      	ldr	r3, [r3, #4]
10003042:	f850 1b08 	ldr.w	r1, [r0], #8
10003046:	0fdf      	lsrs	r7, r3, #31
10003048:	900a      	str	r0, [sp, #40]	@ 0x28
1000304a:	ea51 0003 	orrs.w	r0, r1, r3
1000304e:	d162      	bne.n	10003116 <_vsnprintf+0x742>
10003050:	2a00      	cmp	r2, #0
10003052:	f040 819f 	bne.w	10003394 <_vsnprintf+0x9c0>
10003056:	4613      	mov	r3, r2
10003058:	4611      	mov	r1, r2
1000305a:	aa12      	add	r2, sp, #72	@ 0x48
1000305c:	e9cd 750c 	strd	r7, r5, [sp, #48]	@ 0x30
10003060:	2000      	movs	r0, #0
10003062:	4615      	mov	r5, r2
10003064:	e9cd 680e 	strd	r6, r8, [sp, #56]	@ 0x38
10003068:	f8df e348 	ldr.w	lr, [pc, #840]	@ 100033b4 <_vsnprintf+0x9e0>
1000306c:	920b      	str	r2, [sp, #44]	@ 0x2c
1000306e:	e001      	b.n	10003074 <_vsnprintf+0x6a0>
10003070:	2820      	cmp	r0, #32
10003072:	d02d      	beq.n	100030d0 <_vsnprintf+0x6fc>
10003074:	185a      	adds	r2, r3, r1
10003076:	f142 0200 	adc.w	r2, r2, #0
1000307a:	fbae 7802 	umull	r7, r8, lr, r2
1000307e:	f028 0703 	bic.w	r7, r8, #3
10003082:	eb07 0798 	add.w	r7, r7, r8, lsr #2
10003086:	1bd2      	subs	r2, r2, r7
10003088:	461e      	mov	r6, r3
1000308a:	1a9b      	subs	r3, r3, r2
1000308c:	f161 0700 	sbc.w	r7, r1, #0
10003090:	460c      	mov	r4, r1
10003092:	f04f 31cc 	mov.w	r1, #3435973836	@ 0xcccccccc
10003096:	fb01 f103 	mul.w	r1, r1, r3
1000309a:	fb0e 1107 	mla	r1, lr, r7, r1
1000309e:	fba3 730e 	umull	r7, r3, r3, lr
100030a2:	4419      	add	r1, r3
100030a4:	2305      	movs	r3, #5
100030a6:	f007 0801 	and.w	r8, r7, #1
100030aa:	fba8 3803 	umull	r3, r8, r8, r3
100030ae:	189b      	adds	r3, r3, r2
100030b0:	2e0a      	cmp	r6, #10
100030b2:	f103 0330 	add.w	r3, r3, #48	@ 0x30
100030b6:	ea4f 0757 	mov.w	r7, r7, lsr #1
100030ba:	f174 0400 	sbcs.w	r4, r4, #0
100030be:	f805 3b01 	strb.w	r3, [r5], #1
100030c2:	f100 0001 	add.w	r0, r0, #1
100030c6:	ea47 73c1 	orr.w	r3, r7, r1, lsl #31
100030ca:	ea4f 0151 	mov.w	r1, r1, lsr #1
100030ce:	d2cf      	bcs.n	10003070 <_vsnprintf+0x69c>
100030d0:	e9dd 750c 	ldrd	r7, r5, [sp, #48]	@ 0x30
100030d4:	e9dd 680e 	ldrd	r6, r8, [sp, #56]	@ 0x38
100030d8:	9b0b      	ldr	r3, [sp, #44]	@ 0x2c
100030da:	4642      	mov	r2, r8
100030dc:	9300      	str	r3, [sp, #0]
100030de:	230a      	movs	r3, #10
100030e0:	e9cd 5c05 	strd	r5, ip, [sp, #20]
100030e4:	e9cd 0701 	strd	r0, r7, [sp, #4]
100030e8:	9604      	str	r6, [sp, #16]
100030ea:	9303      	str	r3, [sp, #12]
100030ec:	464b      	mov	r3, r9
100030ee:	4651      	mov	r1, sl
100030f0:	4658      	mov	r0, fp
100030f2:	f7fe fe61 	bl	10001db8 <_ntoa_format>
100030f6:	4680      	mov	r8, r0
100030f8:	e48a      	b.n	10002a10 <_vsnprintf+0x3c>
100030fa:	7819      	ldrb	r1, [r3, #0]
100030fc:	460f      	mov	r7, r1
100030fe:	e764      	b.n	10002fca <_vsnprintf+0x5f6>
10003100:	2710      	movs	r7, #16
10003102:	46bc      	mov	ip, r7
10003104:	e6b3      	b.n	10002e6e <_vsnprintf+0x49a>
10003106:	f023 0c10 	bic.w	ip, r3, #16
1000310a:	e745      	b.n	10002f98 <_vsnprintf+0x5c4>
1000310c:	061c      	lsls	r4, r3, #24
1000310e:	bf4c      	ite	mi
10003110:	8812      	ldrhmi	r2, [r2, #0]
10003112:	6812      	ldrpl	r2, [r2, #0]
10003114:	e6c0      	b.n	10002e98 <_vsnprintf+0x4c4>
10003116:	460a      	mov	r2, r1
10003118:	1e19      	subs	r1, r3, #0
1000311a:	db01      	blt.n	10003120 <_vsnprintf+0x74c>
1000311c:	4613      	mov	r3, r2
1000311e:	e79c      	b.n	1000305a <_vsnprintf+0x686>
10003120:	4252      	negs	r2, r2
10003122:	4613      	mov	r3, r2
10003124:	eb61 0141 	sbc.w	r1, r1, r1, lsl #1
10003128:	e797      	b.n	1000305a <_vsnprintf+0x686>
1000312a:	4613      	mov	r3, r2
1000312c:	4651      	mov	r1, sl
1000312e:	7818      	ldrb	r0, [r3, #0]
10003130:	4642      	mov	r2, r8
10003132:	464b      	mov	r3, r9
10003134:	47d8      	blx	fp
10003136:	46b0      	mov	r8, r6
10003138:	e648      	b.n	10002dcc <_vsnprintf+0x3f8>
1000313a:	f013 0f20 	tst.w	r3, #32
1000313e:	bf14      	ite	ne
10003140:	2041      	movne	r0, #65	@ 0x41
10003142:	2061      	moveq	r0, #97	@ 0x61
10003144:	ac12      	add	r4, sp, #72	@ 0x48
10003146:	46a6      	mov	lr, r4
10003148:	940b      	str	r4, [sp, #44]	@ 0x2c
1000314a:	930a      	str	r3, [sp, #40]	@ 0x28
1000314c:	f1a0 040a 	sub.w	r4, r0, #10
10003150:	950c      	str	r5, [sp, #48]	@ 0x30
10003152:	e002      	b.n	1000315a <_vsnprintf+0x786>
10003154:	2920      	cmp	r1, #32
10003156:	d012      	beq.n	1000317e <_vsnprintf+0x7aa>
10003158:	462a      	mov	r2, r5
1000315a:	fbb2 f5fc 	udiv	r5, r2, ip
1000315e:	fb0c 2015 	mls	r0, ip, r5, r2
10003162:	b2c3      	uxtb	r3, r0
10003164:	2809      	cmp	r0, #9
10003166:	f103 0030 	add.w	r0, r3, #48	@ 0x30
1000316a:	bf8a      	itet	hi
1000316c:	191b      	addhi	r3, r3, r4
1000316e:	b2c3      	uxtbls	r3, r0
10003170:	b2db      	uxtbhi	r3, r3
10003172:	4562      	cmp	r2, ip
10003174:	f80e 3b01 	strb.w	r3, [lr], #1
10003178:	f101 0101 	add.w	r1, r1, #1
1000317c:	d2ea      	bcs.n	10003154 <_vsnprintf+0x780>
1000317e:	9b0a      	ldr	r3, [sp, #40]	@ 0x28
10003180:	9d0c      	ldr	r5, [sp, #48]	@ 0x30
10003182:	e694      	b.n	10002eae <_vsnprintf+0x4da>
10003184:	9a0a      	ldr	r2, [sp, #40]	@ 0x28
10003186:	3207      	adds	r2, #7
10003188:	f022 0207 	bic.w	r2, r2, #7
1000318c:	6851      	ldr	r1, [r2, #4]
1000318e:	f852 4b08 	ldr.w	r4, [r2], #8
10003192:	468e      	mov	lr, r1
10003194:	920a      	str	r2, [sp, #40]	@ 0x28
10003196:	ea54 0201 	orrs.w	r2, r4, r1
1000319a:	d176      	bne.n	1000328a <_vsnprintf+0x8b6>
1000319c:	f023 0310 	bic.w	r3, r3, #16
100031a0:	2800      	cmp	r0, #0
100031a2:	d072      	beq.n	1000328a <_vsnprintf+0x8b6>
100031a4:	2200      	movs	r2, #0
100031a6:	4611      	mov	r1, r2
100031a8:	aa12      	add	r2, sp, #72	@ 0x48
100031aa:	920b      	str	r2, [sp, #44]	@ 0x2c
100031ac:	e9cd 5305 	strd	r5, r3, [sp, #20]
100031b0:	9b0b      	ldr	r3, [sp, #44]	@ 0x2c
100031b2:	4642      	mov	r2, r8
100031b4:	9300      	str	r3, [sp, #0]
100031b6:	2300      	movs	r3, #0
100031b8:	e9cd c603 	strd	ip, r6, [sp, #12]
100031bc:	9101      	str	r1, [sp, #4]
100031be:	9302      	str	r3, [sp, #8]
100031c0:	e794      	b.n	100030ec <_vsnprintf+0x718>
100031c2:	42a5      	cmp	r5, r4
100031c4:	bf98      	it	ls
100031c6:	3401      	addls	r4, #1
100031c8:	f67f ad74 	bls.w	10002cb4 <_vsnprintf+0x2e0>
100031cc:	f44f 6380 	mov.w	r3, #1024	@ 0x400
100031d0:	e9cd 750a 	strd	r7, r5, [sp, #40]	@ 0x28
100031d4:	eb05 0208 	add.w	r2, r5, r8
100031d8:	461f      	mov	r7, r3
100031da:	460d      	mov	r5, r1
100031dc:	1b14      	subs	r4, r2, r4
100031de:	4642      	mov	r2, r8
100031e0:	464b      	mov	r3, r9
100031e2:	4651      	mov	r1, sl
100031e4:	2020      	movs	r0, #32
100031e6:	f108 0801 	add.w	r8, r8, #1
100031ea:	47d8      	blx	fp
100031ec:	45a0      	cmp	r8, r4
100031ee:	d1f6      	bne.n	100031de <_vsnprintf+0x80a>
100031f0:	463b      	mov	r3, r7
100031f2:	9f0a      	ldr	r7, [sp, #40]	@ 0x28
100031f4:	4629      	mov	r1, r5
100031f6:	7838      	ldrb	r0, [r7, #0]
100031f8:	9d0b      	ldr	r5, [sp, #44]	@ 0x2c
100031fa:	1c6c      	adds	r4, r5, #1
100031fc:	2800      	cmp	r0, #0
100031fe:	f43f ad70 	beq.w	10002ce2 <_vsnprintf+0x30e>
10003202:	2b00      	cmp	r3, #0
10003204:	f43f ae75 	beq.w	10002ef2 <_vsnprintf+0x51e>
10003208:	2300      	movs	r3, #0
1000320a:	e553      	b.n	10002cb4 <_vsnprintf+0x2e0>
1000320c:	42a5      	cmp	r5, r4
1000320e:	d8df      	bhi.n	100031d0 <_vsnprintf+0x7fc>
10003210:	3401      	adds	r4, #1
10003212:	e66e      	b.n	10002ef2 <_vsnprintf+0x51e>
10003214:	6819      	ldr	r1, [r3, #0]
10003216:	0fcb      	lsrs	r3, r1, #31
10003218:	2900      	cmp	r1, #0
1000321a:	f000 80a8 	beq.w	1000336e <_vsnprintf+0x99a>
1000321e:	ea81 72e1 	eor.w	r2, r1, r1, asr #31
10003222:	eba2 72e1 	sub.w	r2, r2, r1, asr #31
10003226:	a912      	add	r1, sp, #72	@ 0x48
10003228:	4608      	mov	r0, r1
1000322a:	f8df e188 	ldr.w	lr, [pc, #392]	@ 100033b4 <_vsnprintf+0x9e0>
1000322e:	910b      	str	r1, [sp, #44]	@ 0x2c
10003230:	930a      	str	r3, [sp, #40]	@ 0x28
10003232:	950c      	str	r5, [sp, #48]	@ 0x30
10003234:	e001      	b.n	1000323a <_vsnprintf+0x866>
10003236:	2f20      	cmp	r7, #32
10003238:	d00f      	beq.n	1000325a <_vsnprintf+0x886>
1000323a:	4615      	mov	r5, r2
1000323c:	fbae 1302 	umull	r1, r3, lr, r2
10003240:	08db      	lsrs	r3, r3, #3
10003242:	eb03 0183 	add.w	r1, r3, r3, lsl #2
10003246:	eba2 0141 	sub.w	r1, r2, r1, lsl #1
1000324a:	3130      	adds	r1, #48	@ 0x30
1000324c:	2d09      	cmp	r5, #9
1000324e:	461a      	mov	r2, r3
10003250:	f107 0701 	add.w	r7, r7, #1
10003254:	f800 1b01 	strb.w	r1, [r0], #1
10003258:	d8ed      	bhi.n	10003236 <_vsnprintf+0x862>
1000325a:	9b0a      	ldr	r3, [sp, #40]	@ 0x28
1000325c:	9d0c      	ldr	r5, [sp, #48]	@ 0x30
1000325e:	e9cd 5c05 	strd	r5, ip, [sp, #20]
10003262:	e9cd 7301 	strd	r7, r3, [sp, #4]
10003266:	9604      	str	r6, [sp, #16]
10003268:	e6d5      	b.n	10003016 <_vsnprintf+0x642>
1000326a:	2869      	cmp	r0, #105	@ 0x69
1000326c:	f023 0c10 	bic.w	ip, r3, #16
10003270:	f040 808c 	bne.w	1000338c <_vsnprintf+0x9b8>
10003274:	f413 6280 	ands.w	r2, r3, #1024	@ 0x400
10003278:	f43f ae8e 	beq.w	10002f98 <_vsnprintf+0x5c4>
1000327c:	e688      	b.n	10002f90 <_vsnprintf+0x5bc>
1000327e:	2a00      	cmp	r2, #0
10003280:	f43f aea8 	beq.w	10002fd4 <_vsnprintf+0x600>
10003284:	aa12      	add	r2, sp, #72	@ 0x48
10003286:	920b      	str	r2, [sp, #44]	@ 0x2c
10003288:	e6c0      	b.n	1000300c <_vsnprintf+0x638>
1000328a:	f013 0f20 	tst.w	r3, #32
1000328e:	bf14      	ite	ne
10003290:	2241      	movne	r2, #65	@ 0x41
10003292:	2261      	moveq	r2, #97	@ 0x61
10003294:	2000      	movs	r0, #0
10003296:	a912      	add	r1, sp, #72	@ 0x48
10003298:	3a0a      	subs	r2, #10
1000329a:	e9cd 680e 	strd	r6, r8, [sp, #56]	@ 0x38
1000329e:	e9cd 350c 	strd	r3, r5, [sp, #48]	@ 0x30
100032a2:	f8cd b044 	str.w	fp, [sp, #68]	@ 0x44
100032a6:	4606      	mov	r6, r0
100032a8:	4688      	mov	r8, r1
100032aa:	4675      	mov	r5, lr
100032ac:	4693      	mov	fp, r2
100032ae:	910b      	str	r1, [sp, #44]	@ 0x2c
100032b0:	f8cd c040 	str.w	ip, [sp, #64]	@ 0x40
100032b4:	e003      	b.n	100032be <_vsnprintf+0x8ea>
100032b6:	2e20      	cmp	r6, #32
100032b8:	d017      	beq.n	100032ea <_vsnprintf+0x916>
100032ba:	4604      	mov	r4, r0
100032bc:	460d      	mov	r5, r1
100032be:	4629      	mov	r1, r5
100032c0:	463a      	mov	r2, r7
100032c2:	2300      	movs	r3, #0
100032c4:	4620      	mov	r0, r4
100032c6:	f003 fdff 	bl	10006ec8 <____aeabi_uldivmod_veneer>
100032ca:	b2d2      	uxtb	r2, r2
100032cc:	2a09      	cmp	r2, #9
100032ce:	f102 0330 	add.w	r3, r2, #48	@ 0x30
100032d2:	bf88      	it	hi
100032d4:	eb02 030b 	addhi.w	r3, r2, fp
100032d8:	42bc      	cmp	r4, r7
100032da:	b2db      	uxtb	r3, r3
100032dc:	f175 0500 	sbcs.w	r5, r5, #0
100032e0:	f808 3b01 	strb.w	r3, [r8], #1
100032e4:	f106 0601 	add.w	r6, r6, #1
100032e8:	d2e5      	bcs.n	100032b6 <_vsnprintf+0x8e2>
100032ea:	4631      	mov	r1, r6
100032ec:	e9dd 350c 	ldrd	r3, r5, [sp, #48]	@ 0x30
100032f0:	e9dd cb10 	ldrd	ip, fp, [sp, #64]	@ 0x40
100032f4:	f8dd 803c 	ldr.w	r8, [sp, #60]	@ 0x3c
100032f8:	9e0e      	ldr	r6, [sp, #56]	@ 0x38
100032fa:	e757      	b.n	100031ac <_vsnprintf+0x7d8>
100032fc:	990a      	ldr	r1, [sp, #40]	@ 0x28
100032fe:	6809      	ldr	r1, [r1, #0]
10003300:	b951      	cbnz	r1, 10003318 <_vsnprintf+0x944>
10003302:	f023 0310 	bic.w	r3, r3, #16
10003306:	b138      	cbz	r0, 10003318 <_vsnprintf+0x944>
10003308:	a912      	add	r1, sp, #72	@ 0x48
1000330a:	910b      	str	r1, [sp, #44]	@ 0x2c
1000330c:	e9cd 5305 	strd	r5, r3, [sp, #20]
10003310:	e9cd c603 	strd	ip, r6, [sp, #12]
10003314:	9201      	str	r2, [sp, #4]
10003316:	e5cf      	b.n	10002eb8 <_vsnprintf+0x4e4>
10003318:	f013 0f20 	tst.w	r3, #32
1000331c:	bf14      	ite	ne
1000331e:	2041      	movne	r0, #65	@ 0x41
10003320:	2061      	moveq	r0, #97	@ 0x61
10003322:	ac12      	add	r4, sp, #72	@ 0x48
10003324:	46a6      	mov	lr, r4
10003326:	940b      	str	r4, [sp, #44]	@ 0x2c
10003328:	930a      	str	r3, [sp, #40]	@ 0x28
1000332a:	f1a0 040a 	sub.w	r4, r0, #10
1000332e:	950c      	str	r5, [sp, #48]	@ 0x30
10003330:	e002      	b.n	10003338 <_vsnprintf+0x964>
10003332:	2a20      	cmp	r2, #32
10003334:	d012      	beq.n	1000335c <_vsnprintf+0x988>
10003336:	4629      	mov	r1, r5
10003338:	fbb1 f5fc 	udiv	r5, r1, ip
1000333c:	fb0c 1015 	mls	r0, ip, r5, r1
10003340:	b2c3      	uxtb	r3, r0
10003342:	2809      	cmp	r0, #9
10003344:	f103 0030 	add.w	r0, r3, #48	@ 0x30
10003348:	bf8a      	itet	hi
1000334a:	191b      	addhi	r3, r3, r4
1000334c:	b2c3      	uxtbls	r3, r0
1000334e:	b2db      	uxtbhi	r3, r3
10003350:	4561      	cmp	r1, ip
10003352:	f80e 3b01 	strb.w	r3, [lr], #1
10003356:	f102 0201 	add.w	r2, r2, #1
1000335a:	d2ea      	bcs.n	10003332 <_vsnprintf+0x95e>
1000335c:	9b0a      	ldr	r3, [sp, #40]	@ 0x28
1000335e:	9d0c      	ldr	r5, [sp, #48]	@ 0x30
10003360:	e7d4      	b.n	1000330c <_vsnprintf+0x938>
10003362:	6819      	ldr	r1, [r3, #0]
10003364:	ea81 77e1 	eor.w	r7, r1, r1, asr #31
10003368:	eba7 77e1 	sub.w	r7, r7, r1, asr #31
1000336c:	e62d      	b.n	10002fca <_vsnprintf+0x5f6>
1000336e:	2a00      	cmp	r2, #0
10003370:	f43f af59 	beq.w	10003226 <_vsnprintf+0x852>
10003374:	aa12      	add	r2, sp, #72	@ 0x48
10003376:	920b      	str	r2, [sp, #44]	@ 0x2c
10003378:	e771      	b.n	1000325e <_vsnprintf+0x88a>
1000337a:	f413 6480 	ands.w	r4, r3, #1024	@ 0x400
1000337e:	d00d      	beq.n	1000339c <_vsnprintf+0x9c8>
10003380:	f013 0402 	ands.w	r4, r3, #2
10003384:	d012      	beq.n	100033ac <_vsnprintf+0x9d8>
10003386:	4604      	mov	r4, r0
10003388:	4646      	mov	r6, r8
1000338a:	e5ec      	b.n	10002f66 <_vsnprintf+0x592>
1000338c:	270a      	movs	r7, #10
1000338e:	4663      	mov	r3, ip
10003390:	46bc      	mov	ip, r7
10003392:	e56c      	b.n	10002e6e <_vsnprintf+0x49a>
10003394:	ab12      	add	r3, sp, #72	@ 0x48
10003396:	2000      	movs	r0, #0
10003398:	930b      	str	r3, [sp, #44]	@ 0x2c
1000339a:	e69d      	b.n	100030d8 <_vsnprintf+0x704>
1000339c:	f013 0302 	ands.w	r3, r3, #2
100033a0:	f47f ade0 	bne.w	10002f64 <_vsnprintf+0x590>
100033a4:	2d00      	cmp	r5, #0
100033a6:	f47f af13 	bne.w	100031d0 <_vsnprintf+0x7fc>
100033aa:	e49a      	b.n	10002ce2 <_vsnprintf+0x30e>
100033ac:	2d00      	cmp	r5, #0
100033ae:	f47f af0d 	bne.w	100031cc <_vsnprintf+0x7f8>
100033b2:	e496      	b.n	10002ce2 <_vsnprintf+0x30e>
100033b4:	cccccccd 	.word	0xcccccccd

100033b8 <vfctprintf>:
100033b8:	b570      	push	{r4, r5, r6, lr}
100033ba:	4694      	mov	ip, r2
100033bc:	461e      	mov	r6, r3
100033be:	4605      	mov	r5, r0
100033c0:	460c      	mov	r4, r1
100033c2:	b084      	sub	sp, #16
100033c4:	f04f 32ff 	mov.w	r2, #4294967295
100033c8:	4663      	mov	r3, ip
100033ca:	a902      	add	r1, sp, #8
100033cc:	9600      	str	r6, [sp, #0]
100033ce:	4803      	ldr	r0, [pc, #12]	@ (100033dc <vfctprintf+0x24>)
100033d0:	e9cd 5402 	strd	r5, r4, [sp, #8]
100033d4:	f7ff fafe 	bl	100029d4 <_vsnprintf>
100033d8:	b004      	add	sp, #16
100033da:	bd70      	pop	{r4, r5, r6, pc}
100033dc:	10001f95 	.word	0x10001f95

100033e0 <weak_raw_vprintf>:
100033e0:	b510      	push	{r4, lr}
100033e2:	4b09      	ldr	r3, [pc, #36]	@ (10003408 <weak_raw_vprintf+0x28>)
100033e4:	b084      	sub	sp, #16
100033e6:	681c      	ldr	r4, [r3, #0]
100033e8:	b14c      	cbz	r4, 100033fe <weak_raw_vprintf+0x1e>
100033ea:	4603      	mov	r3, r0
100033ec:	9100      	str	r1, [sp, #0]
100033ee:	f04f 32ff 	mov.w	r2, #4294967295
100033f2:	a903      	add	r1, sp, #12
100033f4:	4805      	ldr	r0, [pc, #20]	@ (1000340c <weak_raw_vprintf+0x2c>)
100033f6:	47a0      	blx	r4
100033f8:	2001      	movs	r0, #1
100033fa:	b004      	add	sp, #16
100033fc:	bd10      	pop	{r4, pc}
100033fe:	f000 f979 	bl	100036f4 <__wrap_puts>
10003402:	4620      	mov	r0, r4
10003404:	b004      	add	sp, #16
10003406:	bd10      	pop	{r4, pc}
10003408:	20001e98 	.word	0x20001e98
1000340c:	10001f8d 	.word	0x10001f8d

10003410 <_exit>:
10003410:	be00      	bkpt	0x0000
10003412:	e7fd      	b.n	10003410 <_exit>

10003414 <exit>:
10003414:	b508      	push	{r3, lr}
10003416:	f7ff fffb 	bl	10003410 <_exit>
1000341a:	bf00      	nop

1000341c <runtime_init>:
1000341c:	b538      	push	{r3, r4, r5, lr}
1000341e:	4c06      	ldr	r4, [pc, #24]	@ (10003438 <runtime_init+0x1c>)
10003420:	4d06      	ldr	r5, [pc, #24]	@ (1000343c <runtime_init+0x20>)
10003422:	f7fe fa07 	bl	10001834 <runtime_run_initializers>
10003426:	42ac      	cmp	r4, r5
10003428:	d204      	bcs.n	10003434 <runtime_init+0x18>
1000342a:	f854 3b04 	ldr.w	r3, [r4], #4
1000342e:	4798      	blx	r3
10003430:	42ac      	cmp	r4, r5
10003432:	d3fa      	bcc.n	1000342a <runtime_init+0xe>
10003434:	bd38      	pop	{r3, r4, r5, pc}
10003436:	bf00      	nop
10003438:	10006f40 	.word	0x10006f40
1000343c:	10006f48 	.word	0x10006f48

10003440 <stdio_out_chars_no_crlf>:
10003440:	6803      	ldr	r3, [r0, #0]
10003442:	4608      	mov	r0, r1
10003444:	4611      	mov	r1, r2
10003446:	4718      	bx	r3

10003448 <stdio_out_chars_crlf>:
10003448:	e92d 41f0 	stmdb	sp!, {r4, r5, r6, r7, r8, lr}
1000344c:	4615      	mov	r5, r2
1000344e:	7d42      	ldrb	r2, [r0, #21]
10003450:	4607      	mov	r7, r0
10003452:	4688      	mov	r8, r1
10003454:	2a00      	cmp	r2, #0
10003456:	d046      	beq.n	100034e6 <stdio_out_chars_crlf+0x9e>
10003458:	2d00      	cmp	r5, #0
1000345a:	dd1d      	ble.n	10003498 <stdio_out_chars_crlf+0x50>
1000345c:	780b      	ldrb	r3, [r1, #0]
1000345e:	2b0a      	cmp	r3, #10
10003460:	d023      	beq.n	100034aa <stdio_out_chars_crlf+0x62>
10003462:	2d01      	cmp	r5, #1
10003464:	f04f 0c00 	mov.w	ip, #0
10003468:	d018      	beq.n	1000349c <stdio_out_chars_crlf+0x54>
1000346a:	4646      	mov	r6, r8
1000346c:	2401      	movs	r4, #1
1000346e:	f816 2f01 	ldrb.w	r2, [r6, #1]!
10003472:	4621      	mov	r1, r4
10003474:	2a0a      	cmp	r2, #10
10003476:	f104 0401 	add.w	r4, r4, #1
1000347a:	d022      	beq.n	100034c2 <stdio_out_chars_crlf+0x7a>
1000347c:	42a5      	cmp	r5, r4
1000347e:	d1f6      	bne.n	1000346e <stdio_out_chars_crlf+0x26>
10003480:	4565      	cmp	r5, ip
10003482:	dc0b      	bgt.n	1000349c <stdio_out_chars_crlf+0x54>
10003484:	eb08 0305 	add.w	r3, r8, r5
10003488:	f813 3c01 	ldrb.w	r3, [r3, #-1]
1000348c:	f1a3 030d 	sub.w	r3, r3, #13
10003490:	fab3 f383 	clz	r3, r3
10003494:	095b      	lsrs	r3, r3, #5
10003496:	753b      	strb	r3, [r7, #20]
10003498:	e8bd 81f0 	ldmia.w	sp!, {r4, r5, r6, r7, r8, pc}
1000349c:	683b      	ldr	r3, [r7, #0]
1000349e:	eba5 010c 	sub.w	r1, r5, ip
100034a2:	eb08 000c 	add.w	r0, r8, ip
100034a6:	4798      	blx	r3
100034a8:	e7ec      	b.n	10003484 <stdio_out_chars_crlf+0x3c>
100034aa:	7d03      	ldrb	r3, [r0, #20]
100034ac:	2b00      	cmp	r3, #0
100034ae:	d1d8      	bne.n	10003462 <stdio_out_chars_crlf+0x1a>
100034b0:	6803      	ldr	r3, [r0, #0]
100034b2:	2102      	movs	r1, #2
100034b4:	480f      	ldr	r0, [pc, #60]	@ (100034f4 <stdio_out_chars_crlf+0xac>)
100034b6:	4798      	blx	r3
100034b8:	2d01      	cmp	r5, #1
100034ba:	d0e3      	beq.n	10003484 <stdio_out_chars_crlf+0x3c>
100034bc:	f04f 0c01 	mov.w	ip, #1
100034c0:	e7d3      	b.n	1000346a <stdio_out_chars_crlf+0x22>
100034c2:	f816 3c01 	ldrb.w	r3, [r6, #-1]
100034c6:	2b0d      	cmp	r3, #13
100034c8:	d0d8      	beq.n	1000347c <stdio_out_chars_crlf+0x34>
100034ca:	458c      	cmp	ip, r1
100034cc:	eb08 000c 	add.w	r0, r8, ip
100034d0:	eba1 010c 	sub.w	r1, r1, ip
100034d4:	da01      	bge.n	100034da <stdio_out_chars_crlf+0x92>
100034d6:	683b      	ldr	r3, [r7, #0]
100034d8:	4798      	blx	r3
100034da:	2102      	movs	r1, #2
100034dc:	4805      	ldr	r0, [pc, #20]	@ (100034f4 <stdio_out_chars_crlf+0xac>)
100034de:	683b      	ldr	r3, [r7, #0]
100034e0:	4798      	blx	r3
100034e2:	46a4      	mov	ip, r4
100034e4:	e7ca      	b.n	1000347c <stdio_out_chars_crlf+0x34>
100034e6:	4629      	mov	r1, r5
100034e8:	4640      	mov	r0, r8
100034ea:	683b      	ldr	r3, [r7, #0]
100034ec:	e8bd 41f0 	ldmia.w	sp!, {r4, r5, r6, r7, r8, lr}
100034f0:	4718      	bx	r3
100034f2:	bf00      	nop
100034f4:	100071b8 	.word	0x100071b8

100034f8 <stdio_buffered_printer>:
100034f8:	680b      	ldr	r3, [r1, #0]
100034fa:	e92d 41f0 	stmdb	sp!, {r4, r5, r6, r7, r8, lr}
100034fe:	2b80      	cmp	r3, #128	@ 0x80
10003500:	460d      	mov	r5, r1
10003502:	4606      	mov	r6, r0
10003504:	d005      	beq.n	10003512 <stdio_buffered_printer+0x1a>
10003506:	1c5a      	adds	r2, r3, #1
10003508:	442b      	add	r3, r5
1000350a:	602a      	str	r2, [r5, #0]
1000350c:	711e      	strb	r6, [r3, #4]
1000350e:	e8bd 81f0 	ldmia.w	sp!, {r4, r5, r6, r7, r8, pc}
10003512:	4b0f      	ldr	r3, [pc, #60]	@ (10003550 <stdio_buffered_printer+0x58>)
10003514:	681c      	ldr	r4, [r3, #0]
10003516:	b1a4      	cbz	r4, 10003542 <stdio_buffered_printer+0x4a>
10003518:	4f0e      	ldr	r7, [pc, #56]	@ (10003554 <stdio_buffered_printer+0x5c>)
1000351a:	f101 0804 	add.w	r8, r1, #4
1000351e:	e001      	b.n	10003524 <stdio_buffered_printer+0x2c>
10003520:	6924      	ldr	r4, [r4, #16]
10003522:	b174      	cbz	r4, 10003542 <stdio_buffered_printer+0x4a>
10003524:	6823      	ldr	r3, [r4, #0]
10003526:	2b00      	cmp	r3, #0
10003528:	d0fa      	beq.n	10003520 <stdio_buffered_printer+0x28>
1000352a:	683b      	ldr	r3, [r7, #0]
1000352c:	b10b      	cbz	r3, 10003532 <stdio_buffered_printer+0x3a>
1000352e:	42a3      	cmp	r3, r4
10003530:	d1f6      	bne.n	10003520 <stdio_buffered_printer+0x28>
10003532:	4620      	mov	r0, r4
10003534:	4641      	mov	r1, r8
10003536:	682a      	ldr	r2, [r5, #0]
10003538:	f7ff ff86 	bl	10003448 <stdio_out_chars_crlf>
1000353c:	6924      	ldr	r4, [r4, #16]
1000353e:	2c00      	cmp	r4, #0
10003540:	d1f0      	bne.n	10003524 <stdio_buffered_printer+0x2c>
10003542:	2300      	movs	r3, #0
10003544:	2201      	movs	r2, #1
10003546:	442b      	add	r3, r5
10003548:	602a      	str	r2, [r5, #0]
1000354a:	711e      	strb	r6, [r3, #4]
1000354c:	e8bd 81f0 	ldmia.w	sp!, {r4, r5, r6, r7, r8, pc}
10003550:	20001a84 	.word	0x20001a84
10003554:	20001a8c 	.word	0x20001a8c

10003558 <stdio_put_string>:
10003558:	e92d 47f0 	stmdb	sp!, {r4, r5, r6, r7, r8, r9, sl, lr}
1000355c:	b082      	sub	sp, #8
1000355e:	460d      	mov	r5, r1
10003560:	4691      	mov	r9, r2
10003562:	461c      	mov	r4, r3
10003564:	4606      	mov	r6, r0
10003566:	f7fd ffd1 	bl	1000150c <time_us_64>
1000356a:	f04f 3cff 	mov.w	ip, #4294967295
1000356e:	f06f 4700 	mvn.w	r7, #2147483648	@ 0x80000000
10003572:	4a2e      	ldr	r2, [pc, #184]	@ (1000362c <stdio_put_string+0xd4>)
10003574:	1882      	adds	r2, r0, r2
10003576:	f141 0300 	adc.w	r3, r1, #0
1000357a:	4594      	cmp	ip, r2
1000357c:	eb77 0103 	sbcs.w	r1, r7, r3
10003580:	bf3c      	itt	cc
10003582:	4662      	movcc	r2, ip
10003584:	463b      	movcc	r3, r7
10003586:	482a      	ldr	r0, [pc, #168]	@ (10003630 <stdio_put_string+0xd8>)
10003588:	f003 fcb2 	bl	10006ef0 <__mutex_try_enter_block_until_veneer>
1000358c:	1c6b      	adds	r3, r5, #1
1000358e:	4680      	mov	r8, r0
10003590:	d040      	beq.n	10003614 <stdio_put_string+0xbc>
10003592:	b30c      	cbz	r4, 100035d8 <stdio_put_string+0x80>
10003594:	4f27      	ldr	r7, [pc, #156]	@ (10003634 <stdio_put_string+0xdc>)
10003596:	4b28      	ldr	r3, [pc, #160]	@ (10003638 <stdio_put_string+0xe0>)
10003598:	681c      	ldr	r4, [r3, #0]
1000359a:	b1b4      	cbz	r4, 100035ca <stdio_put_string+0x72>
1000359c:	f1b9 0f00 	cmp.w	r9, #0
100035a0:	d11c      	bne.n	100035dc <stdio_put_string+0x84>
100035a2:	f8df 909c 	ldr.w	r9, [pc, #156]	@ 10003640 <stdio_put_string+0xe8>
100035a6:	e001      	b.n	100035ac <stdio_put_string+0x54>
100035a8:	6924      	ldr	r4, [r4, #16]
100035aa:	b174      	cbz	r4, 100035ca <stdio_put_string+0x72>
100035ac:	6823      	ldr	r3, [r4, #0]
100035ae:	2b00      	cmp	r3, #0
100035b0:	d0fa      	beq.n	100035a8 <stdio_put_string+0x50>
100035b2:	f8d9 3000 	ldr.w	r3, [r9]
100035b6:	b10b      	cbz	r3, 100035bc <stdio_put_string+0x64>
100035b8:	429c      	cmp	r4, r3
100035ba:	d1f5      	bne.n	100035a8 <stdio_put_string+0x50>
100035bc:	4620      	mov	r0, r4
100035be:	462a      	mov	r2, r5
100035c0:	4631      	mov	r1, r6
100035c2:	47b8      	blx	r7
100035c4:	6924      	ldr	r4, [r4, #16]
100035c6:	2c00      	cmp	r4, #0
100035c8:	d1f0      	bne.n	100035ac <stdio_put_string+0x54>
100035ca:	f1b8 0f00 	cmp.w	r8, #0
100035ce:	d126      	bne.n	1000361e <stdio_put_string+0xc6>
100035d0:	4628      	mov	r0, r5
100035d2:	b002      	add	sp, #8
100035d4:	e8bd 87f0 	ldmia.w	sp!, {r4, r5, r6, r7, r8, r9, sl, pc}
100035d8:	4f18      	ldr	r7, [pc, #96]	@ (1000363c <stdio_put_string+0xe4>)
100035da:	e7dc      	b.n	10003596 <stdio_put_string+0x3e>
100035dc:	f04f 0a0a 	mov.w	sl, #10
100035e0:	f8df 905c 	ldr.w	r9, [pc, #92]	@ 10003640 <stdio_put_string+0xe8>
100035e4:	e002      	b.n	100035ec <stdio_put_string+0x94>
100035e6:	6924      	ldr	r4, [r4, #16]
100035e8:	2c00      	cmp	r4, #0
100035ea:	d0ee      	beq.n	100035ca <stdio_put_string+0x72>
100035ec:	6823      	ldr	r3, [r4, #0]
100035ee:	2b00      	cmp	r3, #0
100035f0:	d0f9      	beq.n	100035e6 <stdio_put_string+0x8e>
100035f2:	f8d9 3000 	ldr.w	r3, [r9]
100035f6:	b10b      	cbz	r3, 100035fc <stdio_put_string+0xa4>
100035f8:	42a3      	cmp	r3, r4
100035fa:	d1f4      	bne.n	100035e6 <stdio_put_string+0x8e>
100035fc:	462a      	mov	r2, r5
100035fe:	4631      	mov	r1, r6
10003600:	4620      	mov	r0, r4
10003602:	47b8      	blx	r7
10003604:	2201      	movs	r2, #1
10003606:	4620      	mov	r0, r4
10003608:	f10d 0107 	add.w	r1, sp, #7
1000360c:	f88d a007 	strb.w	sl, [sp, #7]
10003610:	47b8      	blx	r7
10003612:	e7e8      	b.n	100035e6 <stdio_put_string+0x8e>
10003614:	4630      	mov	r0, r6
10003616:	f003 fc15 	bl	10006e44 <strlen>
1000361a:	4605      	mov	r5, r0
1000361c:	e7b9      	b.n	10003592 <stdio_put_string+0x3a>
1000361e:	4804      	ldr	r0, [pc, #16]	@ (10003630 <stdio_put_string+0xd8>)
10003620:	f003 fc56 	bl	10006ed0 <__mutex_exit_veneer>
10003624:	4628      	mov	r0, r5
10003626:	b002      	add	sp, #8
10003628:	e8bd 87f0 	ldmia.w	sp!, {r4, r5, r6, r7, r8, r9, sl, pc}
1000362c:	000f4240 	.word	0x000f4240
10003630:	200012b4 	.word	0x200012b4
10003634:	10003449 	.word	0x10003449
10003638:	20001a84 	.word	0x20001a84
1000363c:	10003441 	.word	0x10003441
10003640:	20001a8c 	.word	0x20001a8c

10003644 <stdio_set_driver_enabled>:
10003644:	4a08      	ldr	r2, [pc, #32]	@ (10003668 <stdio_set_driver_enabled+0x24>)
10003646:	6813      	ldr	r3, [r2, #0]
10003648:	b923      	cbnz	r3, 10003654 <stdio_set_driver_enabled+0x10>
1000364a:	e00a      	b.n	10003662 <stdio_set_driver_enabled+0x1e>
1000364c:	f103 0210 	add.w	r2, r3, #16
10003650:	691b      	ldr	r3, [r3, #16]
10003652:	b133      	cbz	r3, 10003662 <stdio_set_driver_enabled+0x1e>
10003654:	4283      	cmp	r3, r0
10003656:	d1f9      	bne.n	1000364c <stdio_set_driver_enabled+0x8>
10003658:	b929      	cbnz	r1, 10003666 <stdio_set_driver_enabled+0x22>
1000365a:	6918      	ldr	r0, [r3, #16]
1000365c:	6010      	str	r0, [r2, #0]
1000365e:	6119      	str	r1, [r3, #16]
10003660:	4770      	bx	lr
10003662:	b101      	cbz	r1, 10003666 <stdio_set_driver_enabled+0x22>
10003664:	6010      	str	r0, [r2, #0]
10003666:	4770      	bx	lr
10003668:	20001a84 	.word	0x20001a84

1000366c <stdio_init_all>:
1000366c:	f000 bade 	b.w	10003c2c <stdio_usb_init>

10003670 <__wrap_putchar>:
10003670:	b5f0      	push	{r4, r5, r6, r7, lr}
10003672:	b083      	sub	sp, #12
10003674:	4606      	mov	r6, r0
10003676:	f88d 0007 	strb.w	r0, [sp, #7]
1000367a:	f7fd ff47 	bl	1000150c <time_us_64>
1000367e:	f04f 35ff 	mov.w	r5, #4294967295
10003682:	f06f 4400 	mvn.w	r4, #2147483648	@ 0x80000000
10003686:	4a17      	ldr	r2, [pc, #92]	@ (100036e4 <__wrap_putchar+0x74>)
10003688:	1882      	adds	r2, r0, r2
1000368a:	f141 0300 	adc.w	r3, r1, #0
1000368e:	4295      	cmp	r5, r2
10003690:	eb74 0103 	sbcs.w	r1, r4, r3
10003694:	bf3c      	itt	cc
10003696:	4623      	movcc	r3, r4
10003698:	462a      	movcc	r2, r5
1000369a:	4813      	ldr	r0, [pc, #76]	@ (100036e8 <__wrap_putchar+0x78>)
1000369c:	f003 fc28 	bl	10006ef0 <__mutex_try_enter_block_until_veneer>
100036a0:	4b12      	ldr	r3, [pc, #72]	@ (100036ec <__wrap_putchar+0x7c>)
100036a2:	4607      	mov	r7, r0
100036a4:	681c      	ldr	r4, [r3, #0]
100036a6:	b19c      	cbz	r4, 100036d0 <__wrap_putchar+0x60>
100036a8:	4d11      	ldr	r5, [pc, #68]	@ (100036f0 <__wrap_putchar+0x80>)
100036aa:	e001      	b.n	100036b0 <__wrap_putchar+0x40>
100036ac:	6924      	ldr	r4, [r4, #16]
100036ae:	b17c      	cbz	r4, 100036d0 <__wrap_putchar+0x60>
100036b0:	6823      	ldr	r3, [r4, #0]
100036b2:	2b00      	cmp	r3, #0
100036b4:	d0fa      	beq.n	100036ac <__wrap_putchar+0x3c>
100036b6:	682b      	ldr	r3, [r5, #0]
100036b8:	b10b      	cbz	r3, 100036be <__wrap_putchar+0x4e>
100036ba:	429c      	cmp	r4, r3
100036bc:	d1f6      	bne.n	100036ac <__wrap_putchar+0x3c>
100036be:	4620      	mov	r0, r4
100036c0:	2201      	movs	r2, #1
100036c2:	f10d 0107 	add.w	r1, sp, #7
100036c6:	f7ff febf 	bl	10003448 <stdio_out_chars_crlf>
100036ca:	6924      	ldr	r4, [r4, #16]
100036cc:	2c00      	cmp	r4, #0
100036ce:	d1ef      	bne.n	100036b0 <__wrap_putchar+0x40>
100036d0:	b917      	cbnz	r7, 100036d8 <__wrap_putchar+0x68>
100036d2:	4630      	mov	r0, r6
100036d4:	b003      	add	sp, #12
100036d6:	bdf0      	pop	{r4, r5, r6, r7, pc}
100036d8:	4803      	ldr	r0, [pc, #12]	@ (100036e8 <__wrap_putchar+0x78>)
100036da:	f003 fbf9 	bl	10006ed0 <__mutex_exit_veneer>
100036de:	4630      	mov	r0, r6
100036e0:	b003      	add	sp, #12
100036e2:	bdf0      	pop	{r4, r5, r6, r7, pc}
100036e4:	000f4240 	.word	0x000f4240
100036e8:	200012b4 	.word	0x200012b4
100036ec:	20001a84 	.word	0x20001a84
100036f0:	20001a8c 	.word	0x20001a8c

100036f4 <__wrap_puts>:
100036f4:	b538      	push	{r3, r4, r5, lr}
100036f6:	4604      	mov	r4, r0
100036f8:	f003 fba4 	bl	10006e44 <strlen>
100036fc:	2301      	movs	r3, #1
100036fe:	4605      	mov	r5, r0
10003700:	461a      	mov	r2, r3
10003702:	4620      	mov	r0, r4
10003704:	4629      	mov	r1, r5
10003706:	f7ff ff27 	bl	10003558 <stdio_put_string>
1000370a:	4b08      	ldr	r3, [pc, #32]	@ (1000372c <__wrap_puts+0x38>)
1000370c:	681c      	ldr	r4, [r3, #0]
1000370e:	b12c      	cbz	r4, 1000371c <__wrap_puts+0x28>
10003710:	6863      	ldr	r3, [r4, #4]
10003712:	b12b      	cbz	r3, 10003720 <__wrap_puts+0x2c>
10003714:	4798      	blx	r3
10003716:	6924      	ldr	r4, [r4, #16]
10003718:	2c00      	cmp	r4, #0
1000371a:	d1f9      	bne.n	10003710 <__wrap_puts+0x1c>
1000371c:	4628      	mov	r0, r5
1000371e:	bd38      	pop	{r3, r4, r5, pc}
10003720:	6924      	ldr	r4, [r4, #16]
10003722:	2c00      	cmp	r4, #0
10003724:	d1f4      	bne.n	10003710 <__wrap_puts+0x1c>
10003726:	4628      	mov	r0, r5
10003728:	bd38      	pop	{r3, r4, r5, pc}
1000372a:	bf00      	nop
1000372c:	20001a84 	.word	0x20001a84

10003730 <__wrap_vprintf>:
10003730:	e92d 41f0 	stmdb	sp!, {r4, r5, r6, r7, r8, lr}
10003734:	b0a2      	sub	sp, #136	@ 0x88
10003736:	4604      	mov	r4, r0
10003738:	460d      	mov	r5, r1
1000373a:	f7fd fee7 	bl	1000150c <time_us_64>
1000373e:	f04f 37ff 	mov.w	r7, #4294967295
10003742:	f06f 4600 	mvn.w	r6, #2147483648	@ 0x80000000
10003746:	4a26      	ldr	r2, [pc, #152]	@ (100037e0 <__wrap_vprintf+0xb0>)
10003748:	f8df 80a4 	ldr.w	r8, [pc, #164]	@ 100037f0 <__wrap_vprintf+0xc0>
1000374c:	1882      	adds	r2, r0, r2
1000374e:	f141 0300 	adc.w	r3, r1, #0
10003752:	4297      	cmp	r7, r2
10003754:	eb76 0103 	sbcs.w	r1, r6, r3
10003758:	bf3c      	itt	cc
1000375a:	463a      	movcc	r2, r7
1000375c:	4633      	movcc	r3, r6
1000375e:	4821      	ldr	r0, [pc, #132]	@ (100037e4 <__wrap_vprintf+0xb4>)
10003760:	f003 fbc6 	bl	10006ef0 <__mutex_try_enter_block_until_veneer>
10003764:	2700      	movs	r7, #0
10003766:	462b      	mov	r3, r5
10003768:	4622      	mov	r2, r4
1000376a:	4606      	mov	r6, r0
1000376c:	a901      	add	r1, sp, #4
1000376e:	481e      	ldr	r0, [pc, #120]	@ (100037e8 <__wrap_vprintf+0xb8>)
10003770:	9701      	str	r7, [sp, #4]
10003772:	f7ff fe21 	bl	100033b8 <vfctprintf>
10003776:	9b01      	ldr	r3, [sp, #4]
10003778:	4605      	mov	r5, r0
1000377a:	f8d8 4000 	ldr.w	r4, [r8]
1000377e:	b1c3      	cbz	r3, 100037b2 <__wrap_vprintf+0x82>
10003780:	2c00      	cmp	r4, #0
10003782:	d02b      	beq.n	100037dc <__wrap_vprintf+0xac>
10003784:	4f19      	ldr	r7, [pc, #100]	@ (100037ec <__wrap_vprintf+0xbc>)
10003786:	e001      	b.n	1000378c <__wrap_vprintf+0x5c>
10003788:	6924      	ldr	r4, [r4, #16]
1000378a:	b174      	cbz	r4, 100037aa <__wrap_vprintf+0x7a>
1000378c:	6823      	ldr	r3, [r4, #0]
1000378e:	2b00      	cmp	r3, #0
10003790:	d0fa      	beq.n	10003788 <__wrap_vprintf+0x58>
10003792:	683b      	ldr	r3, [r7, #0]
10003794:	b10b      	cbz	r3, 1000379a <__wrap_vprintf+0x6a>
10003796:	42a3      	cmp	r3, r4
10003798:	d1f6      	bne.n	10003788 <__wrap_vprintf+0x58>
1000379a:	4620      	mov	r0, r4
1000379c:	9a01      	ldr	r2, [sp, #4]
1000379e:	a902      	add	r1, sp, #8
100037a0:	f7ff fe52 	bl	10003448 <stdio_out_chars_crlf>
100037a4:	6924      	ldr	r4, [r4, #16]
100037a6:	2c00      	cmp	r4, #0
100037a8:	d1f0      	bne.n	1000378c <__wrap_vprintf+0x5c>
100037aa:	2300      	movs	r3, #0
100037ac:	f8d8 4000 	ldr.w	r4, [r8]
100037b0:	9301      	str	r3, [sp, #4]
100037b2:	b12c      	cbz	r4, 100037c0 <__wrap_vprintf+0x90>
100037b4:	6863      	ldr	r3, [r4, #4]
100037b6:	b143      	cbz	r3, 100037ca <__wrap_vprintf+0x9a>
100037b8:	4798      	blx	r3
100037ba:	6924      	ldr	r4, [r4, #16]
100037bc:	2c00      	cmp	r4, #0
100037be:	d1f9      	bne.n	100037b4 <__wrap_vprintf+0x84>
100037c0:	b92e      	cbnz	r6, 100037ce <__wrap_vprintf+0x9e>
100037c2:	4628      	mov	r0, r5
100037c4:	b022      	add	sp, #136	@ 0x88
100037c6:	e8bd 81f0 	ldmia.w	sp!, {r4, r5, r6, r7, r8, pc}
100037ca:	6924      	ldr	r4, [r4, #16]
100037cc:	e7f1      	b.n	100037b2 <__wrap_vprintf+0x82>
100037ce:	4805      	ldr	r0, [pc, #20]	@ (100037e4 <__wrap_vprintf+0xb4>)
100037d0:	f003 fb7e 	bl	10006ed0 <__mutex_exit_veneer>
100037d4:	4628      	mov	r0, r5
100037d6:	b022      	add	sp, #136	@ 0x88
100037d8:	e8bd 81f0 	ldmia.w	sp!, {r4, r5, r6, r7, r8, pc}
100037dc:	9401      	str	r4, [sp, #4]
100037de:	e7ef      	b.n	100037c0 <__wrap_vprintf+0x90>
100037e0:	000f4240 	.word	0x000f4240
100037e4:	200012b4 	.word	0x200012b4
100037e8:	100034f9 	.word	0x100034f9
100037ec:	20001a8c 	.word	0x20001a8c
100037f0:	20001a84 	.word	0x20001a84

100037f4 <__wrap_printf>:
100037f4:	b40f      	push	{r0, r1, r2, r3}
100037f6:	b500      	push	{lr}
100037f8:	b083      	sub	sp, #12
100037fa:	a904      	add	r1, sp, #16
100037fc:	f851 0b04 	ldr.w	r0, [r1], #4
10003800:	9101      	str	r1, [sp, #4]
10003802:	f7ff ff95 	bl	10003730 <__wrap_vprintf>
10003806:	b003      	add	sp, #12
10003808:	f85d eb04 	ldr.w	lr, [sp], #4
1000380c:	b004      	add	sp, #16
1000380e:	4770      	bx	lr

10003810 <resetd_init>:
10003810:	4770      	bx	lr
10003812:	bf00      	nop

10003814 <resetd_reset>:
10003814:	2200      	movs	r2, #0
10003816:	4b01      	ldr	r3, [pc, #4]	@ (1000381c <resetd_reset+0x8>)
10003818:	701a      	strb	r2, [r3, #0]
1000381a:	4770      	bx	lr
1000381c:	20001f18 	.word	0x20001f18

10003820 <resetd_open>:
10003820:	794b      	ldrb	r3, [r1, #5]
10003822:	2bff      	cmp	r3, #255	@ 0xff
10003824:	d10b      	bne.n	1000383e <resetd_open+0x1e>
10003826:	7988      	ldrb	r0, [r1, #6]
10003828:	b948      	cbnz	r0, 1000383e <resetd_open+0x1e>
1000382a:	79cb      	ldrb	r3, [r1, #7]
1000382c:	2b01      	cmp	r3, #1
1000382e:	d107      	bne.n	10003840 <resetd_open+0x20>
10003830:	2a08      	cmp	r2, #8
10003832:	d905      	bls.n	10003840 <resetd_open+0x20>
10003834:	4b03      	ldr	r3, [pc, #12]	@ (10003844 <resetd_open+0x24>)
10003836:	788a      	ldrb	r2, [r1, #2]
10003838:	2009      	movs	r0, #9
1000383a:	701a      	strb	r2, [r3, #0]
1000383c:	4770      	bx	lr
1000383e:	2000      	movs	r0, #0
10003840:	4770      	bx	lr
10003842:	bf00      	nop
10003844:	20001f18 	.word	0x20001f18

10003848 <resetd_xfer_cb>:
10003848:	2001      	movs	r0, #1
1000384a:	4770      	bx	lr

1000384c <resetd_control_xfer_cb>:
1000384c:	2901      	cmp	r1, #1
1000384e:	d001      	beq.n	10003854 <resetd_control_xfer_cb+0x8>
10003850:	2001      	movs	r0, #1
10003852:	4770      	bx	lr
10003854:	b508      	push	{r3, lr}
10003856:	4b10      	ldr	r3, [pc, #64]	@ (10003898 <resetd_control_xfer_cb+0x4c>)
10003858:	8891      	ldrh	r1, [r2, #4]
1000385a:	781b      	ldrb	r3, [r3, #0]
1000385c:	4299      	cmp	r1, r3
1000385e:	d001      	beq.n	10003864 <resetd_control_xfer_cb+0x18>
10003860:	2000      	movs	r0, #0
10003862:	bd08      	pop	{r3, pc}
10003864:	7853      	ldrb	r3, [r2, #1]
10003866:	2b01      	cmp	r3, #1
10003868:	d008      	beq.n	1000387c <resetd_control_xfer_cb+0x30>
1000386a:	2b02      	cmp	r3, #2
1000386c:	d1f8      	bne.n	10003860 <resetd_control_xfer_cb+0x14>
1000386e:	2100      	movs	r1, #0
10003870:	2264      	movs	r2, #100	@ 0x64
10003872:	4608      	mov	r0, r1
10003874:	f7fd ff1a 	bl	100016ac <watchdog_reboot>
10003878:	2001      	movs	r0, #1
1000387a:	bd08      	pop	{r3, pc}
1000387c:	8851      	ldrh	r1, [r2, #2]
1000387e:	05cb      	lsls	r3, r1, #23
10003880:	bf48      	it	mi
10003882:	0a48      	lsrmi	r0, r1, #9
10003884:	f3c1 2240 	ubfx	r2, r1, #9, #1
10003888:	bf58      	it	pl
1000388a:	f04f 30ff 	movpl.w	r0, #4294967295
1000388e:	f001 017f 	and.w	r1, r1, #127	@ 0x7f
10003892:	f7fd ff89 	bl	100017a8 <rom_reset_usb_boot_extra>
10003896:	bf00      	nop
10003898:	20001f18 	.word	0x20001f18

1000389c <tud_descriptor_bos_cb>:
1000389c:	4800      	ldr	r0, [pc, #0]	@ (100038a0 <tud_descriptor_bos_cb+0x4>)
1000389e:	4770      	bx	lr
100038a0:	10007284 	.word	0x10007284

100038a4 <tud_vendor_control_xfer_cb>:
100038a4:	2901      	cmp	r1, #1
100038a6:	d107      	bne.n	100038b8 <tud_vendor_control_xfer_cb+0x14>
100038a8:	7853      	ldrb	r3, [r2, #1]
100038aa:	2b01      	cmp	r3, #1
100038ac:	d102      	bne.n	100038b4 <tud_vendor_control_xfer_cb+0x10>
100038ae:	8893      	ldrh	r3, [r2, #4]
100038b0:	2b07      	cmp	r3, #7
100038b2:	d003      	beq.n	100038bc <tud_vendor_control_xfer_cb+0x18>
100038b4:	2000      	movs	r0, #0
100038b6:	4770      	bx	lr
100038b8:	2001      	movs	r0, #1
100038ba:	4770      	bx	lr
100038bc:	4611      	mov	r1, r2
100038be:	23a6      	movs	r3, #166	@ 0xa6
100038c0:	4a01      	ldr	r2, [pc, #4]	@ (100038c8 <tud_vendor_control_xfer_cb+0x24>)
100038c2:	f001 ba39 	b.w	10004d38 <tud_control_xfer>
100038c6:	bf00      	nop
100038c8:	100071dc 	.word	0x100071dc

100038cc <usbd_app_driver_get_cb>:
100038cc:	4603      	mov	r3, r0
100038ce:	2201      	movs	r2, #1
100038d0:	4801      	ldr	r0, [pc, #4]	@ (100038d8 <usbd_app_driver_get_cb+0xc>)
100038d2:	701a      	strb	r2, [r3, #0]
100038d4:	4770      	bx	lr
100038d6:	bf00      	nop
100038d8:	100071bc 	.word	0x100071bc

100038dc <tud_cdc_line_coding_cb>:
100038dc:	b508      	push	{r3, lr}
100038de:	680b      	ldr	r3, [r1, #0]
100038e0:	f5b3 6f96 	cmp.w	r3, #1200	@ 0x4b0
100038e4:	d000      	beq.n	100038e8 <tud_cdc_line_coding_cb+0xc>
100038e6:	bd08      	pop	{r3, pc}
100038e8:	2200      	movs	r2, #0
100038ea:	f04f 30ff 	mov.w	r0, #4294967295
100038ee:	4611      	mov	r1, r2
100038f0:	f7fd ff5a 	bl	100017a8 <rom_reset_usb_boot_extra>

100038f4 <stdio_usb_set_chars_available_callback>:
100038f4:	4a02      	ldr	r2, [pc, #8]	@ (10003900 <stdio_usb_set_chars_available_callback+0xc>)
100038f6:	4b03      	ldr	r3, [pc, #12]	@ (10003904 <stdio_usb_set_chars_available_callback+0x10>)
100038f8:	6010      	str	r0, [r2, #0]
100038fa:	6019      	str	r1, [r3, #0]
100038fc:	4770      	bx	lr
100038fe:	bf00      	nop
10003900:	20001a24 	.word	0x20001a24
10003904:	20001a28 	.word	0x20001a28

10003908 <timer_task>:
10003908:	4b18      	ldr	r3, [pc, #96]	@ (1000396c <timer_task+0x64>)
1000390a:	b570      	push	{r4, r5, r6, lr}
1000390c:	681a      	ldr	r2, [r3, #0]
1000390e:	2a00      	cmp	r2, #0
10003910:	d028      	beq.n	10003964 <timer_task+0x5c>
10003912:	f3ef 8110 	mrs	r1, PRIMASK
10003916:	b672      	cpsid	i
10003918:	e8d2 4fcf 	ldaexb	r4, [r2]
1000391c:	2001      	movs	r0, #1
1000391e:	2c00      	cmp	r4, #0
10003920:	d1fa      	bne.n	10003918 <timer_task+0x10>
10003922:	e8c2 0f44 	strexb	r4, r0, [r2]
10003926:	2c00      	cmp	r4, #0
10003928:	d1f6      	bne.n	10003918 <timer_task+0x10>
1000392a:	f3bf 8f5f 	dmb	sy
1000392e:	2200      	movs	r2, #0
10003930:	4c0f      	ldr	r4, [pc, #60]	@ (10003970 <timer_task+0x68>)
10003932:	6818      	ldr	r0, [r3, #0]
10003934:	6059      	str	r1, [r3, #4]
10003936:	7022      	strb	r2, [r4, #0]
10003938:	e8c0 2f8f 	stlb	r2, [r0]
1000393c:	f381 8810 	msr	PRIMASK, r1
10003940:	2400      	movs	r4, #0
10003942:	2500      	movs	r5, #0
10003944:	4e0b      	ldr	r6, [pc, #44]	@ (10003974 <timer_task+0x6c>)
10003946:	7830      	ldrb	r0, [r6, #0]
10003948:	f7fc ff42 	bl	100007d0 <irq_is_enabled>
1000394c:	b920      	cbnz	r0, 10003958 <timer_task+0x50>
1000394e:	2400      	movs	r4, #0
10003950:	2500      	movs	r5, #0
10003952:	4620      	mov	r0, r4
10003954:	4629      	mov	r1, r5
10003956:	bd70      	pop	{r4, r5, r6, pc}
10003958:	7830      	ldrb	r0, [r6, #0]
1000395a:	f7fc ff49 	bl	100007f0 <irq_set_pending>
1000395e:	4620      	mov	r0, r4
10003960:	4629      	mov	r1, r5
10003962:	bd70      	pop	{r4, r5, r6, pc}
10003964:	f44f 747a 	mov.w	r4, #1000	@ 0x3e8
10003968:	2500      	movs	r5, #0
1000396a:	e7eb      	b.n	10003944 <timer_task+0x3c>
1000396c:	20001ebc 	.word	0x20001ebc
10003970:	20001f1a 	.word	0x20001f1a
10003974:	20001f19 	.word	0x20001f19

10003978 <usb_irq>:
10003978:	4b01      	ldr	r3, [pc, #4]	@ (10003980 <usb_irq+0x8>)
1000397a:	7818      	ldrb	r0, [r3, #0]
1000397c:	f7fc bf38 	b.w	100007f0 <irq_set_pending>
10003980:	20001f19 	.word	0x20001f19

10003984 <stdio_usb_in_chars>:
10003984:	b538      	push	{r3, r4, r5, lr}
10003986:	4604      	mov	r4, r0
10003988:	2000      	movs	r0, #0
1000398a:	460d      	mov	r5, r1
1000398c:	f001 fb04 	bl	10004f98 <tud_cdc_n_connected>
10003990:	b3a8      	cbz	r0, 100039fe <stdio_usb_in_chars+0x7a>
10003992:	2000      	movs	r0, #0
10003994:	f001 fb16 	bl	10004fc4 <tud_cdc_n_available>
10003998:	b388      	cbz	r0, 100039fe <stdio_usb_in_chars+0x7a>
1000399a:	f7fd fdb7 	bl	1000150c <time_us_64>
1000399e:	f04f 3eff 	mov.w	lr, #4294967295
100039a2:	f06f 4c00 	mvn.w	ip, #2147483648	@ 0x80000000
100039a6:	4a17      	ldr	r2, [pc, #92]	@ (10003a04 <stdio_usb_in_chars+0x80>)
100039a8:	1882      	adds	r2, r0, r2
100039aa:	f141 0300 	adc.w	r3, r1, #0
100039ae:	4596      	cmp	lr, r2
100039b0:	eb7c 0103 	sbcs.w	r1, ip, r3
100039b4:	bf3c      	itt	cc
100039b6:	4672      	movcc	r2, lr
100039b8:	4663      	movcc	r3, ip
100039ba:	4813      	ldr	r0, [pc, #76]	@ (10003a08 <stdio_usb_in_chars+0x84>)
100039bc:	f003 fa98 	bl	10006ef0 <__mutex_try_enter_block_until_veneer>
100039c0:	b1e8      	cbz	r0, 100039fe <stdio_usb_in_chars+0x7a>
100039c2:	2000      	movs	r0, #0
100039c4:	f001 fae8 	bl	10004f98 <tud_cdc_n_connected>
100039c8:	b958      	cbnz	r0, 100039e2 <stdio_usb_in_chars+0x5e>
100039ca:	2100      	movs	r1, #0
100039cc:	f04f 30ff 	mov.w	r0, #4294967295
100039d0:	f000 fd0a 	bl	100043e8 <tud_task_ext>
100039d4:	f06f 0402 	mvn.w	r4, #2
100039d8:	480b      	ldr	r0, [pc, #44]	@ (10003a08 <stdio_usb_in_chars+0x84>)
100039da:	f003 fa79 	bl	10006ed0 <__mutex_exit_veneer>
100039de:	4620      	mov	r0, r4
100039e0:	bd38      	pop	{r3, r4, r5, pc}
100039e2:	2000      	movs	r0, #0
100039e4:	f001 faee 	bl	10004fc4 <tud_cdc_n_available>
100039e8:	2800      	cmp	r0, #0
100039ea:	d0ee      	beq.n	100039ca <stdio_usb_in_chars+0x46>
100039ec:	4621      	mov	r1, r4
100039ee:	462a      	mov	r2, r5
100039f0:	2000      	movs	r0, #0
100039f2:	f001 faf1 	bl	10004fd8 <tud_cdc_n_read>
100039f6:	4604      	mov	r4, r0
100039f8:	2800      	cmp	r0, #0
100039fa:	d1ed      	bne.n	100039d8 <stdio_usb_in_chars+0x54>
100039fc:	e7ea      	b.n	100039d4 <stdio_usb_in_chars+0x50>
100039fe:	f06f 0402 	mvn.w	r4, #2
10003a02:	e7ec      	b.n	100039de <stdio_usb_in_chars+0x5a>
10003a04:	000f4240 	.word	0x000f4240
10003a08:	20001ef0 	.word	0x20001ef0

10003a0c <stdio_usb_out_flush>:
10003a0c:	b508      	push	{r3, lr}
10003a0e:	f7fd fd7d 	bl	1000150c <time_us_64>
10003a12:	f04f 3eff 	mov.w	lr, #4294967295
10003a16:	f06f 4c00 	mvn.w	ip, #2147483648	@ 0x80000000
10003a1a:	4a0f      	ldr	r2, [pc, #60]	@ (10003a58 <stdio_usb_out_flush+0x4c>)
10003a1c:	1882      	adds	r2, r0, r2
10003a1e:	f141 0300 	adc.w	r3, r1, #0
10003a22:	4596      	cmp	lr, r2
10003a24:	eb7c 0103 	sbcs.w	r1, ip, r3
10003a28:	bf3c      	itt	cc
10003a2a:	4672      	movcc	r2, lr
10003a2c:	4663      	movcc	r3, ip
10003a2e:	480b      	ldr	r0, [pc, #44]	@ (10003a5c <stdio_usb_out_flush+0x50>)
10003a30:	f003 fa5e 	bl	10006ef0 <__mutex_try_enter_block_until_veneer>
10003a34:	b170      	cbz	r0, 10003a54 <stdio_usb_out_flush+0x48>
10003a36:	f04f 30ff 	mov.w	r0, #4294967295
10003a3a:	2100      	movs	r1, #0
10003a3c:	f000 fcd4 	bl	100043e8 <tud_task_ext>
10003a40:	2000      	movs	r0, #0
10003a42:	f001 fb11 	bl	10005068 <tud_cdc_n_write_flush>
10003a46:	2800      	cmp	r0, #0
10003a48:	d1f5      	bne.n	10003a36 <stdio_usb_out_flush+0x2a>
10003a4a:	e8bd 4008 	ldmia.w	sp!, {r3, lr}
10003a4e:	4803      	ldr	r0, [pc, #12]	@ (10003a5c <stdio_usb_out_flush+0x50>)
10003a50:	f003 ba3e 	b.w	10006ed0 <__mutex_exit_veneer>
10003a54:	bd08      	pop	{r3, pc}
10003a56:	bf00      	nop
10003a58:	000f4240 	.word	0x000f4240
10003a5c:	20001ef0 	.word	0x20001ef0

10003a60 <stdio_usb_out_chars>:
10003a60:	e92d 43f8 	stmdb	sp!, {r3, r4, r5, r6, r7, r8, r9, lr}
10003a64:	4680      	mov	r8, r0
10003a66:	460f      	mov	r7, r1
10003a68:	f7fd fd50 	bl	1000150c <time_us_64>
10003a6c:	f04f 35ff 	mov.w	r5, #4294967295
10003a70:	f06f 4400 	mvn.w	r4, #2147483648	@ 0x80000000
10003a74:	4a33      	ldr	r2, [pc, #204]	@ (10003b44 <stdio_usb_out_chars+0xe4>)
10003a76:	1882      	adds	r2, r0, r2
10003a78:	f141 0300 	adc.w	r3, r1, #0
10003a7c:	4295      	cmp	r5, r2
10003a7e:	eb74 0103 	sbcs.w	r1, r4, r3
10003a82:	bf3c      	itt	cc
10003a84:	462a      	movcc	r2, r5
10003a86:	4623      	movcc	r3, r4
10003a88:	482f      	ldr	r0, [pc, #188]	@ (10003b48 <stdio_usb_out_chars+0xe8>)
10003a8a:	f003 fa31 	bl	10006ef0 <__mutex_try_enter_block_until_veneer>
10003a8e:	b908      	cbnz	r0, 10003a94 <stdio_usb_out_chars+0x34>
10003a90:	e8bd 83f8 	ldmia.w	sp!, {r3, r4, r5, r6, r7, r8, r9, pc}
10003a94:	2000      	movs	r0, #0
10003a96:	f001 fa7f 	bl	10004f98 <tud_cdc_n_connected>
10003a9a:	2800      	cmp	r0, #0
10003a9c:	d047      	beq.n	10003b2e <stdio_usb_out_chars+0xce>
10003a9e:	2f00      	cmp	r7, #0
10003aa0:	dd40      	ble.n	10003b24 <stdio_usb_out_chars+0xc4>
10003aa2:	2500      	movs	r5, #0
10003aa4:	f8df 90a8 	ldr.w	r9, [pc, #168]	@ 10003b50 <stdio_usb_out_chars+0xf0>
10003aa8:	4e28      	ldr	r6, [pc, #160]	@ (10003b4c <stdio_usb_out_chars+0xec>)
10003aaa:	e013      	b.n	10003ad4 <stdio_usb_out_chars+0x74>
10003aac:	4622      	mov	r2, r4
10003aae:	2000      	movs	r0, #0
10003ab0:	f001 fb20 	bl	100050f4 <tud_cdc_n_write>
10003ab4:	2100      	movs	r1, #0
10003ab6:	4604      	mov	r4, r0
10003ab8:	f04f 30ff 	mov.w	r0, #4294967295
10003abc:	f000 fc94 	bl	100043e8 <tud_task_ext>
10003ac0:	2000      	movs	r0, #0
10003ac2:	f001 fad1 	bl	10005068 <tud_cdc_n_write_flush>
10003ac6:	f7fd fd21 	bl	1000150c <time_us_64>
10003aca:	e9c9 0100 	strd	r0, r1, [r9]
10003ace:	4425      	add	r5, r4
10003ad0:	42af      	cmp	r7, r5
10003ad2:	dd27      	ble.n	10003b24 <stdio_usb_out_chars+0xc4>
10003ad4:	2000      	movs	r0, #0
10003ad6:	f001 fb2d 	bl	10005134 <tud_cdc_n_write_available>
10003ada:	1b7c      	subs	r4, r7, r5
10003adc:	4284      	cmp	r4, r0
10003ade:	bfa8      	it	ge
10003ae0:	4604      	movge	r4, r0
10003ae2:	eb08 0105 	add.w	r1, r8, r5
10003ae6:	2c00      	cmp	r4, #0
10003ae8:	d1e0      	bne.n	10003aac <stdio_usb_out_chars+0x4c>
10003aea:	4621      	mov	r1, r4
10003aec:	f04f 30ff 	mov.w	r0, #4294967295
10003af0:	f000 fc7a 	bl	100043e8 <tud_task_ext>
10003af4:	4620      	mov	r0, r4
10003af6:	f001 fab7 	bl	10005068 <tud_cdc_n_write_flush>
10003afa:	4620      	mov	r0, r4
10003afc:	f001 fa4c 	bl	10004f98 <tud_cdc_n_connected>
10003b00:	b180      	cbz	r0, 10003b24 <stdio_usb_out_chars+0xc4>
10003b02:	4620      	mov	r0, r4
10003b04:	f001 fb16 	bl	10005134 <tud_cdc_n_write_available>
10003b08:	2800      	cmp	r0, #0
10003b0a:	d1e1      	bne.n	10003ad0 <stdio_usb_out_chars+0x70>
10003b0c:	f7fd fcfe 	bl	1000150c <time_us_64>
10003b10:	f8d9 3000 	ldr.w	r3, [r9]
10003b14:	f8d9 2004 	ldr.w	r2, [r9, #4]
10003b18:	199b      	adds	r3, r3, r6
10003b1a:	f142 0200 	adc.w	r2, r2, #0
10003b1e:	4283      	cmp	r3, r0
10003b20:	418a      	sbcs	r2, r1
10003b22:	d2d5      	bcs.n	10003ad0 <stdio_usb_out_chars+0x70>
10003b24:	4808      	ldr	r0, [pc, #32]	@ (10003b48 <stdio_usb_out_chars+0xe8>)
10003b26:	e8bd 43f8 	ldmia.w	sp!, {r3, r4, r5, r6, r7, r8, r9, lr}
10003b2a:	f003 b9d1 	b.w	10006ed0 <__mutex_exit_veneer>
10003b2e:	2000      	movs	r0, #0
10003b30:	2100      	movs	r1, #0
10003b32:	4b07      	ldr	r3, [pc, #28]	@ (10003b50 <stdio_usb_out_chars+0xf0>)
10003b34:	e9c3 0100 	strd	r0, r1, [r3]
10003b38:	e8bd 43f8 	ldmia.w	sp!, {r3, r4, r5, r6, r7, r8, r9, lr}
10003b3c:	4802      	ldr	r0, [pc, #8]	@ (10003b48 <stdio_usb_out_chars+0xe8>)
10003b3e:	f003 b9c7 	b.w	10006ed0 <__mutex_exit_veneer>
10003b42:	bf00      	nop
10003b44:	000f4240 	.word	0x000f4240
10003b48:	20001ef0 	.word	0x20001ef0
10003b4c:	0007a120 	.word	0x0007a120
10003b50:	20001440 	.word	0x20001440

10003b54 <low_priority_worker_irq>:
10003b54:	b530      	push	{r4, r5, lr}
10003b56:	2100      	movs	r1, #0
10003b58:	b085      	sub	sp, #20
10003b5a:	482e      	ldr	r0, [pc, #184]	@ (10003c14 <low_priority_worker_irq+0xc0>)
10003b5c:	f003 f9cc 	bl	10006ef8 <__mutex_try_enter_veneer>
10003b60:	b9f0      	cbnz	r0, 10003ba0 <low_priority_worker_irq+0x4c>
10003b62:	4b2d      	ldr	r3, [pc, #180]	@ (10003c18 <low_priority_worker_irq+0xc4>)
10003b64:	681a      	ldr	r2, [r3, #0]
10003b66:	b1ca      	cbz	r2, 10003b9c <low_priority_worker_irq+0x48>
10003b68:	f3ef 8110 	mrs	r1, PRIMASK
10003b6c:	b672      	cpsid	i
10003b6e:	e8d2 5fcf 	ldaexb	r5, [r2]
10003b72:	2401      	movs	r4, #1
10003b74:	2d00      	cmp	r5, #0
10003b76:	d1fa      	bne.n	10003b6e <low_priority_worker_irq+0x1a>
10003b78:	e8c2 4f45 	strexb	r5, r4, [r2]
10003b7c:	2d00      	cmp	r5, #0
10003b7e:	d1f6      	bne.n	10003b6e <low_priority_worker_irq+0x1a>
10003b80:	f3bf 8f5f 	dmb	sy
10003b84:	4c25      	ldr	r4, [pc, #148]	@ (10003c1c <low_priority_worker_irq+0xc8>)
10003b86:	681d      	ldr	r5, [r3, #0]
10003b88:	7822      	ldrb	r2, [r4, #0]
10003b8a:	6059      	str	r1, [r3, #4]
10003b8c:	b2d3      	uxtb	r3, r2
10003b8e:	2201      	movs	r2, #1
10003b90:	7022      	strb	r2, [r4, #0]
10003b92:	e8c5 0f8f 	stlb	r0, [r5]
10003b96:	f381 8810 	msr	PRIMASK, r1
10003b9a:	b1cb      	cbz	r3, 10003bd0 <low_priority_worker_irq+0x7c>
10003b9c:	b005      	add	sp, #20
10003b9e:	bd30      	pop	{r4, r5, pc}
10003ba0:	2100      	movs	r1, #0
10003ba2:	f04f 30ff 	mov.w	r0, #4294967295
10003ba6:	f000 fc1f 	bl	100043e8 <tud_task_ext>
10003baa:	2000      	movs	r0, #0
10003bac:	f001 fa0a 	bl	10004fc4 <tud_cdc_n_available>
10003bb0:	4604      	mov	r4, r0
10003bb2:	4818      	ldr	r0, [pc, #96]	@ (10003c14 <low_priority_worker_irq+0xc0>)
10003bb4:	f003 f98c 	bl	10006ed0 <__mutex_exit_veneer>
10003bb8:	2c00      	cmp	r4, #0
10003bba:	d0ef      	beq.n	10003b9c <low_priority_worker_irq+0x48>
10003bbc:	4b18      	ldr	r3, [pc, #96]	@ (10003c20 <low_priority_worker_irq+0xcc>)
10003bbe:	681b      	ldr	r3, [r3, #0]
10003bc0:	2b00      	cmp	r3, #0
10003bc2:	d0eb      	beq.n	10003b9c <low_priority_worker_irq+0x48>
10003bc4:	4a17      	ldr	r2, [pc, #92]	@ (10003c24 <low_priority_worker_irq+0xd0>)
10003bc6:	6810      	ldr	r0, [r2, #0]
10003bc8:	b005      	add	sp, #20
10003bca:	e8bd 4030 	ldmia.w	sp!, {r4, r5, lr}
10003bce:	4718      	bx	r3
10003bd0:	f7fd fa26 	bl	10001020 <alarm_pool_get_default>
10003bd4:	4604      	mov	r4, r0
10003bd6:	f7fd fc99 	bl	1000150c <time_us_64>
10003bda:	f04f 3cff 	mov.w	ip, #4294967295
10003bde:	f06f 4500 	mvn.w	r5, #2147483648	@ 0x80000000
10003be2:	f510 727a 	adds.w	r2, r0, #1000	@ 0x3e8
10003be6:	f141 0300 	adc.w	r3, r1, #0
10003bea:	4594      	cmp	ip, r2
10003bec:	eb75 0103 	sbcs.w	r1, r5, r3
10003bf0:	bf38      	it	cc
10003bf2:	462b      	movcc	r3, r5
10003bf4:	f04f 0100 	mov.w	r1, #0
10003bf8:	f04f 0501 	mov.w	r5, #1
10003bfc:	4620      	mov	r0, r4
10003bfe:	4c0a      	ldr	r4, [pc, #40]	@ (10003c28 <low_priority_worker_irq+0xd4>)
10003c00:	bf38      	it	cc
10003c02:	4662      	movcc	r2, ip
10003c04:	e9cd 1501 	strd	r1, r5, [sp, #4]
10003c08:	9400      	str	r4, [sp, #0]
10003c0a:	f7fd fa0d 	bl	10001028 <alarm_pool_add_alarm_at>
10003c0e:	b005      	add	sp, #20
10003c10:	bd30      	pop	{r4, r5, pc}
10003c12:	bf00      	nop
10003c14:	20001ef0 	.word	0x20001ef0
10003c18:	20001ebc 	.word	0x20001ebc
10003c1c:	20001f1a 	.word	0x20001f1a
10003c20:	20001a24 	.word	0x20001a24
10003c24:	20001a28 	.word	0x20001a28
10003c28:	10003909 	.word	0x10003909

10003c2c <stdio_usb_init>:
10003c2c:	f04f 4350 	mov.w	r3, #3489660928	@ 0xd0000000
10003c30:	b530      	push	{r4, r5, lr}
10003c32:	b085      	sub	sp, #20
10003c34:	681c      	ldr	r4, [r3, #0]
10003c36:	f7fd f9f3 	bl	10001020 <alarm_pool_get_default>
10003c3a:	f7fd fb07 	bl	1000124c <alarm_pool_core_num>
10003c3e:	42a0      	cmp	r0, r4
10003c40:	d002      	beq.n	10003c48 <stdio_usb_init+0x1c>
10003c42:	2000      	movs	r0, #0
10003c44:	b005      	add	sp, #20
10003c46:	bd30      	pop	{r4, r5, pc}
10003c48:	2100      	movs	r1, #0
10003c4a:	4b2a      	ldr	r3, [pc, #168]	@ (10003cf4 <stdio_usb_init+0xc8>)
10003c4c:	4608      	mov	r0, r1
10003c4e:	781b      	ldrb	r3, [r3, #0]
10003c50:	f001 fd38 	bl	100056c4 <tusb_rhport_init>
10003c54:	4828      	ldr	r0, [pc, #160]	@ (10003cf8 <stdio_usb_init+0xcc>)
10003c56:	6803      	ldr	r3, [r0, #0]
10003c58:	2b00      	cmp	r3, #0
10003c5a:	d047      	beq.n	10003cec <stdio_usb_init+0xc0>
10003c5c:	2001      	movs	r0, #1
10003c5e:	f7fc ff65 	bl	10000b2c <user_irq_claim_unused>
10003c62:	4603      	mov	r3, r0
10003c64:	4c25      	ldr	r4, [pc, #148]	@ (10003cfc <stdio_usb_init+0xd0>)
10003c66:	4926      	ldr	r1, [pc, #152]	@ (10003d00 <stdio_usb_init+0xd4>)
10003c68:	b2c0      	uxtb	r0, r0
10003c6a:	7023      	strb	r3, [r4, #0]
10003c6c:	f7fc fddc 	bl	10000828 <irq_set_exclusive_handler>
10003c70:	7820      	ldrb	r0, [r4, #0]
10003c72:	2101      	movs	r1, #1
10003c74:	f7fc fd96 	bl	100007a4 <irq_set_enabled>
10003c78:	200e      	movs	r0, #14
10003c7a:	f7fc fdc5 	bl	10000808 <irq_has_shared_handler>
10003c7e:	bb40      	cbnz	r0, 10003cd2 <stdio_usb_init+0xa6>
10003c80:	4b20      	ldr	r3, [pc, #128]	@ (10003d04 <stdio_usb_init+0xd8>)
10003c82:	2501      	movs	r5, #1
10003c84:	e9c3 0000 	strd	r0, r0, [r3]
10003c88:	f7fd f9ca 	bl	10001020 <alarm_pool_get_default>
10003c8c:	4604      	mov	r4, r0
10003c8e:	f7fd fc3d 	bl	1000150c <time_us_64>
10003c92:	f04f 3eff 	mov.w	lr, #4294967295
10003c96:	f06f 4c00 	mvn.w	ip, #2147483648	@ 0x80000000
10003c9a:	f510 727a 	adds.w	r2, r0, #1000	@ 0x3e8
10003c9e:	f141 0300 	adc.w	r3, r1, #0
10003ca2:	4596      	cmp	lr, r2
10003ca4:	eb7c 0103 	sbcs.w	r1, ip, r3
10003ca8:	f04f 0100 	mov.w	r1, #0
10003cac:	4620      	mov	r0, r4
10003cae:	4c16      	ldr	r4, [pc, #88]	@ (10003d08 <stdio_usb_init+0xdc>)
10003cb0:	bf3c      	itt	cc
10003cb2:	4672      	movcc	r2, lr
10003cb4:	4663      	movcc	r3, ip
10003cb6:	e9cd 1501 	strd	r1, r5, [sp, #4]
10003cba:	9400      	str	r4, [sp, #0]
10003cbc:	f7fd f9b4 	bl	10001028 <alarm_pool_add_alarm_at>
10003cc0:	2800      	cmp	r0, #0
10003cc2:	dbbe      	blt.n	10003c42 <stdio_usb_init+0x16>
10003cc4:	2101      	movs	r1, #1
10003cc6:	4811      	ldr	r0, [pc, #68]	@ (10003d0c <stdio_usb_init+0xe0>)
10003cc8:	f7ff fcbc 	bl	10003644 <stdio_set_driver_enabled>
10003ccc:	2001      	movs	r0, #1
10003cce:	b005      	add	sp, #20
10003cd0:	bd30      	pop	{r4, r5, pc}
10003cd2:	2001      	movs	r0, #1
10003cd4:	f7fc fd22 	bl	1000071c <spin_lock_claim_unused>
10003cd8:	4601      	mov	r1, r0
10003cda:	480a      	ldr	r0, [pc, #40]	@ (10003d04 <stdio_usb_init+0xd8>)
10003cdc:	f7fc ff82 	bl	10000be4 <critical_section_init_with_lock_num>
10003ce0:	2200      	movs	r2, #0
10003ce2:	200e      	movs	r0, #14
10003ce4:	490a      	ldr	r1, [pc, #40]	@ (10003d10 <stdio_usb_init+0xe4>)
10003ce6:	f7fc fdcf 	bl	10000888 <irq_add_shared_handler>
10003cea:	e7eb      	b.n	10003cc4 <stdio_usb_init+0x98>
10003cec:	f7fc ff5e 	bl	10000bac <mutex_init>
10003cf0:	e7b4      	b.n	10003c5c <stdio_usb_init+0x30>
10003cf2:	bf00      	nop
10003cf4:	100073b4 	.word	0x100073b4
10003cf8:	20001ef0 	.word	0x20001ef0
10003cfc:	20001f19 	.word	0x20001f19
10003d00:	10003b55 	.word	0x10003b55
10003d04:	20001ebc 	.word	0x20001ebc
10003d08:	10003909 	.word	0x10003909
10003d0c:	20001274 	.word	0x20001274
10003d10:	10003979 	.word	0x10003979

10003d14 <tud_descriptor_device_cb>:
10003d14:	4800      	ldr	r0, [pc, #0]	@ (10003d18 <tud_descriptor_device_cb+0x4>)
10003d16:	4770      	bx	lr
10003d18:	10007320 	.word	0x10007320

10003d1c <tud_descriptor_configuration_cb>:
10003d1c:	4800      	ldr	r0, [pc, #0]	@ (10003d20 <tud_descriptor_configuration_cb+0x4>)
10003d1e:	4770      	bx	lr
10003d20:	100072cc 	.word	0x100072cc

10003d24 <tud_descriptor_string_cb>:
10003d24:	b538      	push	{r3, r4, r5, lr}
10003d26:	4b18      	ldr	r3, [pc, #96]	@ (10003d88 <tud_descriptor_string_cb+0x64>)
10003d28:	4604      	mov	r4, r0
10003d2a:	781a      	ldrb	r2, [r3, #0]
10003d2c:	b30a      	cbz	r2, 10003d72 <tud_descriptor_string_cb+0x4e>
10003d2e:	b944      	cbnz	r4, 10003d42 <tud_descriptor_string_cb+0x1e>
10003d30:	f240 4209 	movw	r2, #1033	@ 0x409
10003d34:	f44f 7341 	mov.w	r3, #772	@ 0x304
10003d38:	4d14      	ldr	r5, [pc, #80]	@ (10003d8c <tud_descriptor_string_cb+0x68>)
10003d3a:	806a      	strh	r2, [r5, #2]
10003d3c:	4813      	ldr	r0, [pc, #76]	@ (10003d8c <tud_descriptor_string_cb+0x68>)
10003d3e:	802b      	strh	r3, [r5, #0]
10003d40:	bd38      	pop	{r3, r4, r5, pc}
10003d42:	2c05      	cmp	r4, #5
10003d44:	d81d      	bhi.n	10003d82 <tud_descriptor_string_cb+0x5e>
10003d46:	4b12      	ldr	r3, [pc, #72]	@ (10003d90 <tud_descriptor_string_cb+0x6c>)
10003d48:	4d10      	ldr	r5, [pc, #64]	@ (10003d8c <tud_descriptor_string_cb+0x68>)
10003d4a:	f853 1024 	ldr.w	r1, [r3, r4, lsl #2]
10003d4e:	4628      	mov	r0, r5
10003d50:	2300      	movs	r3, #0
10003d52:	3901      	subs	r1, #1
10003d54:	e003      	b.n	10003d5e <tud_descriptor_string_cb+0x3a>
10003d56:	2b13      	cmp	r3, #19
10003d58:	f820 2f02 	strh.w	r2, [r0, #2]!
10003d5c:	d00e      	beq.n	10003d7c <tud_descriptor_string_cb+0x58>
10003d5e:	f811 2f01 	ldrb.w	r2, [r1, #1]!
10003d62:	3301      	adds	r3, #1
10003d64:	b2db      	uxtb	r3, r3
10003d66:	2a00      	cmp	r2, #0
10003d68:	d1f5      	bne.n	10003d56 <tud_descriptor_string_cb+0x32>
10003d6a:	005b      	lsls	r3, r3, #1
10003d6c:	f443 7340 	orr.w	r3, r3, #768	@ 0x300
10003d70:	e7e4      	b.n	10003d3c <tud_descriptor_string_cb+0x18>
10003d72:	2111      	movs	r1, #17
10003d74:	4618      	mov	r0, r3
10003d76:	f000 f825 	bl	10003dc4 <pico_get_unique_board_id_string>
10003d7a:	e7d8      	b.n	10003d2e <tud_descriptor_string_cb+0xa>
10003d7c:	f44f 734a 	mov.w	r3, #808	@ 0x328
10003d80:	e7dc      	b.n	10003d3c <tud_descriptor_string_cb+0x18>
10003d82:	2000      	movs	r0, #0
10003d84:	bd38      	pop	{r3, r4, r5, pc}
10003d86:	bf00      	nop
10003d88:	20001ef8 	.word	0x20001ef8
10003d8c:	20001a5c 	.word	0x20001a5c
10003d90:	100072b4 	.word	0x100072b4

10003d94 <_retrieve_unique_id_on_boot>:
10003d94:	b500      	push	{lr}
10003d96:	f245 3047 	movw	r0, #21319	@ 0x5347
10003d9a:	b08b      	sub	sp, #44	@ 0x2c
10003d9c:	f7fd fcf8 	bl	10001790 <rom_func_lookup>
10003da0:	2201      	movs	r2, #1
10003da2:	4603      	mov	r3, r0
10003da4:	2109      	movs	r1, #9
10003da6:	a801      	add	r0, sp, #4
10003da8:	4798      	blx	r3
10003daa:	e9dd 3203 	ldrd	r3, r2, [sp, #12]
10003dae:	4904      	ldr	r1, [pc, #16]	@ (10003dc0 <_retrieve_unique_id_on_boot+0x2c>)
10003db0:	ba12      	rev	r2, r2
10003db2:	ba1b      	rev	r3, r3
10003db4:	e9c1 2300 	strd	r2, r3, [r1]
10003db8:	b00b      	add	sp, #44	@ 0x2c
10003dba:	f85d fb04 	ldr.w	pc, [sp], #4
10003dbe:	bf00      	nop
10003dc0:	20001ee4 	.word	0x20001ee4

10003dc4 <pico_get_unique_board_id_string>:
10003dc4:	2901      	cmp	r1, #1
10003dc6:	f101 33ff 	add.w	r3, r1, #4294967295
10003dca:	f000 80b3 	beq.w	10003f34 <pico_get_unique_board_id_string+0x170>
10003dce:	495d      	ldr	r1, [pc, #372]	@ (10003f44 <pico_get_unique_board_id_string+0x180>)
10003dd0:	780a      	ldrb	r2, [r1, #0]
10003dd2:	ea4f 1c12 	mov.w	ip, r2, lsr #4
10003dd6:	2a9f      	cmp	r2, #159	@ 0x9f
10003dd8:	bf8c      	ite	hi
10003dda:	f10c 0c37 	addhi.w	ip, ip, #55	@ 0x37
10003dde:	f10c 0c30 	addls.w	ip, ip, #48	@ 0x30
10003de2:	2b01      	cmp	r3, #1
10003de4:	f880 c000 	strb.w	ip, [r0]
10003de8:	f000 80a7 	beq.w	10003f3a <pico_get_unique_board_id_string+0x176>
10003dec:	f002 020f 	and.w	r2, r2, #15
10003df0:	2a09      	cmp	r2, #9
10003df2:	bf8c      	ite	hi
10003df4:	3237      	addhi	r2, #55	@ 0x37
10003df6:	3230      	addls	r2, #48	@ 0x30
10003df8:	2b02      	cmp	r3, #2
10003dfa:	7042      	strb	r2, [r0, #1]
10003dfc:	f000 809d 	beq.w	10003f3a <pico_get_unique_board_id_string+0x176>
10003e00:	784a      	ldrb	r2, [r1, #1]
10003e02:	ea4f 1c12 	mov.w	ip, r2, lsr #4
10003e06:	2a9f      	cmp	r2, #159	@ 0x9f
10003e08:	bf8c      	ite	hi
10003e0a:	f10c 0c37 	addhi.w	ip, ip, #55	@ 0x37
10003e0e:	f10c 0c30 	addls.w	ip, ip, #48	@ 0x30
10003e12:	2b03      	cmp	r3, #3
10003e14:	f880 c002 	strb.w	ip, [r0, #2]
10003e18:	f000 808f 	beq.w	10003f3a <pico_get_unique_board_id_string+0x176>
10003e1c:	f002 020f 	and.w	r2, r2, #15
10003e20:	2a09      	cmp	r2, #9
10003e22:	bf8c      	ite	hi
10003e24:	3237      	addhi	r2, #55	@ 0x37
10003e26:	3230      	addls	r2, #48	@ 0x30
10003e28:	2b04      	cmp	r3, #4
10003e2a:	70c2      	strb	r2, [r0, #3]
10003e2c:	f000 8085 	beq.w	10003f3a <pico_get_unique_board_id_string+0x176>
10003e30:	788a      	ldrb	r2, [r1, #2]
10003e32:	ea4f 1c12 	mov.w	ip, r2, lsr #4
10003e36:	2a9f      	cmp	r2, #159	@ 0x9f
10003e38:	bf8c      	ite	hi
10003e3a:	f10c 0c37 	addhi.w	ip, ip, #55	@ 0x37
10003e3e:	f10c 0c30 	addls.w	ip, ip, #48	@ 0x30
10003e42:	2b05      	cmp	r3, #5
10003e44:	f880 c004 	strb.w	ip, [r0, #4]
10003e48:	d077      	beq.n	10003f3a <pico_get_unique_board_id_string+0x176>
10003e4a:	f002 020f 	and.w	r2, r2, #15
10003e4e:	2a09      	cmp	r2, #9
10003e50:	bf8c      	ite	hi
10003e52:	3237      	addhi	r2, #55	@ 0x37
10003e54:	3230      	addls	r2, #48	@ 0x30
10003e56:	2b06      	cmp	r3, #6
10003e58:	7142      	strb	r2, [r0, #5]
10003e5a:	d06e      	beq.n	10003f3a <pico_get_unique_board_id_string+0x176>
10003e5c:	78ca      	ldrb	r2, [r1, #3]
10003e5e:	ea4f 1c12 	mov.w	ip, r2, lsr #4
10003e62:	2a9f      	cmp	r2, #159	@ 0x9f
10003e64:	bf8c      	ite	hi
10003e66:	f10c 0c37 	addhi.w	ip, ip, #55	@ 0x37
10003e6a:	f10c 0c30 	addls.w	ip, ip, #48	@ 0x30
10003e6e:	2b07      	cmp	r3, #7
10003e70:	f880 c006 	strb.w	ip, [r0, #6]
10003e74:	d061      	beq.n	10003f3a <pico_get_unique_board_id_string+0x176>
10003e76:	f002 020f 	and.w	r2, r2, #15
10003e7a:	2a09      	cmp	r2, #9
10003e7c:	bf8c      	ite	hi
10003e7e:	3237      	addhi	r2, #55	@ 0x37
10003e80:	3230      	addls	r2, #48	@ 0x30
10003e82:	2b08      	cmp	r3, #8
10003e84:	71c2      	strb	r2, [r0, #7]
10003e86:	d058      	beq.n	10003f3a <pico_get_unique_board_id_string+0x176>
10003e88:	790a      	ldrb	r2, [r1, #4]
10003e8a:	ea4f 1c12 	mov.w	ip, r2, lsr #4
10003e8e:	2a9f      	cmp	r2, #159	@ 0x9f
10003e90:	bf8c      	ite	hi
10003e92:	f10c 0c37 	addhi.w	ip, ip, #55	@ 0x37
10003e96:	f10c 0c30 	addls.w	ip, ip, #48	@ 0x30
10003e9a:	2b09      	cmp	r3, #9
10003e9c:	f880 c008 	strb.w	ip, [r0, #8]
10003ea0:	d04b      	beq.n	10003f3a <pico_get_unique_board_id_string+0x176>
10003ea2:	f002 020f 	and.w	r2, r2, #15
10003ea6:	2a09      	cmp	r2, #9
10003ea8:	bf8c      	ite	hi
10003eaa:	3237      	addhi	r2, #55	@ 0x37
10003eac:	3230      	addls	r2, #48	@ 0x30
10003eae:	2b0a      	cmp	r3, #10
10003eb0:	7242      	strb	r2, [r0, #9]
10003eb2:	d042      	beq.n	10003f3a <pico_get_unique_board_id_string+0x176>
10003eb4:	794a      	ldrb	r2, [r1, #5]
10003eb6:	ea4f 1c12 	mov.w	ip, r2, lsr #4
10003eba:	2a9f      	cmp	r2, #159	@ 0x9f
10003ebc:	bf8c      	ite	hi
10003ebe:	f10c 0c37 	addhi.w	ip, ip, #55	@ 0x37
10003ec2:	f10c 0c30 	addls.w	ip, ip, #48	@ 0x30
10003ec6:	2b0b      	cmp	r3, #11
10003ec8:	f880 c00a 	strb.w	ip, [r0, #10]
10003ecc:	d035      	beq.n	10003f3a <pico_get_unique_board_id_string+0x176>
10003ece:	f002 020f 	and.w	r2, r2, #15
10003ed2:	2a09      	cmp	r2, #9
10003ed4:	bf8c      	ite	hi
10003ed6:	3237      	addhi	r2, #55	@ 0x37
10003ed8:	3230      	addls	r2, #48	@ 0x30
10003eda:	2b0c      	cmp	r3, #12
10003edc:	72c2      	strb	r2, [r0, #11]
10003ede:	d02c      	beq.n	10003f3a <pico_get_unique_board_id_string+0x176>
10003ee0:	798a      	ldrb	r2, [r1, #6]
10003ee2:	ea4f 1c12 	mov.w	ip, r2, lsr #4
10003ee6:	2a9f      	cmp	r2, #159	@ 0x9f
10003ee8:	bf8c      	ite	hi
10003eea:	f10c 0c37 	addhi.w	ip, ip, #55	@ 0x37
10003eee:	f10c 0c30 	addls.w	ip, ip, #48	@ 0x30
10003ef2:	2b0d      	cmp	r3, #13
10003ef4:	f880 c00c 	strb.w	ip, [r0, #12]
10003ef8:	d01f      	beq.n	10003f3a <pico_get_unique_board_id_string+0x176>
10003efa:	f002 020f 	and.w	r2, r2, #15
10003efe:	2a09      	cmp	r2, #9
10003f00:	bf8c      	ite	hi
10003f02:	3237      	addhi	r2, #55	@ 0x37
10003f04:	3230      	addls	r2, #48	@ 0x30
10003f06:	2b0e      	cmp	r3, #14
10003f08:	7342      	strb	r2, [r0, #13]
10003f0a:	d016      	beq.n	10003f3a <pico_get_unique_board_id_string+0x176>
10003f0c:	79ca      	ldrb	r2, [r1, #7]
10003f0e:	0911      	lsrs	r1, r2, #4
10003f10:	2a9f      	cmp	r2, #159	@ 0x9f
10003f12:	bf8c      	ite	hi
10003f14:	3137      	addhi	r1, #55	@ 0x37
10003f16:	3130      	addls	r1, #48	@ 0x30
10003f18:	2b0f      	cmp	r3, #15
10003f1a:	7381      	strb	r1, [r0, #14]
10003f1c:	d00d      	beq.n	10003f3a <pico_get_unique_board_id_string+0x176>
10003f1e:	f002 020f 	and.w	r2, r2, #15
10003f22:	2a09      	cmp	r2, #9
10003f24:	bf94      	ite	ls
10003f26:	3230      	addls	r2, #48	@ 0x30
10003f28:	3237      	addhi	r2, #55	@ 0x37
10003f2a:	2b10      	cmp	r3, #16
10003f2c:	73c2      	strb	r2, [r0, #15]
10003f2e:	bf18      	it	ne
10003f30:	3010      	addne	r0, #16
10003f32:	d002      	beq.n	10003f3a <pico_get_unique_board_id_string+0x176>
10003f34:	2300      	movs	r3, #0
10003f36:	7003      	strb	r3, [r0, #0]
10003f38:	4770      	bx	lr
10003f3a:	4418      	add	r0, r3
10003f3c:	2300      	movs	r3, #0
10003f3e:	7003      	strb	r3, [r0, #0]
10003f40:	4770      	bx	lr
10003f42:	bf00      	nop
10003f44:	20001ee4 	.word	0x20001ee4

10003f48 <dcd_init>:
10003f48:	b570      	push	{r4, r5, r6, lr}
10003f4a:	f000 f92d 	bl	100041a8 <rp2040_usb_init>
10003f4e:	230c      	movs	r3, #12
10003f50:	2640      	movs	r6, #64	@ 0x40
10003f52:	4c19      	ldr	r4, [pc, #100]	@ (10003fb8 <dcd_init+0x70>)
10003f54:	22ff      	movs	r2, #255	@ 0xff
10003f56:	67a3      	str	r3, [r4, #120]	@ 0x78
10003f58:	200e      	movs	r0, #14
10003f5a:	4918      	ldr	r1, [pc, #96]	@ (10003fbc <dcd_init+0x74>)
10003f5c:	f7fc fc94 	bl	10000888 <irq_add_shared_handler>
10003f60:	4632      	mov	r2, r6
10003f62:	2100      	movs	r1, #0
10003f64:	4816      	ldr	r0, [pc, #88]	@ (10003fc0 <dcd_init+0x78>)
10003f66:	f002 fea9 	bl	10006cbc <memset>
10003f6a:	2501      	movs	r5, #1
10003f6c:	2300      	movs	r3, #0
10003f6e:	2180      	movs	r1, #128	@ 0x80
10003f70:	4813      	ldr	r0, [pc, #76]	@ (10003fc0 <dcd_init+0x78>)
10003f72:	4a14      	ldr	r2, [pc, #80]	@ (10003fc4 <dcd_init+0x7c>)
10003f74:	8441      	strh	r1, [r0, #34]	@ 0x22
10003f76:	7045      	strb	r5, [r0, #1]
10003f78:	8306      	strh	r6, [r0, #24]
10003f7a:	8706      	strh	r6, [r0, #56]	@ 0x38
10003f7c:	6082      	str	r2, [r0, #8]
10003f7e:	6043      	str	r3, [r0, #4]
10003f80:	6013      	str	r3, [r2, #0]
10003f82:	f842 3c04 	str.w	r3, [r2, #-4]
10003f86:	f880 3021 	strb.w	r3, [r0, #33]	@ 0x21
10003f8a:	f880 303b 	strb.w	r3, [r0, #59]	@ 0x3b
10003f8e:	6243      	str	r3, [r0, #36]	@ 0x24
10003f90:	4b0d      	ldr	r3, [pc, #52]	@ (10003fc8 <dcd_init+0x80>)
10003f92:	f04f 5600 	mov.w	r6, #536870912	@ 0x20000000
10003f96:	60c3      	str	r3, [r0, #12]
10003f98:	62c3      	str	r3, [r0, #44]	@ 0x2c
10003f9a:	3b80      	subs	r3, #128	@ 0x80
10003f9c:	6283      	str	r3, [r0, #40]	@ 0x28
10003f9e:	f002 ff9f 	bl	10006ee0 <__reset_non_control_endpoints_veneer>
10003fa2:	f44f 3280 	mov.w	r2, #65536	@ 0x10000
10003fa6:	4909      	ldr	r1, [pc, #36]	@ (10003fcc <dcd_init+0x84>)
10003fa8:	4b09      	ldr	r3, [pc, #36]	@ (10003fd0 <dcd_init+0x88>)
10003faa:	6425      	str	r5, [r4, #64]	@ 0x40
10003fac:	4628      	mov	r0, r5
10003fae:	64e6      	str	r6, [r4, #76]	@ 0x4c
10003fb0:	f8c4 1090 	str.w	r1, [r4, #144]	@ 0x90
10003fb4:	64da      	str	r2, [r3, #76]	@ 0x4c
10003fb6:	bd70      	pop	{r4, r5, r6, pc}
10003fb8:	50110000 	.word	0x50110000
10003fbc:	2000039d 	.word	0x2000039d
10003fc0:	20001a98 	.word	0x20001a98
10003fc4:	50100084 	.word	0x50100084
10003fc8:	50100100 	.word	0x50100100
10003fcc:	0001d010 	.word	0x0001d010
10003fd0:	50112000 	.word	0x50112000

10003fd4 <dcd_int_enable>:
10003fd4:	2101      	movs	r1, #1
10003fd6:	200e      	movs	r0, #14
10003fd8:	f7fc bbe4 	b.w	100007a4 <irq_set_enabled>

10003fdc <dcd_set_address>:
10003fdc:	2200      	movs	r2, #0
10003fde:	4802      	ldr	r0, [pc, #8]	@ (10003fe8 <dcd_set_address+0xc>)
10003fe0:	4611      	mov	r1, r2
10003fe2:	f000 b901 	b.w	100041e8 <hw_endpoint_xfer_start>
10003fe6:	bf00      	nop
10003fe8:	20001ab8 	.word	0x20001ab8

10003fec <dcd_sof_enable>:
10003fec:	4b04      	ldr	r3, [pc, #16]	@ (10004000 <dcd_sof_enable+0x14>)
10003fee:	7019      	strb	r1, [r3, #0]
10003ff0:	b121      	cbz	r1, 10003ffc <dcd_sof_enable+0x10>
10003ff2:	f44f 3200 	mov.w	r2, #131072	@ 0x20000
10003ff6:	4b03      	ldr	r3, [pc, #12]	@ (10004004 <dcd_sof_enable+0x18>)
10003ff8:	f8c3 2090 	str.w	r2, [r3, #144]	@ 0x90
10003ffc:	4770      	bx	lr
10003ffe:	bf00      	nop
10004000:	20001f0a 	.word	0x20001f0a
10004004:	50112000 	.word	0x50112000

10004008 <dcd_edpt0_status_complete>:
10004008:	780b      	ldrb	r3, [r1, #0]
1000400a:	065b      	lsls	r3, r3, #25
1000400c:	d102      	bne.n	10004014 <dcd_edpt0_status_complete+0xc>
1000400e:	784b      	ldrb	r3, [r1, #1]
10004010:	2b05      	cmp	r3, #5
10004012:	d000      	beq.n	10004016 <dcd_edpt0_status_complete+0xe>
10004014:	4770      	bx	lr
10004016:	884b      	ldrh	r3, [r1, #2]
10004018:	4a01      	ldr	r2, [pc, #4]	@ (10004020 <dcd_edpt0_status_complete+0x18>)
1000401a:	b2db      	uxtb	r3, r3
1000401c:	6013      	str	r3, [r2, #0]
1000401e:	4770      	bx	lr
10004020:	50110000 	.word	0x50110000

10004024 <dcd_edpt_open>:
10004024:	78cb      	ldrb	r3, [r1, #3]
10004026:	e92d 41f0 	stmdb	sp!, {r4, r5, r6, r7, r8, lr}
1000402a:	f003 0e03 	and.w	lr, r3, #3
1000402e:	f1be 0f01 	cmp.w	lr, #1
10004032:	f3c3 0001 	ubfx	r0, r3, #0, #2
10004036:	d05b      	beq.n	100040f0 <dcd_edpt_open+0xcc>
10004038:	2700      	movs	r7, #0
1000403a:	f891 c002 	ldrb.w	ip, [r1, #2]
1000403e:	4c34      	ldr	r4, [pc, #208]	@ (10004110 <dcd_edpt_open+0xec>)
10004040:	f00c 027f 	and.w	r2, ip, #127	@ 0x7f
10004044:	0056      	lsls	r6, r2, #1
10004046:	8889      	ldrh	r1, [r1, #4]
10004048:	eb06 13dc 	add.w	r3, r6, ip, lsr #7
1000404c:	eb04 1343 	add.w	r3, r4, r3, lsl #5
10004050:	ea4f 15dc 	mov.w	r5, ip, lsr #7
10004054:	76d8      	strb	r0, [r3, #27]
10004056:	f3c1 010a 	ubfx	r1, r1, #0, #11
1000405a:	f085 0001 	eor.w	r0, r5, #1
1000405e:	f883 c002 	strb.w	ip, [r3, #2]
10004062:	8319      	strh	r1, [r3, #24]
10004064:	7058      	strb	r0, [r3, #1]
10004066:	70df      	strb	r7, [r3, #3]
10004068:	00d3      	lsls	r3, r2, #3
1000406a:	bb8d      	cbnz	r5, 100040d0 <dcd_edpt_open+0xac>
1000406c:	4829      	ldr	r0, [pc, #164]	@ (10004114 <dcd_edpt_open+0xf0>)
1000406e:	3304      	adds	r3, #4
10004070:	eb04 1c82 	add.w	ip, r4, r2, lsl #6
10004074:	eb03 0800 	add.w	r8, r3, r0
10004078:	f8cc 8008 	str.w	r8, [ip, #8]
1000407c:	501f      	str	r7, [r3, r0]
1000407e:	b382      	cbz	r2, 100040e2 <dcd_edpt_open+0xbe>
10004080:	4b25      	ldr	r3, [pc, #148]	@ (10004118 <dcd_edpt_open+0xf4>)
10004082:	00d2      	lsls	r2, r2, #3
10004084:	4413      	add	r3, r2
10004086:	f8cc 3004 	str.w	r3, [ip, #4]
1000408a:	4b24      	ldr	r3, [pc, #144]	@ (1000411c <dcd_edpt_open+0xf8>)
1000408c:	313f      	adds	r1, #63	@ 0x3f
1000408e:	681a      	ldr	r2, [r3, #0]
10004090:	f021 013f 	bic.w	r1, r1, #63	@ 0x3f
10004094:	f1be 0f02 	cmp.w	lr, #2
10004098:	bf08      	it	eq
1000409a:	0049      	lsleq	r1, r1, #1
1000409c:	4411      	add	r1, r2
1000409e:	6019      	str	r1, [r3, #0]
100040a0:	4b1f      	ldr	r3, [pc, #124]	@ (10004120 <dcd_edpt_open+0xfc>)
100040a2:	1977      	adds	r7, r6, r5
100040a4:	eb04 1747 	add.w	r7, r4, r7, lsl #5
100040a8:	4299      	cmp	r1, r3
100040aa:	60fa      	str	r2, [r7, #12]
100040ac:	d82b      	bhi.n	10004106 <dcd_edpt_open+0xe2>
100040ae:	442e      	add	r6, r5
100040b0:	eb04 1346 	add.w	r3, r4, r6, lsl #5
100040b4:	7ed9      	ldrb	r1, [r3, #27]
100040b6:	f082 42a0 	eor.w	r2, r2, #1342177280	@ 0x50000000
100040ba:	f482 1280 	eor.w	r2, r2, #1048576	@ 0x100000
100040be:	685b      	ldr	r3, [r3, #4]
100040c0:	ea42 6281 	orr.w	r2, r2, r1, lsl #26
100040c4:	f042 4200 	orr.w	r2, r2, #2147483648	@ 0x80000000
100040c8:	601a      	str	r2, [r3, #0]
100040ca:	2001      	movs	r0, #1
100040cc:	e8bd 81f0 	ldmia.w	sp!, {r4, r5, r6, r7, r8, pc}
100040d0:	4810      	ldr	r0, [pc, #64]	@ (10004114 <dcd_edpt_open+0xf0>)
100040d2:	eb04 1c82 	add.w	ip, r4, r2, lsl #6
100040d6:	4403      	add	r3, r0
100040d8:	f8cc 3028 	str.w	r3, [ip, #40]	@ 0x28
100040dc:	f840 7032 	str.w	r7, [r0, r2, lsl #3]
100040e0:	b94a      	cbnz	r2, 100040f6 <dcd_edpt_open+0xd2>
100040e2:	2200      	movs	r2, #0
100040e4:	490f      	ldr	r1, [pc, #60]	@ (10004124 <dcd_edpt_open+0x100>)
100040e6:	eb04 1345 	add.w	r3, r4, r5, lsl #5
100040ea:	60d9      	str	r1, [r3, #12]
100040ec:	605a      	str	r2, [r3, #4]
100040ee:	e7ec      	b.n	100040ca <dcd_edpt_open+0xa6>
100040f0:	2000      	movs	r0, #0
100040f2:	e8bd 81f0 	ldmia.w	sp!, {r4, r5, r6, r7, r8, pc}
100040f6:	00d2      	lsls	r2, r2, #3
100040f8:	f102 42a0 	add.w	r2, r2, #1342177280	@ 0x50000000
100040fc:	f502 1280 	add.w	r2, r2, #1048576	@ 0x100000
10004100:	f8cc 2024 	str.w	r2, [ip, #36]	@ 0x24
10004104:	e7c1      	b.n	1000408a <dcd_edpt_open+0x66>
10004106:	f7fd fb8f 	bl	10001828 <hard_assertion_failure>
1000410a:	68fa      	ldr	r2, [r7, #12]
1000410c:	e7cf      	b.n	100040ae <dcd_edpt_open+0x8a>
1000410e:	bf00      	nop
10004110:	20001a98 	.word	0x20001a98
10004114:	50100080 	.word	0x50100080
10004118:	50100004 	.word	0x50100004
1000411c:	20001ea0 	.word	0x20001ea0
10004120:	50100fff 	.word	0x50100fff
10004124:	50100100 	.word	0x50100100

10004128 <dcd_edpt_close_all>:
10004128:	f002 beda 	b.w	10006ee0 <__reset_non_control_endpoints_veneer>

1000412c <dcd_edpt_xfer>:
1000412c:	468c      	mov	ip, r1
1000412e:	b508      	push	{r3, lr}
10004130:	4611      	mov	r1, r2
10004132:	4807      	ldr	r0, [pc, #28]	@ (10004150 <dcd_edpt_xfer+0x24>)
10004134:	461a      	mov	r2, r3
10004136:	f00c 037f 	and.w	r3, ip, #127	@ 0x7f
1000413a:	ea4f 1cdc 	mov.w	ip, ip, lsr #7
1000413e:	eb0c 0c43 	add.w	ip, ip, r3, lsl #1
10004142:	eb00 104c 	add.w	r0, r0, ip, lsl #5
10004146:	f000 f84f 	bl	100041e8 <hw_endpoint_xfer_start>
1000414a:	2001      	movs	r0, #1
1000414c:	bd08      	pop	{r3, pc}
1000414e:	bf00      	nop
10004150:	20001a98 	.word	0x20001a98

10004154 <dcd_edpt_stall>:
10004154:	f011 027f 	ands.w	r2, r1, #127	@ 0x7f
10004158:	d105      	bne.n	10004166 <dcd_edpt_stall+0x12>
1000415a:	2900      	cmp	r1, #0
1000415c:	bf0c      	ite	eq
1000415e:	2002      	moveq	r0, #2
10004160:	2001      	movne	r0, #1
10004162:	4b06      	ldr	r3, [pc, #24]	@ (1000417c <dcd_edpt_stall+0x28>)
10004164:	6698      	str	r0, [r3, #104]	@ 0x68
10004166:	09c9      	lsrs	r1, r1, #7
10004168:	4b05      	ldr	r3, [pc, #20]	@ (10004180 <dcd_edpt_stall+0x2c>)
1000416a:	eb01 0042 	add.w	r0, r1, r2, lsl #1
1000416e:	eb03 1040 	add.w	r0, r3, r0, lsl #5
10004172:	f44f 6200 	mov.w	r2, #2048	@ 0x800
10004176:	2100      	movs	r1, #0
10004178:	f002 beb6 	b.w	10006ee8 <___hw_endpoint_buffer_control_update32_veneer>
1000417c:	50112000 	.word	0x50112000
10004180:	20001a98 	.word	0x20001a98

10004184 <dcd_edpt_clear_stall>:
10004184:	f011 037f 	ands.w	r3, r1, #127	@ 0x7f
10004188:	d100      	bne.n	1000418c <dcd_edpt_clear_stall+0x8>
1000418a:	4770      	bx	lr
1000418c:	2200      	movs	r2, #0
1000418e:	4805      	ldr	r0, [pc, #20]	@ (100041a4 <dcd_edpt_clear_stall+0x20>)
10004190:	005b      	lsls	r3, r3, #1
10004192:	eb03 13d1 	add.w	r3, r3, r1, lsr #7
10004196:	eb00 1043 	add.w	r0, r0, r3, lsl #5
1000419a:	f46f 6100 	mvn.w	r1, #2048	@ 0x800
1000419e:	70c2      	strb	r2, [r0, #3]
100041a0:	f002 bea2 	b.w	10006ee8 <___hw_endpoint_buffer_control_update32_veneer>
100041a4:	20001a98 	.word	0x20001a98

100041a8 <rp2040_usb_init>:
100041a8:	f04f 5280 	mov.w	r2, #268435456	@ 0x10000000
100041ac:	4809      	ldr	r0, [pc, #36]	@ (100041d4 <rp2040_usb_init+0x2c>)
100041ae:	490a      	ldr	r1, [pc, #40]	@ (100041d8 <rp2040_usb_init+0x30>)
100041b0:	b508      	push	{r3, lr}
100041b2:	4b0a      	ldr	r3, [pc, #40]	@ (100041dc <rp2040_usb_init+0x34>)
100041b4:	6002      	str	r2, [r0, #0]
100041b6:	600a      	str	r2, [r1, #0]
100041b8:	6899      	ldr	r1, [r3, #8]
100041ba:	43c9      	mvns	r1, r1
100041bc:	f011 5180 	ands.w	r1, r1, #268435456	@ 0x10000000
100041c0:	d1fa      	bne.n	100041b8 <rp2040_usb_init+0x10>
100041c2:	f44f 5280 	mov.w	r2, #4096	@ 0x1000
100041c6:	4806      	ldr	r0, [pc, #24]	@ (100041e0 <rp2040_usb_init+0x38>)
100041c8:	f002 fd78 	bl	10006cbc <memset>
100041cc:	2209      	movs	r2, #9
100041ce:	4b05      	ldr	r3, [pc, #20]	@ (100041e4 <rp2040_usb_init+0x3c>)
100041d0:	675a      	str	r2, [r3, #116]	@ 0x74
100041d2:	bd08      	pop	{r3, pc}
100041d4:	40022000 	.word	0x40022000
100041d8:	40023000 	.word	0x40023000
100041dc:	40020000 	.word	0x40020000
100041e0:	50100000 	.word	0x50100000
100041e4:	50110000 	.word	0x50110000

100041e8 <hw_endpoint_xfer_start>:
100041e8:	2300      	movs	r3, #0
100041ea:	f04f 0c01 	mov.w	ip, #1
100041ee:	b510      	push	{r4, lr}
100041f0:	f880 c01a 	strb.w	ip, [r0, #26]
100041f4:	8282      	strh	r2, [r0, #20]
100041f6:	82c3      	strh	r3, [r0, #22]
100041f8:	6101      	str	r1, [r0, #16]
100041fa:	4604      	mov	r4, r0
100041fc:	f002 fe5c 	bl	10006eb8 <__e15_is_bulkin_ep_veneer>
10004200:	b120      	cbz	r0, 1000420c <hw_endpoint_xfer_start+0x24>
10004202:	f44f 3200 	mov.w	r2, #131072	@ 0x20000
10004206:	4b07      	ldr	r3, [pc, #28]	@ (10004224 <hw_endpoint_xfer_start+0x3c>)
10004208:	f8c3 2090 	str.w	r2, [r3, #144]	@ 0x90
1000420c:	4620      	mov	r0, r4
1000420e:	f002 fe4b 	bl	10006ea8 <__e15_is_critical_frame_period_veneer>
10004212:	b110      	cbz	r0, 1000421a <hw_endpoint_xfer_start+0x32>
10004214:	2301      	movs	r3, #1
10004216:	7723      	strb	r3, [r4, #28]
10004218:	bd10      	pop	{r4, pc}
1000421a:	4620      	mov	r0, r4
1000421c:	e8bd 4010 	ldmia.w	sp!, {r4, lr}
10004220:	f002 be4e 	b.w	10006ec0 <__hw_endpoint_start_next_buffer_veneer>
10004224:	50112000 	.word	0x50112000

10004228 <configuration_reset>:
10004228:	e92d 41f0 	stmdb	sp!, {r4, r5, r6, r7, r8, lr}
1000422c:	2400      	movs	r4, #0
1000422e:	4e1d      	ldr	r6, [pc, #116]	@ (100042a4 <configuration_reset+0x7c>)
10004230:	4605      	mov	r5, r0
10004232:	4623      	mov	r3, r4
10004234:	7832      	ldrb	r2, [r6, #0]
10004236:	f8df 8078 	ldr.w	r8, [pc, #120]	@ 100042b0 <configuration_reset+0x88>
1000423a:	4f1b      	ldr	r7, [pc, #108]	@ (100042a8 <configuration_reset+0x80>)
1000423c:	e00d      	b.n	1000425a <configuration_reset+0x32>
1000423e:	683b      	ldr	r3, [r7, #0]
10004240:	eb13 1344 	adds.w	r3, r3, r4, lsl #5
10004244:	d024      	beq.n	10004290 <configuration_reset+0x68>
10004246:	68db      	ldr	r3, [r3, #12]
10004248:	4628      	mov	r0, r5
1000424a:	4798      	blx	r3
1000424c:	7832      	ldrb	r2, [r6, #0]
1000424e:	3401      	adds	r4, #1
10004250:	b2e4      	uxtb	r4, r4
10004252:	1c51      	adds	r1, r2, #1
10004254:	42a1      	cmp	r1, r4
10004256:	4623      	mov	r3, r4
10004258:	db06      	blt.n	10004268 <configuration_reset+0x40>
1000425a:	42a2      	cmp	r2, r4
1000425c:	eba3 0302 	sub.w	r3, r3, r2
10004260:	d8ed      	bhi.n	1000423e <configuration_reset+0x16>
10004262:	eb08 1343 	add.w	r3, r8, r3, lsl #5
10004266:	e7ee      	b.n	10004246 <configuration_reset+0x1e>
10004268:	2254      	movs	r2, #84	@ 0x54
1000426a:	2100      	movs	r1, #0
1000426c:	480f      	ldr	r0, [pc, #60]	@ (100042ac <configuration_reset+0x84>)
1000426e:	f002 fd25 	bl	10006cbc <memset>
10004272:	f04f 33ff 	mov.w	r3, #4294967295
10004276:	480d      	ldr	r0, [pc, #52]	@ (100042ac <configuration_reset+0x84>)
10004278:	2220      	movs	r2, #32
1000427a:	1d04      	adds	r4, r0, #4
1000427c:	6043      	str	r3, [r0, #4]
1000427e:	e9c4 3301 	strd	r3, r3, [r4, #4]
10004282:	60e3      	str	r3, [r4, #12]
10004284:	21ff      	movs	r1, #255	@ 0xff
10004286:	e8bd 41f0 	ldmia.w	sp!, {r4, r5, r6, r7, r8, lr}
1000428a:	3014      	adds	r0, #20
1000428c:	f002 bd16 	b.w	10006cbc <memset>
10004290:	f04f 23e0 	mov.w	r3, #3758153728	@ 0xe000e000
10004294:	f8d3 3df0 	ldr.w	r3, [r3, #3568]	@ 0xdf0
10004298:	07db      	lsls	r3, r3, #31
1000429a:	d500      	bpl.n	1000429e <configuration_reset+0x76>
1000429c:	be00      	bkpt	0x0000
1000429e:	e8bd 81f0 	ldmia.w	sp!, {r4, r5, r6, r7, r8, pc}
100042a2:	bf00      	nop
100042a4:	20001f09 	.word	0x20001f09
100042a8:	20001448 	.word	0x20001448
100042ac:	20001618 	.word	0x20001618
100042b0:	10007334 	.word	0x10007334

100042b4 <tud_event_hook_cb>:
100042b4:	4770      	bx	lr
100042b6:	bf00      	nop

100042b8 <tud_sof_cb>:
100042b8:	4770      	bx	lr
100042ba:	bf00      	nop

100042bc <tud_descriptor_device_qualifier_cb>:
100042bc:	2000      	movs	r0, #0
100042be:	4770      	bx	lr

100042c0 <tud_descriptor_other_speed_configuration_cb>:
100042c0:	2000      	movs	r0, #0
100042c2:	4770      	bx	lr

100042c4 <tud_mount_cb>:
100042c4:	4770      	bx	lr
100042c6:	bf00      	nop

100042c8 <tud_umount_cb>:
100042c8:	4770      	bx	lr
100042ca:	bf00      	nop

100042cc <tud_suspend_cb>:
100042cc:	4770      	bx	lr
100042ce:	bf00      	nop

100042d0 <tud_resume_cb>:
100042d0:	4770      	bx	lr
100042d2:	bf00      	nop

100042d4 <tud_mounted>:
100042d4:	4b02      	ldr	r3, [pc, #8]	@ (100042e0 <tud_mounted+0xc>)
100042d6:	7858      	ldrb	r0, [r3, #1]
100042d8:	3800      	subs	r0, #0
100042da:	bf18      	it	ne
100042dc:	2001      	movne	r0, #1
100042de:	4770      	bx	lr
100042e0:	20001618 	.word	0x20001618

100042e4 <tud_suspended>:
100042e4:	4b02      	ldr	r3, [pc, #8]	@ (100042f0 <tud_suspended+0xc>)
100042e6:	7818      	ldrb	r0, [r3, #0]
100042e8:	f3c0 0080 	ubfx	r0, r0, #2, #1
100042ec:	4770      	bx	lr
100042ee:	bf00      	nop
100042f0:	20001618 	.word	0x20001618

100042f4 <tud_rhport_init>:
100042f4:	e92d 47f0 	stmdb	sp!, {r4, r5, r6, r7, r8, r9, sl, lr}
100042f8:	f8df a0e4 	ldr.w	sl, [pc, #228]	@ 100043e0 <tud_rhport_init+0xec>
100042fc:	f89a 3000 	ldrb.w	r3, [sl]
10004300:	2bff      	cmp	r3, #255	@ 0xff
10004302:	d156      	bne.n	100043b2 <tud_rhport_init+0xbe>
10004304:	460e      	mov	r6, r1
10004306:	2900      	cmp	r1, #0
10004308:	d03e      	beq.n	10004388 <tud_rhport_init+0x94>
1000430a:	2100      	movs	r1, #0
1000430c:	2254      	movs	r2, #84	@ 0x54
1000430e:	4607      	mov	r7, r0
10004310:	4829      	ldr	r0, [pc, #164]	@ (100043b8 <tud_rhport_init+0xc4>)
10004312:	f002 fcd3 	bl	10006cbc <memset>
10004316:	2200      	movs	r2, #0
10004318:	4c28      	ldr	r4, [pc, #160]	@ (100043bc <tud_rhport_init+0xc8>)
1000431a:	4b29      	ldr	r3, [pc, #164]	@ (100043c0 <tud_rhport_init+0xcc>)
1000431c:	4620      	mov	r0, r4
1000431e:	701a      	strb	r2, [r3, #0]
10004320:	f7fc fc44 	bl	10000bac <mutex_init>
10004324:	4b27      	ldr	r3, [pc, #156]	@ (100043c4 <tud_rhport_init+0xd0>)
10004326:	4828      	ldr	r0, [pc, #160]	@ (100043c8 <tud_rhport_init+0xd4>)
10004328:	601c      	str	r4, [r3, #0]
1000432a:	4c28      	ldr	r4, [pc, #160]	@ (100043cc <tud_rhport_init+0xd8>)
1000432c:	f7fc fc4c 	bl	10000bc8 <critical_section_init>
10004330:	4620      	mov	r0, r4
10004332:	f001 fdab 	bl	10005e8c <tu_fifo_clear>
10004336:	4a26      	ldr	r2, [pc, #152]	@ (100043d0 <tud_rhport_init+0xdc>)
10004338:	4b26      	ldr	r3, [pc, #152]	@ (100043d4 <tud_rhport_init+0xe0>)
1000433a:	6014      	str	r4, [r2, #0]
1000433c:	b123      	cbz	r3, 10004348 <tud_rhport_init+0x54>
1000433e:	4826      	ldr	r0, [pc, #152]	@ (100043d8 <tud_rhport_init+0xe4>)
10004340:	f7ff fac4 	bl	100038cc <usbd_app_driver_get_cb>
10004344:	4b25      	ldr	r3, [pc, #148]	@ (100043dc <tud_rhport_init+0xe8>)
10004346:	6018      	str	r0, [r3, #0]
10004348:	2400      	movs	r4, #0
1000434a:	4d23      	ldr	r5, [pc, #140]	@ (100043d8 <tud_rhport_init+0xe4>)
1000434c:	4623      	mov	r3, r4
1000434e:	782a      	ldrb	r2, [r5, #0]
10004350:	f8df 9090 	ldr.w	r9, [pc, #144]	@ 100043e4 <tud_rhport_init+0xf0>
10004354:	f8df 8084 	ldr.w	r8, [pc, #132]	@ 100043dc <tud_rhport_init+0xe8>
10004358:	e00e      	b.n	10004378 <tud_rhport_init+0x84>
1000435a:	f8d8 3000 	ldr.w	r3, [r8]
1000435e:	eb13 1344 	adds.w	r3, r3, r4, lsl #5
10004362:	d011      	beq.n	10004388 <tud_rhport_init+0x94>
10004364:	685b      	ldr	r3, [r3, #4]
10004366:	b17b      	cbz	r3, 10004388 <tud_rhport_init+0x94>
10004368:	4798      	blx	r3
1000436a:	782a      	ldrb	r2, [r5, #0]
1000436c:	3401      	adds	r4, #1
1000436e:	b2e4      	uxtb	r4, r4
10004370:	1c51      	adds	r1, r2, #1
10004372:	42a1      	cmp	r1, r4
10004374:	4623      	mov	r3, r4
10004376:	db11      	blt.n	1000439c <tud_rhport_init+0xa8>
10004378:	42a2      	cmp	r2, r4
1000437a:	d8ee      	bhi.n	1000435a <tud_rhport_init+0x66>
1000437c:	1a9b      	subs	r3, r3, r2
1000437e:	eb09 1343 	add.w	r3, r9, r3, lsl #5
10004382:	685b      	ldr	r3, [r3, #4]
10004384:	2b00      	cmp	r3, #0
10004386:	d1ef      	bne.n	10004368 <tud_rhport_init+0x74>
10004388:	f04f 23e0 	mov.w	r3, #3758153728	@ 0xe000e000
1000438c:	f8d3 3df0 	ldr.w	r3, [r3, #3568]	@ 0xdf0
10004390:	07db      	lsls	r3, r3, #31
10004392:	d500      	bpl.n	10004396 <tud_rhport_init+0xa2>
10004394:	be00      	bkpt	0x0000
10004396:	2000      	movs	r0, #0
10004398:	e8bd 87f0 	ldmia.w	sp!, {r4, r5, r6, r7, r8, r9, sl, pc}
1000439c:	4631      	mov	r1, r6
1000439e:	4638      	mov	r0, r7
100043a0:	f88a 7000 	strb.w	r7, [sl]
100043a4:	f7ff fdd0 	bl	10003f48 <dcd_init>
100043a8:	2800      	cmp	r0, #0
100043aa:	d0ed      	beq.n	10004388 <tud_rhport_init+0x94>
100043ac:	4638      	mov	r0, r7
100043ae:	f7ff fe11 	bl	10003fd4 <dcd_int_enable>
100043b2:	2001      	movs	r0, #1
100043b4:	e8bd 87f0 	ldmia.w	sp!, {r4, r5, r6, r7, r8, r9, sl, pc}
100043b8:	20001618 	.word	0x20001618
100043bc:	20001610 	.word	0x20001610
100043c0:	20001f0b 	.word	0x20001f0b
100043c4:	2000166c 	.word	0x2000166c
100043c8:	200012a0 	.word	0x200012a0
100043cc:	2000128c 	.word	0x2000128c
100043d0:	20001670 	.word	0x20001670
100043d4:	100038cd 	.word	0x100038cd
100043d8:	20001f09 	.word	0x20001f09
100043dc:	20001448 	.word	0x20001448
100043e0:	200012a8 	.word	0x200012a8
100043e4:	10007334 	.word	0x10007334

100043e8 <tud_task_ext>:
100043e8:	e92d 4ff0 	stmdb	sp!, {r4, r5, r6, r7, r8, r9, sl, fp, lr}
100043ec:	f8df 92c8 	ldr.w	r9, [pc, #712]	@ 100046b8 <tud_task_ext+0x2d0>
100043f0:	b08b      	sub	sp, #44	@ 0x2c
100043f2:	f899 3000 	ldrb.w	r3, [r9]
100043f6:	2bff      	cmp	r3, #255	@ 0xff
100043f8:	f000 80f1 	beq.w	100045de <tud_task_ext+0x1f6>
100043fc:	4ca8      	ldr	r4, [pc, #672]	@ (100046a0 <tud_task_ext+0x2b8>)
100043fe:	4da9      	ldr	r5, [pc, #676]	@ (100046a4 <tud_task_ext+0x2bc>)
10004400:	f8df a2b0 	ldr.w	sl, [pc, #688]	@ 100046b4 <tud_task_ext+0x2cc>
10004404:	f8df b2b4 	ldr.w	fp, [pc, #692]	@ 100046bc <tud_task_ext+0x2d4>
10004408:	6826      	ldr	r6, [r4, #0]
1000440a:	6973      	ldr	r3, [r6, #20]
1000440c:	f3ef 8210 	mrs	r2, PRIMASK
10004410:	b672      	cpsid	i
10004412:	e8d3 0fcf 	ldaexb	r0, [r3]
10004416:	2101      	movs	r1, #1
10004418:	2800      	cmp	r0, #0
1000441a:	d1fa      	bne.n	10004412 <tud_task_ext+0x2a>
1000441c:	e8c3 1f40 	strexb	r0, r1, [r3]
10004420:	2800      	cmp	r0, #0
10004422:	d1f6      	bne.n	10004412 <tud_task_ext+0x2a>
10004424:	f3bf 8f5f 	dmb	sy
10004428:	61b2      	str	r2, [r6, #24]
1000442a:	4630      	mov	r0, r6
1000442c:	a907      	add	r1, sp, #28
1000442e:	f001 fb77 	bl	10005b20 <tu_fifo_read>
10004432:	2300      	movs	r3, #0
10004434:	6972      	ldr	r2, [r6, #20]
10004436:	e8c2 3f8f 	stlb	r3, [r2]
1000443a:	69b3      	ldr	r3, [r6, #24]
1000443c:	f383 8810 	msr	PRIMASK, r3
10004440:	2800      	cmp	r0, #0
10004442:	f000 80cc 	beq.w	100045de <tud_task_ext+0x1f6>
10004446:	f89d 301d 	ldrb.w	r3, [sp, #29]
1000444a:	3b01      	subs	r3, #1
1000444c:	2b07      	cmp	r3, #7
1000444e:	f200 837d 	bhi.w	10004b4c <tud_task_ext+0x764>
10004452:	e8df f003 	tbb	[pc, r3]
10004456:	b1a7      	.short	0xb1a7
10004458:	358e9d95 	.word	0x358e9d95
1000445c:	040a      	.short	0x040a
1000445e:	9b08      	ldr	r3, [sp, #32]
10004460:	2b00      	cmp	r3, #0
10004462:	d0d1      	beq.n	10004408 <tud_task_ext+0x20>
10004464:	9809      	ldr	r0, [sp, #36]	@ 0x24
10004466:	4798      	blx	r3
10004468:	e7ce      	b.n	10004408 <tud_task_ext+0x20>
1000446a:	f89d 1020 	ldrb.w	r1, [sp, #32]
1000446e:	f001 067f 	and.w	r6, r1, #127	@ 0x7f
10004472:	eb05 0046 	add.w	r0, r5, r6, lsl #1
10004476:	eb00 10d1 	add.w	r0, r0, r1, lsr #7
1000447a:	f890 3034 	ldrb.w	r3, [r0, #52]	@ 0x34
1000447e:	f023 0301 	bic.w	r3, r3, #1
10004482:	f880 3034 	strb.w	r3, [r0, #52]	@ 0x34
10004486:	f890 3034 	ldrb.w	r3, [r0, #52]	@ 0x34
1000448a:	f023 0304 	bic.w	r3, r3, #4
1000448e:	f880 3034 	strb.w	r3, [r0, #52]	@ 0x34
10004492:	2e00      	cmp	r6, #0
10004494:	f000 80a6 	beq.w	100045e4 <tud_task_ext+0x1fc>
10004498:	7d03      	ldrb	r3, [r0, #20]
1000449a:	f89a 2000 	ldrb.w	r2, [sl]
1000449e:	4293      	cmp	r3, r2
100044a0:	f080 8093 	bcs.w	100045ca <tud_task_ext+0x1e2>
100044a4:	4a80      	ldr	r2, [pc, #512]	@ (100046a8 <tud_task_ext+0x2c0>)
100044a6:	6812      	ldr	r2, [r2, #0]
100044a8:	eb12 1343 	adds.w	r3, r2, r3, lsl #5
100044ac:	f000 8090 	beq.w	100045d0 <tud_task_ext+0x1e8>
100044b0:	699e      	ldr	r6, [r3, #24]
100044b2:	f89d 2021 	ldrb.w	r2, [sp, #33]	@ 0x21
100044b6:	9b09      	ldr	r3, [sp, #36]	@ 0x24
100044b8:	f89d 001c 	ldrb.w	r0, [sp, #28]
100044bc:	47b0      	blx	r6
100044be:	e7a3      	b.n	10004408 <tud_task_ext+0x20>
100044c0:	f89b 3000 	ldrb.w	r3, [fp]
100044c4:	2b00      	cmp	r3, #0
100044c6:	f000 8083 	beq.w	100045d0 <tud_task_ext+0x1e8>
100044ca:	f89b 3000 	ldrb.w	r3, [fp]
100044ce:	3b01      	subs	r3, #1
100044d0:	b2db      	uxtb	r3, r3
100044d2:	f88b 3000 	strb.w	r3, [fp]
100044d6:	f89b 3000 	ldrb.w	r3, [fp]
100044da:	f003 00ff 	and.w	r0, r3, #255	@ 0xff
100044de:	2b00      	cmp	r3, #0
100044e0:	d192      	bne.n	10004408 <tud_task_ext+0x20>
100044e2:	4f70      	ldr	r7, [pc, #448]	@ (100046a4 <tud_task_ext+0x2bc>)
100044e4:	f89d 801c 	ldrb.w	r8, [sp, #28]
100044e8:	783b      	ldrb	r3, [r7, #0]
100044ea:	f043 0301 	orr.w	r3, r3, #1
100044ee:	703b      	strb	r3, [r7, #0]
100044f0:	f897 3034 	ldrb.w	r3, [r7, #52]	@ 0x34
100044f4:	f360 0300 	bfi	r3, r0, #0, #1
100044f8:	f887 3034 	strb.w	r3, [r7, #52]	@ 0x34
100044fc:	f897 3034 	ldrb.w	r3, [r7, #52]	@ 0x34
10004500:	f360 0382 	bfi	r3, r0, #2, #1
10004504:	f887 3034 	strb.w	r3, [r7, #52]	@ 0x34
10004508:	f897 3035 	ldrb.w	r3, [r7, #53]	@ 0x35
1000450c:	f360 0300 	bfi	r3, r0, #0, #1
10004510:	f887 3035 	strb.w	r3, [r7, #53]	@ 0x35
10004514:	f897 3035 	ldrb.w	r3, [r7, #53]	@ 0x35
10004518:	f360 0382 	bfi	r3, r0, #2, #1
1000451c:	f887 3035 	strb.w	r3, [r7, #53]	@ 0x35
10004520:	f000 fc6c 	bl	10004dfc <usbd_control_set_complete_callback>
10004524:	f89d 3020 	ldrb.w	r3, [sp, #32]
10004528:	f003 0260 	and.w	r2, r3, #96	@ 0x60
1000452c:	2a60      	cmp	r2, #96	@ 0x60
1000452e:	d06c      	beq.n	1000460a <tud_task_ext+0x222>
10004530:	2a40      	cmp	r2, #64	@ 0x40
10004532:	d07c      	beq.n	1000462e <tud_task_ext+0x246>
10004534:	f003 031f 	and.w	r3, r3, #31
10004538:	2b01      	cmp	r3, #1
1000453a:	f000 80c1 	beq.w	100046c0 <tud_task_ext+0x2d8>
1000453e:	2b02      	cmp	r3, #2
10004540:	f000 8081 	beq.w	10004646 <tud_task_ext+0x25e>
10004544:	2b00      	cmp	r3, #0
10004546:	d160      	bne.n	1000460a <tud_task_ext+0x222>
10004548:	2a20      	cmp	r2, #32
1000454a:	f000 81e9 	beq.w	10004920 <tud_task_ext+0x538>
1000454e:	2a00      	cmp	r2, #0
10004550:	d15b      	bne.n	1000460a <tud_task_ext+0x222>
10004552:	f89d 3021 	ldrb.w	r3, [sp, #33]	@ 0x21
10004556:	2b09      	cmp	r3, #9
10004558:	d857      	bhi.n	1000460a <tud_task_ext+0x222>
1000455a:	e8df f013 	tbh	[pc, r3, lsl #1]
1000455e:	01b0      	.short	0x01b0
10004560:	005601a2 	.word	0x005601a2
10004564:	005601c1 	.word	0x005601c1
10004568:	016b0195 	.word	0x016b0195
1000456c:	01600056 	.word	0x01600056
10004570:	00f4      	.short	0x00f4
10004572:	782b      	ldrb	r3, [r5, #0]
10004574:	07d9      	lsls	r1, r3, #31
10004576:	f57f af47 	bpl.w	10004408 <tud_task_ext+0x20>
1000457a:	f7ff fea9 	bl	100042d0 <tud_resume_cb>
1000457e:	e743      	b.n	10004408 <tud_task_ext+0x20>
10004580:	78eb      	ldrb	r3, [r5, #3]
10004582:	07da      	lsls	r2, r3, #31
10004584:	f57f af40 	bpl.w	10004408 <tud_task_ext+0x20>
10004588:	9808      	ldr	r0, [sp, #32]
1000458a:	f7ff fe95 	bl	100042b8 <tud_sof_cb>
1000458e:	e73b      	b.n	10004408 <tud_task_ext+0x20>
10004590:	782b      	ldrb	r3, [r5, #0]
10004592:	07d8      	lsls	r0, r3, #31
10004594:	f57f af38 	bpl.w	10004408 <tud_task_ext+0x20>
10004598:	7828      	ldrb	r0, [r5, #0]
1000459a:	f3c0 00c0 	ubfx	r0, r0, #3, #1
1000459e:	f7ff fe95 	bl	100042cc <tud_suspend_cb>
100045a2:	e731      	b.n	10004408 <tud_task_ext+0x20>
100045a4:	f89d 001c 	ldrb.w	r0, [sp, #28]
100045a8:	f7ff fe3e 	bl	10004228 <configuration_reset>
100045ac:	f000 fc1c 	bl	10004de8 <usbd_control_reset>
100045b0:	f89d 3020 	ldrb.w	r3, [sp, #32]
100045b4:	70ab      	strb	r3, [r5, #2]
100045b6:	e727      	b.n	10004408 <tud_task_ext+0x20>
100045b8:	f89d 001c 	ldrb.w	r0, [sp, #28]
100045bc:	f7ff fe34 	bl	10004228 <configuration_reset>
100045c0:	f000 fc12 	bl	10004de8 <usbd_control_reset>
100045c4:	f7ff fe80 	bl	100042c8 <tud_umount_cb>
100045c8:	e71e      	b.n	10004408 <tud_task_ext+0x20>
100045ca:	1c50      	adds	r0, r2, #1
100045cc:	4298      	cmp	r0, r3
100045ce:	da11      	bge.n	100045f4 <tud_task_ext+0x20c>
100045d0:	f04f 23e0 	mov.w	r3, #3758153728	@ 0xe000e000
100045d4:	f8d3 3df0 	ldr.w	r3, [r3, #3568]	@ 0xdf0
100045d8:	07dc      	lsls	r4, r3, #31
100045da:	d500      	bpl.n	100045de <tud_task_ext+0x1f6>
100045dc:	be00      	bkpt	0x0000
100045de:	b00b      	add	sp, #44	@ 0x2c
100045e0:	e8bd 8ff0 	ldmia.w	sp!, {r4, r5, r6, r7, r8, r9, sl, fp, pc}
100045e4:	9b09      	ldr	r3, [sp, #36]	@ 0x24
100045e6:	f89d 2021 	ldrb.w	r2, [sp, #33]	@ 0x21
100045ea:	f89d 001c 	ldrb.w	r0, [sp, #28]
100045ee:	f000 fc19 	bl	10004e24 <usbd_control_xfer_cb>
100045f2:	e709      	b.n	10004408 <tud_task_ext+0x20>
100045f4:	1a9b      	subs	r3, r3, r2
100045f6:	4a2d      	ldr	r2, [pc, #180]	@ (100046ac <tud_task_ext+0x2c4>)
100045f8:	eb02 1343 	add.w	r3, r2, r3, lsl #5
100045fc:	e758      	b.n	100044b0 <tud_task_ext+0xc8>
100045fe:	f7ff fb8d 	bl	10003d1c <tud_descriptor_configuration_cb>
10004602:	4602      	mov	r2, r0
10004604:	2800      	cmp	r0, #0
10004606:	f040 8182 	bne.w	1000490e <tud_task_ext+0x526>
1000460a:	f04f 23e0 	mov.w	r3, #3758153728	@ 0xe000e000
1000460e:	f8d3 3df0 	ldr.w	r3, [r3, #3568]	@ 0xdf0
10004612:	07de      	lsls	r6, r3, #31
10004614:	d500      	bpl.n	10004618 <tud_task_ext+0x230>
10004616:	be00      	bkpt	0x0000
10004618:	f89d 001c 	ldrb.w	r0, [sp, #28]
1000461c:	2100      	movs	r1, #0
1000461e:	f7ff fd99 	bl	10004154 <dcd_edpt_stall>
10004622:	2180      	movs	r1, #128	@ 0x80
10004624:	f89d 001c 	ldrb.w	r0, [sp, #28]
10004628:	f7ff fd94 	bl	10004154 <dcd_edpt_stall>
1000462c:	e6ec      	b.n	10004408 <tud_task_ext+0x20>
1000462e:	4820      	ldr	r0, [pc, #128]	@ (100046b0 <tud_task_ext+0x2c8>)
10004630:	f000 fbe4 	bl	10004dfc <usbd_control_set_complete_callback>
10004634:	2101      	movs	r1, #1
10004636:	4640      	mov	r0, r8
10004638:	aa08      	add	r2, sp, #32
1000463a:	f7ff f933 	bl	100038a4 <tud_vendor_control_xfer_cb>
1000463e:	2800      	cmp	r0, #0
10004640:	f47f aee2 	bne.w	10004408 <tud_task_ext+0x20>
10004644:	e7e8      	b.n	10004618 <tud_task_ext+0x230>
10004646:	f89d 1024 	ldrb.w	r1, [sp, #36]	@ 0x24
1000464a:	f011 0f70 	tst.w	r1, #112	@ 0x70
1000464e:	d1dc      	bne.n	1000460a <tud_task_ext+0x222>
10004650:	f001 067f 	and.w	r6, r1, #127	@ 0x7f
10004654:	eb07 0046 	add.w	r0, r7, r6, lsl #1
10004658:	4b16      	ldr	r3, [pc, #88]	@ (100046b4 <tud_task_ext+0x2cc>)
1000465a:	eb00 10d1 	add.w	r0, r0, r1, lsr #7
1000465e:	781b      	ldrb	r3, [r3, #0]
10004660:	7d00      	ldrb	r0, [r0, #20]
10004662:	0076      	lsls	r6, r6, #1
10004664:	9601      	str	r6, [sp, #4]
10004666:	4298      	cmp	r0, r3
10004668:	ea4f 16d1 	mov.w	r6, r1, lsr #7
1000466c:	9600      	str	r6, [sp, #0]
1000466e:	d359      	bcc.n	10004724 <tud_task_ext+0x33c>
10004670:	1c5e      	adds	r6, r3, #1
10004672:	4286      	cmp	r6, r0
10004674:	f2c0 8166 	blt.w	10004944 <tud_task_ext+0x55c>
10004678:	1ac0      	subs	r0, r0, r3
1000467a:	4b0c      	ldr	r3, [pc, #48]	@ (100046ac <tud_task_ext+0x2c4>)
1000467c:	eb03 1640 	add.w	r6, r3, r0, lsl #5
10004680:	2a00      	cmp	r2, #0
10004682:	f000 8163 	beq.w	1000494c <tud_task_ext+0x564>
10004686:	6970      	ldr	r0, [r6, #20]
10004688:	f000 fbb8 	bl	10004dfc <usbd_control_set_complete_callback>
1000468c:	2101      	movs	r1, #1
1000468e:	4640      	mov	r0, r8
10004690:	6973      	ldr	r3, [r6, #20]
10004692:	aa08      	add	r2, sp, #32
10004694:	4798      	blx	r3
10004696:	2800      	cmp	r0, #0
10004698:	f47f aeb6 	bne.w	10004408 <tud_task_ext+0x20>
1000469c:	e7bc      	b.n	10004618 <tud_task_ext+0x230>
1000469e:	bf00      	nop
100046a0:	20001670 	.word	0x20001670
100046a4:	20001618 	.word	0x20001618
100046a8:	20001448 	.word	0x20001448
100046ac:	10007334 	.word	0x10007334
100046b0:	100038a5 	.word	0x100038a5
100046b4:	20001f09 	.word	0x20001f09
100046b8:	200012a8 	.word	0x200012a8
100046bc:	20001f0b 	.word	0x20001f0b
100046c0:	f89d 3024 	ldrb.w	r3, [sp, #36]	@ 0x24
100046c4:	2b0f      	cmp	r3, #15
100046c6:	d8a7      	bhi.n	10004618 <tud_task_ext+0x230>
100046c8:	4aae      	ldr	r2, [pc, #696]	@ (10004984 <tud_task_ext+0x59c>)
100046ca:	443b      	add	r3, r7
100046cc:	791b      	ldrb	r3, [r3, #4]
100046ce:	7812      	ldrb	r2, [r2, #0]
100046d0:	4293      	cmp	r3, r2
100046d2:	d332      	bcc.n	1000473a <tud_task_ext+0x352>
100046d4:	1c51      	adds	r1, r2, #1
100046d6:	4299      	cmp	r1, r3
100046d8:	db9e      	blt.n	10004618 <tud_task_ext+0x230>
100046da:	4eab      	ldr	r6, [pc, #684]	@ (10004988 <tud_task_ext+0x5a0>)
100046dc:	1a9b      	subs	r3, r3, r2
100046de:	eb06 1643 	add.w	r6, r6, r3, lsl #5
100046e2:	6970      	ldr	r0, [r6, #20]
100046e4:	f000 fb8a 	bl	10004dfc <usbd_control_set_complete_callback>
100046e8:	2101      	movs	r1, #1
100046ea:	4640      	mov	r0, r8
100046ec:	6973      	ldr	r3, [r6, #20]
100046ee:	aa08      	add	r2, sp, #32
100046f0:	4798      	blx	r3
100046f2:	2800      	cmp	r0, #0
100046f4:	f47f ae88 	bne.w	10004408 <tud_task_ext+0x20>
100046f8:	f89d 3020 	ldrb.w	r3, [sp, #32]
100046fc:	f013 0660 	ands.w	r6, r3, #96	@ 0x60
10004700:	d18a      	bne.n	10004618 <tud_task_ext+0x230>
10004702:	f89d 3021 	ldrb.w	r3, [sp, #33]	@ 0x21
10004706:	3b0a      	subs	r3, #10
10004708:	2b01      	cmp	r3, #1
1000470a:	d885      	bhi.n	10004618 <tud_task_ext+0x230>
1000470c:	f000 fb76 	bl	10004dfc <usbd_control_set_complete_callback>
10004710:	f89d 3021 	ldrb.w	r3, [sp, #33]	@ 0x21
10004714:	2b0a      	cmp	r3, #10
10004716:	f000 81f2 	beq.w	10004afe <tud_task_ext+0x716>
1000471a:	4640      	mov	r0, r8
1000471c:	a908      	add	r1, sp, #32
1000471e:	f000 faf1 	bl	10004d04 <tud_control_status>
10004722:	e671      	b.n	10004408 <tud_task_ext+0x20>
10004724:	4b99      	ldr	r3, [pc, #612]	@ (1000498c <tud_task_ext+0x5a4>)
10004726:	681b      	ldr	r3, [r3, #0]
10004728:	eb03 1640 	add.w	r6, r3, r0, lsl #5
1000472c:	2a00      	cmp	r2, #0
1000472e:	f000 810d 	beq.w	1000494c <tud_task_ext+0x564>
10004732:	2e00      	cmp	r6, #0
10004734:	f43f af70 	beq.w	10004618 <tud_task_ext+0x230>
10004738:	e7a5      	b.n	10004686 <tud_task_ext+0x29e>
1000473a:	4a94      	ldr	r2, [pc, #592]	@ (1000498c <tud_task_ext+0x5a4>)
1000473c:	6816      	ldr	r6, [r2, #0]
1000473e:	eb16 1643 	adds.w	r6, r6, r3, lsl #5
10004742:	d1ce      	bne.n	100046e2 <tud_task_ext+0x2fa>
10004744:	e768      	b.n	10004618 <tud_task_ext+0x230>
10004746:	787b      	ldrb	r3, [r7, #1]
10004748:	f89d 6022 	ldrb.w	r6, [sp, #34]	@ 0x22
1000474c:	429e      	cmp	r6, r3
1000474e:	f000 814f 	beq.w	100049f0 <tud_task_ext+0x608>
10004752:	787b      	ldrb	r3, [r7, #1]
10004754:	2b00      	cmp	r3, #0
10004756:	f040 81be 	bne.w	10004ad6 <tud_task_ext+0x6ee>
1000475a:	707e      	strb	r6, [r7, #1]
1000475c:	2e00      	cmp	r6, #0
1000475e:	f000 8145 	beq.w	100049ec <tud_task_ext+0x604>
10004762:	1e70      	subs	r0, r6, #1
10004764:	b2c0      	uxtb	r0, r0
10004766:	f7ff fad9 	bl	10003d1c <tud_descriptor_configuration_cb>
1000476a:	4603      	mov	r3, r0
1000476c:	2800      	cmp	r0, #0
1000476e:	f000 815f 	beq.w	10004a30 <tud_task_ext+0x648>
10004772:	7842      	ldrb	r2, [r0, #1]
10004774:	2a02      	cmp	r2, #2
10004776:	f040 815b 	bne.w	10004a30 <tud_task_ext+0x648>
1000477a:	79c1      	ldrb	r1, [r0, #7]
1000477c:	f103 0609 	add.w	r6, r3, #9
10004780:	f3c1 1240 	ubfx	r2, r1, #5, #1
10004784:	0112      	lsls	r2, r2, #4
10004786:	f3c1 1180 	ubfx	r1, r1, #6, #1
1000478a:	ea42 1241 	orr.w	r2, r2, r1, lsl #5
1000478e:	4631      	mov	r1, r6
10004790:	7838      	ldrb	r0, [r7, #0]
10004792:	f020 0030 	bic.w	r0, r0, #48	@ 0x30
10004796:	4302      	orrs	r2, r0
10004798:	703a      	strb	r2, [r7, #0]
1000479a:	885a      	ldrh	r2, [r3, #2]
1000479c:	f8cd 800c 	str.w	r8, [sp, #12]
100047a0:	189a      	adds	r2, r3, r2
100047a2:	9201      	str	r2, [sp, #4]
100047a4:	9b01      	ldr	r3, [sp, #4]
100047a6:	428b      	cmp	r3, r1
100047a8:	f240 81a4 	bls.w	10004af4 <tud_task_ext+0x70c>
100047ac:	784a      	ldrb	r2, [r1, #1]
100047ae:	2a0b      	cmp	r2, #11
100047b0:	f000 81af 	beq.w	10004b12 <tud_task_ext+0x72a>
100047b4:	2301      	movs	r3, #1
100047b6:	2a04      	cmp	r2, #4
100047b8:	f040 813a 	bne.w	10004a30 <tud_task_ext+0x648>
100047bc:	2600      	movs	r6, #0
100047be:	9a01      	ldr	r2, [sp, #4]
100047c0:	9600      	str	r6, [sp, #0]
100047c2:	1a52      	subs	r2, r2, r1
100047c4:	b292      	uxth	r2, r2
100047c6:	9202      	str	r2, [sp, #8]
100047c8:	4a6e      	ldr	r2, [pc, #440]	@ (10004984 <tud_task_ext+0x59c>)
100047ca:	9304      	str	r3, [sp, #16]
100047cc:	7812      	ldrb	r2, [r2, #0]
100047ce:	e01d      	b.n	1000480c <tud_task_ext+0x424>
100047d0:	4b6e      	ldr	r3, [pc, #440]	@ (1000498c <tud_task_ext+0x5a4>)
100047d2:	681b      	ldr	r3, [r3, #0]
100047d4:	eb13 1846 	adds.w	r8, r3, r6, lsl #5
100047d8:	f000 812a 	beq.w	10004a30 <tud_task_ext+0x648>
100047dc:	9a02      	ldr	r2, [sp, #8]
100047de:	f8d8 3010 	ldr.w	r3, [r8, #16]
100047e2:	9803      	ldr	r0, [sp, #12]
100047e4:	9105      	str	r1, [sp, #20]
100047e6:	4798      	blx	r3
100047e8:	2808      	cmp	r0, #8
100047ea:	4602      	mov	r2, r0
100047ec:	9905      	ldr	r1, [sp, #20]
100047ee:	f106 0301 	add.w	r3, r6, #1
100047f2:	d903      	bls.n	100047fc <tud_task_ext+0x414>
100047f4:	9802      	ldr	r0, [sp, #8]
100047f6:	4290      	cmp	r0, r2
100047f8:	f080 80ff 	bcs.w	100049fa <tud_task_ext+0x612>
100047fc:	b2de      	uxtb	r6, r3
100047fe:	4b61      	ldr	r3, [pc, #388]	@ (10004984 <tud_task_ext+0x59c>)
10004800:	9600      	str	r6, [sp, #0]
10004802:	781a      	ldrb	r2, [r3, #0]
10004804:	1c53      	adds	r3, r2, #1
10004806:	429e      	cmp	r6, r3
10004808:	f300 8112 	bgt.w	10004a30 <tud_task_ext+0x648>
1000480c:	9b00      	ldr	r3, [sp, #0]
1000480e:	42b2      	cmp	r2, r6
10004810:	eba3 0202 	sub.w	r2, r3, r2
10004814:	d8dc      	bhi.n	100047d0 <tud_task_ext+0x3e8>
10004816:	4b5c      	ldr	r3, [pc, #368]	@ (10004988 <tud_task_ext+0x5a0>)
10004818:	eb03 1842 	add.w	r8, r3, r2, lsl #5
1000481c:	e7de      	b.n	100047dc <tud_task_ext+0x3f4>
1000481e:	787b      	ldrb	r3, [r7, #1]
10004820:	4640      	mov	r0, r8
10004822:	f88d 301a 	strb.w	r3, [sp, #26]
10004826:	f10d 021a 	add.w	r2, sp, #26
1000482a:	2301      	movs	r3, #1
1000482c:	a908      	add	r1, sp, #32
1000482e:	f000 fa83 	bl	10004d38 <tud_control_xfer>
10004832:	e5e9      	b.n	10004408 <tud_task_ext+0x20>
10004834:	f8bd 0022 	ldrh.w	r0, [sp, #34]	@ 0x22
10004838:	0a03      	lsrs	r3, r0, #8
1000483a:	3b01      	subs	r3, #1
1000483c:	0a02      	lsrs	r2, r0, #8
1000483e:	b2c0      	uxtb	r0, r0
10004840:	2b0e      	cmp	r3, #14
10004842:	f63f aee9 	bhi.w	10004618 <tud_task_ext+0x230>
10004846:	a101      	add	r1, pc, #4	@ (adr r1, 1000484c <tud_task_ext+0x464>)
10004848:	f851 f023 	ldr.w	pc, [r1, r3, lsl #2]
1000484c:	10004a61 	.word	0x10004a61
10004850:	100048fd 	.word	0x100048fd
10004854:	10004a9d 	.word	0x10004a9d
10004858:	10004619 	.word	0x10004619
1000485c:	10004619 	.word	0x10004619
10004860:	10004a7f 	.word	0x10004a7f
10004864:	100048fd 	.word	0x100048fd
10004868:	10004619 	.word	0x10004619
1000486c:	10004619 	.word	0x10004619
10004870:	10004619 	.word	0x10004619
10004874:	10004619 	.word	0x10004619
10004878:	10004619 	.word	0x10004619
1000487c:	10004619 	.word	0x10004619
10004880:	10004619 	.word	0x10004619
10004884:	10004a53 	.word	0x10004a53
10004888:	a808      	add	r0, sp, #32
1000488a:	f000 fabd 	bl	10004e08 <usbd_control_set_request>
1000488e:	4640      	mov	r0, r8
10004890:	f89d 1022 	ldrb.w	r1, [sp, #34]	@ 0x22
10004894:	f7ff fba2 	bl	10003fdc <dcd_set_address>
10004898:	783b      	ldrb	r3, [r7, #0]
1000489a:	f043 0302 	orr.w	r3, r3, #2
1000489e:	703b      	strb	r3, [r7, #0]
100048a0:	e5b2      	b.n	10004408 <tud_task_ext+0x20>
100048a2:	f8bd 3022 	ldrh.w	r3, [sp, #34]	@ 0x22
100048a6:	2b01      	cmp	r3, #1
100048a8:	f47f aeb6 	bne.w	10004618 <tud_task_ext+0x230>
100048ac:	783b      	ldrb	r3, [r7, #0]
100048ae:	4640      	mov	r0, r8
100048b0:	f023 0308 	bic.w	r3, r3, #8
100048b4:	a908      	add	r1, sp, #32
100048b6:	703b      	strb	r3, [r7, #0]
100048b8:	f000 fa24 	bl	10004d04 <tud_control_status>
100048bc:	e5a4      	b.n	10004408 <tud_task_ext+0x20>
100048be:	4640      	mov	r0, r8
100048c0:	783b      	ldrb	r3, [r7, #0]
100048c2:	089a      	lsrs	r2, r3, #2
100048c4:	f002 0202 	and.w	r2, r2, #2
100048c8:	f3c3 1340 	ubfx	r3, r3, #5, #1
100048cc:	4313      	orrs	r3, r2
100048ce:	f8ad 301a 	strh.w	r3, [sp, #26]
100048d2:	f10d 021a 	add.w	r2, sp, #26
100048d6:	2302      	movs	r3, #2
100048d8:	a908      	add	r1, sp, #32
100048da:	f000 fa2d 	bl	10004d38 <tud_control_xfer>
100048de:	e593      	b.n	10004408 <tud_task_ext+0x20>
100048e0:	f8bd 3022 	ldrh.w	r3, [sp, #34]	@ 0x22
100048e4:	2b01      	cmp	r3, #1
100048e6:	f47f ae97 	bne.w	10004618 <tud_task_ext+0x230>
100048ea:	783b      	ldrb	r3, [r7, #0]
100048ec:	4640      	mov	r0, r8
100048ee:	f043 0308 	orr.w	r3, r3, #8
100048f2:	a908      	add	r1, sp, #32
100048f4:	703b      	strb	r3, [r7, #0]
100048f6:	f000 fa05 	bl	10004d04 <tud_control_status>
100048fa:	e585      	b.n	10004408 <tud_task_ext+0x20>
100048fc:	2a02      	cmp	r2, #2
100048fe:	f43f ae7e 	beq.w	100045fe <tud_task_ext+0x216>
10004902:	f7ff fcdd 	bl	100042c0 <tud_descriptor_other_speed_configuration_cb>
10004906:	4602      	mov	r2, r0
10004908:	2800      	cmp	r0, #0
1000490a:	f43f ae85 	beq.w	10004618 <tud_task_ext+0x230>
1000490e:	4640      	mov	r0, r8
10004910:	8853      	ldrh	r3, [r2, #2]
10004912:	a908      	add	r1, sp, #32
10004914:	f000 fa10 	bl	10004d38 <tud_control_xfer>
10004918:	2800      	cmp	r0, #0
1000491a:	f47f ad75 	bne.w	10004408 <tud_task_ext+0x20>
1000491e:	e67b      	b.n	10004618 <tud_task_ext+0x230>
10004920:	f89d 3024 	ldrb.w	r3, [sp, #36]	@ 0x24
10004924:	2b0f      	cmp	r3, #15
10004926:	f63f ae77 	bhi.w	10004618 <tud_task_ext+0x230>
1000492a:	4a16      	ldr	r2, [pc, #88]	@ (10004984 <tud_task_ext+0x59c>)
1000492c:	443b      	add	r3, r7
1000492e:	791b      	ldrb	r3, [r3, #4]
10004930:	7812      	ldrb	r2, [r2, #0]
10004932:	4293      	cmp	r3, r2
10004934:	d21d      	bcs.n	10004972 <tud_task_ext+0x58a>
10004936:	4a15      	ldr	r2, [pc, #84]	@ (1000498c <tud_task_ext+0x5a4>)
10004938:	6816      	ldr	r6, [r2, #0]
1000493a:	eb16 1643 	adds.w	r6, r6, r3, lsl #5
1000493e:	f47f aea2 	bne.w	10004686 <tud_task_ext+0x29e>
10004942:	e669      	b.n	10004618 <tud_task_ext+0x230>
10004944:	2a00      	cmp	r2, #0
10004946:	f47f ae67 	bne.w	10004618 <tud_task_ext+0x230>
1000494a:	2600      	movs	r6, #0
1000494c:	f89d 2021 	ldrb.w	r2, [sp, #33]	@ 0x21
10004950:	f002 03fd 	and.w	r3, r2, #253	@ 0xfd
10004954:	2b01      	cmp	r3, #1
10004956:	d01b      	beq.n	10004990 <tud_task_ext+0x5a8>
10004958:	2a00      	cmp	r2, #0
1000495a:	f47f ae56 	bne.w	1000460a <tud_task_ext+0x222>
1000495e:	9b01      	ldr	r3, [sp, #4]
10004960:	9a00      	ldr	r2, [sp, #0]
10004962:	443b      	add	r3, r7
10004964:	4413      	add	r3, r2
10004966:	f893 3034 	ldrb.w	r3, [r3, #52]	@ 0x34
1000496a:	4640      	mov	r0, r8
1000496c:	f3c3 0340 	ubfx	r3, r3, #1, #1
10004970:	e7ad      	b.n	100048ce <tud_task_ext+0x4e6>
10004972:	1c51      	adds	r1, r2, #1
10004974:	4299      	cmp	r1, r3
10004976:	f6ff ae4f 	blt.w	10004618 <tud_task_ext+0x230>
1000497a:	4e03      	ldr	r6, [pc, #12]	@ (10004988 <tud_task_ext+0x5a0>)
1000497c:	1a9b      	subs	r3, r3, r2
1000497e:	eb06 1643 	add.w	r6, r6, r3, lsl #5
10004982:	e680      	b.n	10004686 <tud_task_ext+0x29e>
10004984:	20001f09 	.word	0x20001f09
10004988:	10007334 	.word	0x10007334
1000498c:	20001448 	.word	0x20001448
10004990:	f8bd 3022 	ldrh.w	r3, [sp, #34]	@ 0x22
10004994:	b9b3      	cbnz	r3, 100049c4 <tud_task_ext+0x5dc>
10004996:	2a01      	cmp	r2, #1
10004998:	f899 0000 	ldrb.w	r0, [r9]
1000499c:	f000 8086 	beq.w	10004aac <tud_task_ext+0x6c4>
100049a0:	f7ff fbd8 	bl	10004154 <dcd_edpt_stall>
100049a4:	9b01      	ldr	r3, [sp, #4]
100049a6:	9a00      	ldr	r2, [sp, #0]
100049a8:	443b      	add	r3, r7
100049aa:	4413      	add	r3, r2
100049ac:	f893 2034 	ldrb.w	r2, [r3, #52]	@ 0x34
100049b0:	f042 0202 	orr.w	r2, r2, #2
100049b4:	f883 2034 	strb.w	r2, [r3, #52]	@ 0x34
100049b8:	f893 2034 	ldrb.w	r2, [r3, #52]	@ 0x34
100049bc:	f042 0201 	orr.w	r2, r2, #1
100049c0:	f883 2034 	strb.w	r2, [r3, #52]	@ 0x34
100049c4:	2e00      	cmp	r6, #0
100049c6:	f43f ad1f 	beq.w	10004408 <tud_task_ext+0x20>
100049ca:	6970      	ldr	r0, [r6, #20]
100049cc:	f000 fa16 	bl	10004dfc <usbd_control_set_complete_callback>
100049d0:	6973      	ldr	r3, [r6, #20]
100049d2:	2101      	movs	r1, #1
100049d4:	aa08      	add	r2, sp, #32
100049d6:	4640      	mov	r0, r8
100049d8:	4798      	blx	r3
100049da:	2000      	movs	r0, #0
100049dc:	f000 fa0e 	bl	10004dfc <usbd_control_set_complete_callback>
100049e0:	f897 3035 	ldrb.w	r3, [r7, #53]	@ 0x35
100049e4:	07df      	lsls	r7, r3, #31
100049e6:	f53f ad0f 	bmi.w	10004408 <tud_task_ext+0x20>
100049ea:	e696      	b.n	1000471a <tud_task_ext+0x332>
100049ec:	f7ff fc6c 	bl	100042c8 <tud_umount_cb>
100049f0:	4640      	mov	r0, r8
100049f2:	a908      	add	r1, sp, #32
100049f4:	f000 f986 	bl	10004d04 <tud_control_status>
100049f8:	e506      	b.n	10004408 <tud_task_ext+0x20>
100049fa:	9b04      	ldr	r3, [sp, #16]
100049fc:	2b01      	cmp	r3, #1
100049fe:	f000 809e 	beq.w	10004b3e <tud_task_ext+0x756>
10004a02:	2b00      	cmp	r3, #0
10004a04:	f000 808a 	beq.w	10004b1c <tud_task_ext+0x734>
10004a08:	2000      	movs	r0, #0
10004a0a:	f891 8002 	ldrb.w	r8, [r1, #2]
10004a0e:	e005      	b.n	10004a1c <tud_task_ext+0x634>
10004a10:	f88c 6004 	strb.w	r6, [ip, #4]
10004a14:	fa5f fc80 	uxtb.w	ip, r0
10004a18:	4563      	cmp	r3, ip
10004a1a:	d97f      	bls.n	10004b1c <tud_task_ext+0x734>
10004a1c:	eb08 0c00 	add.w	ip, r8, r0
10004a20:	fa57 fc8c 	uxtab	ip, r7, ip
10004a24:	f89c e004 	ldrb.w	lr, [ip, #4]
10004a28:	3001      	adds	r0, #1
10004a2a:	f1be 0fff 	cmp.w	lr, #255	@ 0xff
10004a2e:	d0ef      	beq.n	10004a10 <tud_task_ext+0x628>
10004a30:	f04f 23e0 	mov.w	r3, #3758153728	@ 0xe000e000
10004a34:	f8d3 3df0 	ldr.w	r3, [r3, #3568]	@ 0xdf0
10004a38:	07da      	lsls	r2, r3, #31
10004a3a:	d500      	bpl.n	10004a3e <tud_task_ext+0x656>
10004a3c:	be00      	bkpt	0x0000
10004a3e:	f04f 23e0 	mov.w	r3, #3758153728	@ 0xe000e000
10004a42:	f8d3 3df0 	ldr.w	r3, [r3, #3568]	@ 0xdf0
10004a46:	07db      	lsls	r3, r3, #31
10004a48:	d500      	bpl.n	10004a4c <tud_task_ext+0x664>
10004a4a:	be00      	bkpt	0x0000
10004a4c:	2300      	movs	r3, #0
10004a4e:	707b      	strb	r3, [r7, #1]
10004a50:	e5e2      	b.n	10004618 <tud_task_ext+0x230>
10004a52:	f7fe ff23 	bl	1000389c <tud_descriptor_bos_cb>
10004a56:	4602      	mov	r2, r0
10004a58:	2800      	cmp	r0, #0
10004a5a:	f47f af58 	bne.w	1000490e <tud_task_ext+0x526>
10004a5e:	e5db      	b.n	10004618 <tud_task_ext+0x230>
10004a60:	f7ff f958 	bl	10003d14 <tud_descriptor_device_cb>
10004a64:	4602      	mov	r2, r0
10004a66:	2800      	cmp	r0, #0
10004a68:	f43f adcf 	beq.w	1000460a <tud_task_ext+0x222>
10004a6c:	4640      	mov	r0, r8
10004a6e:	2312      	movs	r3, #18
10004a70:	a908      	add	r1, sp, #32
10004a72:	f000 f961 	bl	10004d38 <tud_control_xfer>
10004a76:	2800      	cmp	r0, #0
10004a78:	f47f acc6 	bne.w	10004408 <tud_task_ext+0x20>
10004a7c:	e5cc      	b.n	10004618 <tud_task_ext+0x230>
10004a7e:	f7ff fc1d 	bl	100042bc <tud_descriptor_device_qualifier_cb>
10004a82:	4602      	mov	r2, r0
10004a84:	2800      	cmp	r0, #0
10004a86:	f43f adc7 	beq.w	10004618 <tud_task_ext+0x230>
10004a8a:	4640      	mov	r0, r8
10004a8c:	7813      	ldrb	r3, [r2, #0]
10004a8e:	a908      	add	r1, sp, #32
10004a90:	f000 f952 	bl	10004d38 <tud_control_xfer>
10004a94:	2800      	cmp	r0, #0
10004a96:	f47f acb7 	bne.w	10004408 <tud_task_ext+0x20>
10004a9a:	e5bd      	b.n	10004618 <tud_task_ext+0x230>
10004a9c:	f8bd 1024 	ldrh.w	r1, [sp, #36]	@ 0x24
10004aa0:	f7ff f940 	bl	10003d24 <tud_descriptor_string_cb>
10004aa4:	4602      	mov	r2, r0
10004aa6:	2800      	cmp	r0, #0
10004aa8:	d1ef      	bne.n	10004a8a <tud_task_ext+0x6a2>
10004aaa:	e5b5      	b.n	10004618 <tud_task_ext+0x230>
10004aac:	9302      	str	r3, [sp, #8]
10004aae:	f7ff fb69 	bl	10004184 <dcd_edpt_clear_stall>
10004ab2:	9a01      	ldr	r2, [sp, #4]
10004ab4:	9b00      	ldr	r3, [sp, #0]
10004ab6:	443a      	add	r2, r7
10004ab8:	441a      	add	r2, r3
10004aba:	f892 1034 	ldrb.w	r1, [r2, #52]	@ 0x34
10004abe:	9b02      	ldr	r3, [sp, #8]
10004ac0:	f363 0141 	bfi	r1, r3, #1, #1
10004ac4:	f882 1034 	strb.w	r1, [r2, #52]	@ 0x34
10004ac8:	f892 1034 	ldrb.w	r1, [r2, #52]	@ 0x34
10004acc:	f363 0100 	bfi	r1, r3, #0, #1
10004ad0:	f882 1034 	strb.w	r1, [r2, #52]	@ 0x34
10004ad4:	e776      	b.n	100049c4 <tud_task_ext+0x5dc>
10004ad6:	2100      	movs	r1, #0
10004ad8:	4640      	mov	r0, r8
10004ada:	f7ff fa87 	bl	10003fec <dcd_sof_enable>
10004ade:	4640      	mov	r0, r8
10004ae0:	f7ff fb22 	bl	10004128 <dcd_edpt_close_all>
10004ae4:	78bb      	ldrb	r3, [r7, #2]
10004ae6:	4640      	mov	r0, r8
10004ae8:	9300      	str	r3, [sp, #0]
10004aea:	f7ff fb9d 	bl	10004228 <configuration_reset>
10004aee:	9b00      	ldr	r3, [sp, #0]
10004af0:	70bb      	strb	r3, [r7, #2]
10004af2:	e632      	b.n	1000475a <tud_task_ext+0x372>
10004af4:	f8dd 800c 	ldr.w	r8, [sp, #12]
10004af8:	f7ff fbe4 	bl	100042c4 <tud_mount_cb>
10004afc:	e778      	b.n	100049f0 <tud_task_ext+0x608>
10004afe:	4640      	mov	r0, r8
10004b00:	2301      	movs	r3, #1
10004b02:	a908      	add	r1, sp, #32
10004b04:	f10d 021a 	add.w	r2, sp, #26
10004b08:	f88d 601a 	strb.w	r6, [sp, #26]
10004b0c:	f000 f914 	bl	10004d38 <tud_control_xfer>
10004b10:	e47a      	b.n	10004408 <tud_task_ext+0x20>
10004b12:	780a      	ldrb	r2, [r1, #0]
10004b14:	78cb      	ldrb	r3, [r1, #3]
10004b16:	4411      	add	r1, r2
10004b18:	784a      	ldrb	r2, [r1, #1]
10004b1a:	e64c      	b.n	100047b6 <tud_task_ext+0x3ce>
10004b1c:	4633      	mov	r3, r6
10004b1e:	4810      	ldr	r0, [pc, #64]	@ (10004b60 <tud_task_ext+0x778>)
10004b20:	9204      	str	r2, [sp, #16]
10004b22:	9102      	str	r1, [sp, #8]
10004b24:	f000 fe76 	bl	10005814 <tu_edpt_bind_driver>
10004b28:	4b0e      	ldr	r3, [pc, #56]	@ (10004b64 <tud_task_ext+0x77c>)
10004b2a:	9a04      	ldr	r2, [sp, #16]
10004b2c:	9902      	ldr	r1, [sp, #8]
10004b2e:	781b      	ldrb	r3, [r3, #0]
10004b30:	4411      	add	r1, r2
10004b32:	9a00      	ldr	r2, [sp, #0]
10004b34:	3301      	adds	r3, #1
10004b36:	4293      	cmp	r3, r2
10004b38:	f6bf ae34 	bge.w	100047a4 <tud_task_ext+0x3bc>
10004b3c:	e778      	b.n	10004a30 <tud_task_ext+0x648>
10004b3e:	f8d8 c010 	ldr.w	ip, [r8, #16]
10004b42:	4809      	ldr	r0, [pc, #36]	@ (10004b68 <tud_task_ext+0x780>)
10004b44:	4584      	cmp	ip, r0
10004b46:	bf08      	it	eq
10004b48:	2302      	moveq	r3, #2
10004b4a:	e75d      	b.n	10004a08 <tud_task_ext+0x620>
10004b4c:	f04f 23e0 	mov.w	r3, #3758153728	@ 0xe000e000
10004b50:	f8d3 3df0 	ldr.w	r3, [r3, #3568]	@ 0xdf0
10004b54:	07db      	lsls	r3, r3, #31
10004b56:	f57f ac57 	bpl.w	10004408 <tud_task_ext+0x20>
10004b5a:	be00      	bkpt	0x0000
10004b5c:	e454      	b.n	10004408 <tud_task_ext+0x20>
10004b5e:	bf00      	nop
10004b60:	2000162c 	.word	0x2000162c
10004b64:	20001f09 	.word	0x20001f09
10004b68:	10005235 	.word	0x10005235

10004b6c <usbd_open_edpt_pair>:
10004b6c:	e92d 4ff8 	stmdb	sp!, {r3, r4, r5, r6, r7, r8, r9, sl, fp, lr}
10004b70:	9f0a      	ldr	r7, [sp, #40]	@ 0x28
10004b72:	2a00      	cmp	r2, #0
10004b74:	d040      	beq.n	10004bf8 <usbd_open_edpt_pair+0x8c>
10004b76:	460c      	mov	r4, r1
10004b78:	461e      	mov	r6, r3
10004b7a:	4615      	mov	r5, r2
10004b7c:	f04f 0a00 	mov.w	sl, #0
10004b80:	f8df 907c 	ldr.w	r9, [pc, #124]	@ 10004c00 <usbd_open_edpt_pair+0x94>
10004b84:	f8df 807c 	ldr.w	r8, [pc, #124]	@ 10004c04 <usbd_open_edpt_pair+0x98>
10004b88:	e018      	b.n	10004bbc <usbd_open_edpt_pair+0x50>
10004b8a:	4620      	mov	r0, r4
10004b8c:	f898 1002 	ldrb.w	r1, [r8, #2]
10004b90:	f899 b000 	ldrb.w	fp, [r9]
10004b94:	f000 fe0e 	bl	100057b4 <tu_edpt_validate>
10004b98:	b1e0      	cbz	r0, 10004bd4 <usbd_open_edpt_pair+0x68>
10004b9a:	4621      	mov	r1, r4
10004b9c:	4658      	mov	r0, fp
10004b9e:	f7ff fa41 	bl	10004024 <dcd_edpt_open>
10004ba2:	b1f0      	cbz	r0, 10004be2 <usbd_open_edpt_pair+0x76>
10004ba4:	78a2      	ldrb	r2, [r4, #2]
10004ba6:	f10a 0a01 	add.w	sl, sl, #1
10004baa:	09d1      	lsrs	r1, r2, #7
10004bac:	bf16      	itet	ne
10004bae:	9b0b      	ldrne	r3, [sp, #44]	@ 0x2c
10004bb0:	703a      	strbeq	r2, [r7, #0]
10004bb2:	701a      	strbne	r2, [r3, #0]
10004bb4:	7822      	ldrb	r2, [r4, #0]
10004bb6:	45aa      	cmp	sl, r5
10004bb8:	4414      	add	r4, r2
10004bba:	d01d      	beq.n	10004bf8 <usbd_open_edpt_pair+0x8c>
10004bbc:	7862      	ldrb	r2, [r4, #1]
10004bbe:	2a05      	cmp	r2, #5
10004bc0:	d10f      	bne.n	10004be2 <usbd_open_edpt_pair+0x76>
10004bc2:	78e1      	ldrb	r1, [r4, #3]
10004bc4:	f001 0103 	and.w	r1, r1, #3
10004bc8:	42b1      	cmp	r1, r6
10004bca:	d10a      	bne.n	10004be2 <usbd_open_edpt_pair+0x76>
10004bcc:	78a2      	ldrb	r2, [r4, #2]
10004bce:	f012 0f70 	tst.w	r2, #112	@ 0x70
10004bd2:	d0da      	beq.n	10004b8a <usbd_open_edpt_pair+0x1e>
10004bd4:	f04f 23e0 	mov.w	r3, #3758153728	@ 0xe000e000
10004bd8:	f8d3 3df0 	ldr.w	r3, [r3, #3568]	@ 0xdf0
10004bdc:	07da      	lsls	r2, r3, #31
10004bde:	d500      	bpl.n	10004be2 <usbd_open_edpt_pair+0x76>
10004be0:	be00      	bkpt	0x0000
10004be2:	f04f 23e0 	mov.w	r3, #3758153728	@ 0xe000e000
10004be6:	f8d3 3df0 	ldr.w	r3, [r3, #3568]	@ 0xdf0
10004bea:	07db      	lsls	r3, r3, #31
10004bec:	d402      	bmi.n	10004bf4 <usbd_open_edpt_pair+0x88>
10004bee:	2000      	movs	r0, #0
10004bf0:	e8bd 8ff8 	ldmia.w	sp!, {r3, r4, r5, r6, r7, r8, r9, sl, fp, pc}
10004bf4:	be00      	bkpt	0x0000
10004bf6:	e7fa      	b.n	10004bee <usbd_open_edpt_pair+0x82>
10004bf8:	2001      	movs	r0, #1
10004bfa:	e8bd 8ff8 	ldmia.w	sp!, {r3, r4, r5, r6, r7, r8, r9, sl, fp, pc}
10004bfe:	bf00      	nop
10004c00:	200012a8 	.word	0x200012a8
10004c04:	20001618 	.word	0x20001618

10004c08 <usbd_edpt_open>:
10004c08:	b538      	push	{r3, r4, r5, lr}
10004c0a:	788b      	ldrb	r3, [r1, #2]
10004c0c:	f013 0f70 	tst.w	r3, #112	@ 0x70
10004c10:	d008      	beq.n	10004c24 <usbd_edpt_open+0x1c>
10004c12:	f04f 23e0 	mov.w	r3, #3758153728	@ 0xe000e000
10004c16:	f8d3 3df0 	ldr.w	r3, [r3, #3568]	@ 0xdf0
10004c1a:	07db      	lsls	r3, r3, #31
10004c1c:	d500      	bpl.n	10004c20 <usbd_edpt_open+0x18>
10004c1e:	be00      	bkpt	0x0000
10004c20:	2000      	movs	r0, #0
10004c22:	bd38      	pop	{r3, r4, r5, pc}
10004c24:	4a07      	ldr	r2, [pc, #28]	@ (10004c44 <usbd_edpt_open+0x3c>)
10004c26:	4b08      	ldr	r3, [pc, #32]	@ (10004c48 <usbd_edpt_open+0x40>)
10004c28:	460c      	mov	r4, r1
10004c2a:	4608      	mov	r0, r1
10004c2c:	7891      	ldrb	r1, [r2, #2]
10004c2e:	781d      	ldrb	r5, [r3, #0]
10004c30:	f000 fdc0 	bl	100057b4 <tu_edpt_validate>
10004c34:	2800      	cmp	r0, #0
10004c36:	d0ec      	beq.n	10004c12 <usbd_edpt_open+0xa>
10004c38:	4621      	mov	r1, r4
10004c3a:	4628      	mov	r0, r5
10004c3c:	e8bd 4038 	ldmia.w	sp!, {r3, r4, r5, lr}
10004c40:	f7ff b9f0 	b.w	10004024 <dcd_edpt_open>
10004c44:	20001618 	.word	0x20001618
10004c48:	200012a8 	.word	0x200012a8

10004c4c <usbd_edpt_claim>:
10004c4c:	460b      	mov	r3, r1
10004c4e:	4a06      	ldr	r2, [pc, #24]	@ (10004c68 <usbd_edpt_claim+0x1c>)
10004c50:	4806      	ldr	r0, [pc, #24]	@ (10004c6c <usbd_edpt_claim+0x20>)
10004c52:	6811      	ldr	r1, [r2, #0]
10004c54:	09da      	lsrs	r2, r3, #7
10004c56:	3234      	adds	r2, #52	@ 0x34
10004c58:	f003 037f 	and.w	r3, r3, #127	@ 0x7f
10004c5c:	eb02 0343 	add.w	r3, r2, r3, lsl #1
10004c60:	4418      	add	r0, r3
10004c62:	f000 bd61 	b.w	10005728 <tu_edpt_claim>
10004c66:	bf00      	nop
10004c68:	2000166c 	.word	0x2000166c
10004c6c:	20001618 	.word	0x20001618

10004c70 <usbd_edpt_release>:
10004c70:	460b      	mov	r3, r1
10004c72:	4a06      	ldr	r2, [pc, #24]	@ (10004c8c <usbd_edpt_release+0x1c>)
10004c74:	4806      	ldr	r0, [pc, #24]	@ (10004c90 <usbd_edpt_release+0x20>)
10004c76:	6811      	ldr	r1, [r2, #0]
10004c78:	09da      	lsrs	r2, r3, #7
10004c7a:	3234      	adds	r2, #52	@ 0x34
10004c7c:	f003 037f 	and.w	r3, r3, #127	@ 0x7f
10004c80:	eb02 0343 	add.w	r3, r2, r3, lsl #1
10004c84:	4418      	add	r0, r3
10004c86:	f000 bd79 	b.w	1000577c <tu_edpt_release>
10004c8a:	bf00      	nop
10004c8c:	2000166c 	.word	0x2000166c
10004c90:	20001618 	.word	0x20001618

10004c94 <usbd_edpt_xfer>:
10004c94:	b510      	push	{r4, lr}
10004c96:	4819      	ldr	r0, [pc, #100]	@ (10004cfc <usbd_edpt_xfer+0x68>)
10004c98:	f001 0c7f 	and.w	ip, r1, #127	@ 0x7f
10004c9c:	eb00 004c 	add.w	r0, r0, ip, lsl #1
10004ca0:	eb00 10d1 	add.w	r0, r0, r1, lsr #7
10004ca4:	f890 c034 	ldrb.w	ip, [r0, #52]	@ 0x34
10004ca8:	f01c 0f01 	tst.w	ip, #1
10004cac:	d008      	beq.n	10004cc0 <usbd_edpt_xfer+0x2c>
10004cae:	f04f 23e0 	mov.w	r3, #3758153728	@ 0xe000e000
10004cb2:	f8d3 3df0 	ldr.w	r3, [r3, #3568]	@ 0xdf0
10004cb6:	07da      	lsls	r2, r3, #31
10004cb8:	d500      	bpl.n	10004cbc <usbd_edpt_xfer+0x28>
10004cba:	be00      	bkpt	0x0000
10004cbc:	2000      	movs	r0, #0
10004cbe:	bd10      	pop	{r4, pc}
10004cc0:	f100 0430 	add.w	r4, r0, #48	@ 0x30
10004cc4:	f894 c004 	ldrb.w	ip, [r4, #4]
10004cc8:	480d      	ldr	r0, [pc, #52]	@ (10004d00 <usbd_edpt_xfer+0x6c>)
10004cca:	f04c 0c01 	orr.w	ip, ip, #1
10004cce:	7800      	ldrb	r0, [r0, #0]
10004cd0:	f884 c004 	strb.w	ip, [r4, #4]
10004cd4:	f7ff fa2a 	bl	1000412c <dcd_edpt_xfer>
10004cd8:	2800      	cmp	r0, #0
10004cda:	d1f0      	bne.n	10004cbe <usbd_edpt_xfer+0x2a>
10004cdc:	f04f 21e0 	mov.w	r1, #3758153728	@ 0xe000e000
10004ce0:	7922      	ldrb	r2, [r4, #4]
10004ce2:	f360 0200 	bfi	r2, r0, #0, #1
10004ce6:	7122      	strb	r2, [r4, #4]
10004ce8:	7922      	ldrb	r2, [r4, #4]
10004cea:	f360 0282 	bfi	r2, r0, #2, #1
10004cee:	7122      	strb	r2, [r4, #4]
10004cf0:	f8d1 3df0 	ldr.w	r3, [r1, #3568]	@ 0xdf0
10004cf4:	07db      	lsls	r3, r3, #31
10004cf6:	d5e1      	bpl.n	10004cbc <usbd_edpt_xfer+0x28>
10004cf8:	be00      	bkpt	0x0000
10004cfa:	e7df      	b.n	10004cbc <usbd_edpt_xfer+0x28>
10004cfc:	20001618 	.word	0x20001618
10004d00:	200012a8 	.word	0x200012a8

10004d04 <tud_control_status>:
10004d04:	b530      	push	{r4, r5, lr}
10004d06:	4c0b      	ldr	r4, [pc, #44]	@ (10004d34 <tud_control_status+0x30>)
10004d08:	468c      	mov	ip, r1
10004d0a:	46a6      	mov	lr, r4
10004d0c:	4605      	mov	r5, r0
10004d0e:	6808      	ldr	r0, [r1, #0]
10004d10:	6849      	ldr	r1, [r1, #4]
10004d12:	2300      	movs	r3, #0
10004d14:	e8ae 0003 	stmia.w	lr!, {r0, r1}
10004d18:	f89c 1000 	ldrb.w	r1, [ip]
10004d1c:	4628      	mov	r0, r5
10004d1e:	43c9      	mvns	r1, r1
10004d20:	e9c4 3302 	strd	r3, r3, [r4, #8]
10004d24:	e8bd 4030 	ldmia.w	sp!, {r4, r5, lr}
10004d28:	461a      	mov	r2, r3
10004d2a:	f001 0180 	and.w	r1, r1, #128	@ 0x80
10004d2e:	f7ff bfb1 	b.w	10004c94 <usbd_edpt_xfer>
10004d32:	bf00      	nop
10004d34:	200015d8 	.word	0x200015d8

10004d38 <tud_control_xfer>:
10004d38:	e92d 41f0 	stmdb	sp!, {r4, r5, r6, r7, r8, lr}
10004d3c:	4f28      	ldr	r7, [pc, #160]	@ (10004de0 <tud_control_xfer+0xa8>)
10004d3e:	f04f 0800 	mov.w	r8, #0
10004d42:	46be      	mov	lr, r7
10004d44:	468c      	mov	ip, r1
10004d46:	4606      	mov	r6, r0
10004d48:	6808      	ldr	r0, [r1, #0]
10004d4a:	6849      	ldr	r1, [r1, #4]
10004d4c:	60ba      	str	r2, [r7, #8]
10004d4e:	e8ae 0003 	stmia.w	lr!, {r0, r1}
10004d52:	f8a7 800e 	strh.w	r8, [r7, #14]
10004d56:	4615      	mov	r5, r2
10004d58:	f8bc 2006 	ldrh.w	r2, [ip, #6]
10004d5c:	4293      	cmp	r3, r2
10004d5e:	bf28      	it	cs
10004d60:	4613      	movcs	r3, r2
10004d62:	81bb      	strh	r3, [r7, #12]
10004d64:	b19a      	cbz	r2, 10004d8e <tud_control_xfer+0x56>
10004d66:	461c      	mov	r4, r3
10004d68:	b333      	cbz	r3, 10004db8 <tud_control_xfer+0x80>
10004d6a:	b1dd      	cbz	r5, 10004da4 <tud_control_xfer+0x6c>
10004d6c:	f997 3000 	ldrsb.w	r3, [r7]
10004d70:	2c40      	cmp	r4, #64	@ 0x40
10004d72:	bf28      	it	cs
10004d74:	2440      	movcs	r4, #64	@ 0x40
10004d76:	2b00      	cmp	r3, #0
10004d78:	db29      	blt.n	10004dce <tud_control_xfer+0x96>
10004d7a:	4641      	mov	r1, r8
10004d7c:	4623      	mov	r3, r4
10004d7e:	4630      	mov	r0, r6
10004d80:	4a18      	ldr	r2, [pc, #96]	@ (10004de4 <tud_control_xfer+0xac>)
10004d82:	f7ff ff87 	bl	10004c94 <usbd_edpt_xfer>
10004d86:	b168      	cbz	r0, 10004da4 <tud_control_xfer+0x6c>
10004d88:	2001      	movs	r0, #1
10004d8a:	e8bd 81f0 	ldmia.w	sp!, {r4, r5, r6, r7, r8, pc}
10004d8e:	f89c 1000 	ldrb.w	r1, [ip]
10004d92:	4613      	mov	r3, r2
10004d94:	43c9      	mvns	r1, r1
10004d96:	4630      	mov	r0, r6
10004d98:	f001 0180 	and.w	r1, r1, #128	@ 0x80
10004d9c:	f7ff ff7a 	bl	10004c94 <usbd_edpt_xfer>
10004da0:	2800      	cmp	r0, #0
10004da2:	d1f1      	bne.n	10004d88 <tud_control_xfer+0x50>
10004da4:	f04f 23e0 	mov.w	r3, #3758153728	@ 0xe000e000
10004da8:	f8d3 3df0 	ldr.w	r3, [r3, #3568]	@ 0xdf0
10004dac:	07db      	lsls	r3, r3, #31
10004dae:	d500      	bpl.n	10004db2 <tud_control_xfer+0x7a>
10004db0:	be00      	bkpt	0x0000
10004db2:	2000      	movs	r0, #0
10004db4:	e8bd 81f0 	ldmia.w	sp!, {r4, r5, r6, r7, r8, pc}
10004db8:	461a      	mov	r2, r3
10004dba:	7839      	ldrb	r1, [r7, #0]
10004dbc:	f001 0180 	and.w	r1, r1, #128	@ 0x80
10004dc0:	4623      	mov	r3, r4
10004dc2:	4630      	mov	r0, r6
10004dc4:	f7ff ff66 	bl	10004c94 <usbd_edpt_xfer>
10004dc8:	2800      	cmp	r0, #0
10004dca:	d1dd      	bne.n	10004d88 <tud_control_xfer+0x50>
10004dcc:	e7ea      	b.n	10004da4 <tud_control_xfer+0x6c>
10004dce:	4622      	mov	r2, r4
10004dd0:	4629      	mov	r1, r5
10004dd2:	4804      	ldr	r0, [pc, #16]	@ (10004de4 <tud_control_xfer+0xac>)
10004dd4:	f001 ffc0 	bl	10006d58 <memcpy>
10004dd8:	2180      	movs	r1, #128	@ 0x80
10004dda:	4a02      	ldr	r2, [pc, #8]	@ (10004de4 <tud_control_xfer+0xac>)
10004ddc:	e7f0      	b.n	10004dc0 <tud_control_xfer+0x88>
10004dde:	bf00      	nop
10004de0:	200015d8 	.word	0x200015d8
10004de4:	20001598 	.word	0x20001598

10004de8 <usbd_control_reset>:
10004de8:	2200      	movs	r2, #0
10004dea:	4b03      	ldr	r3, [pc, #12]	@ (10004df8 <usbd_control_reset+0x10>)
10004dec:	e9c3 2200 	strd	r2, r2, [r3]
10004df0:	e9c3 2202 	strd	r2, r2, [r3, #8]
10004df4:	611a      	str	r2, [r3, #16]
10004df6:	4770      	bx	lr
10004df8:	200015d8 	.word	0x200015d8

10004dfc <usbd_control_set_complete_callback>:
10004dfc:	4b01      	ldr	r3, [pc, #4]	@ (10004e04 <usbd_control_set_complete_callback+0x8>)
10004dfe:	6118      	str	r0, [r3, #16]
10004e00:	4770      	bx	lr
10004e02:	bf00      	nop
10004e04:	200015d8 	.word	0x200015d8

10004e08 <usbd_control_set_request>:
10004e08:	b430      	push	{r4, r5}
10004e0a:	4602      	mov	r2, r0
10004e0c:	4c04      	ldr	r4, [pc, #16]	@ (10004e20 <usbd_control_set_request+0x18>)
10004e0e:	2500      	movs	r5, #0
10004e10:	4623      	mov	r3, r4
10004e12:	6800      	ldr	r0, [r0, #0]
10004e14:	6851      	ldr	r1, [r2, #4]
10004e16:	e9c4 5502 	strd	r5, r5, [r4, #8]
10004e1a:	bc30      	pop	{r4, r5}
10004e1c:	c303      	stmia	r3!, {r0, r1}
10004e1e:	4770      	bx	lr
10004e20:	200015d8 	.word	0x200015d8

10004e24 <usbd_control_xfer_cb>:
10004e24:	b570      	push	{r4, r5, r6, lr}
10004e26:	4c3d      	ldr	r4, [pc, #244]	@ (10004f1c <usbd_control_xfer_cb+0xf8>)
10004e28:	09c9      	lsrs	r1, r1, #7
10004e2a:	7822      	ldrb	r2, [r4, #0]
10004e2c:	4606      	mov	r6, r0
10004e2e:	ebb1 1fd2 	cmp.w	r1, r2, lsr #7
10004e32:	461d      	mov	r5, r3
10004e34:	b082      	sub	sp, #8
10004e36:	d017      	beq.n	10004e68 <usbd_control_xfer_cb+0x44>
10004e38:	b153      	cbz	r3, 10004e50 <usbd_control_xfer_cb+0x2c>
10004e3a:	f04f 23e0 	mov.w	r3, #3758153728	@ 0xe000e000
10004e3e:	f8d3 3df0 	ldr.w	r3, [r3, #3568]	@ 0xdf0
10004e42:	07db      	lsls	r3, r3, #31
10004e44:	d402      	bmi.n	10004e4c <usbd_control_xfer_cb+0x28>
10004e46:	2000      	movs	r0, #0
10004e48:	b002      	add	sp, #8
10004e4a:	bd70      	pop	{r4, r5, r6, pc}
10004e4c:	be00      	bkpt	0x0000
10004e4e:	e7fa      	b.n	10004e46 <usbd_control_xfer_cb+0x22>
10004e50:	4621      	mov	r1, r4
10004e52:	f7ff f8d9 	bl	10004008 <dcd_edpt0_status_complete>
10004e56:	6923      	ldr	r3, [r4, #16]
10004e58:	b11b      	cbz	r3, 10004e62 <usbd_control_xfer_cb+0x3e>
10004e5a:	4622      	mov	r2, r4
10004e5c:	2103      	movs	r1, #3
10004e5e:	4630      	mov	r0, r6
10004e60:	4798      	blx	r3
10004e62:	2001      	movs	r0, #1
10004e64:	b002      	add	sp, #8
10004e66:	bd70      	pop	{r4, r5, r6, pc}
10004e68:	f994 3000 	ldrsb.w	r3, [r4]
10004e6c:	2b00      	cmp	r3, #0
10004e6e:	db06      	blt.n	10004e7e <usbd_control_xfer_cb+0x5a>
10004e70:	68a0      	ldr	r0, [r4, #8]
10004e72:	2800      	cmp	r0, #0
10004e74:	d0e7      	beq.n	10004e46 <usbd_control_xfer_cb+0x22>
10004e76:	462a      	mov	r2, r5
10004e78:	4929      	ldr	r1, [pc, #164]	@ (10004f20 <usbd_control_xfer_cb+0xfc>)
10004e7a:	f001 ff6d 	bl	10006d58 <memcpy>
10004e7e:	89e0      	ldrh	r0, [r4, #14]
10004e80:	68a1      	ldr	r1, [r4, #8]
10004e82:	88e3      	ldrh	r3, [r4, #6]
10004e84:	4428      	add	r0, r5
10004e86:	b280      	uxth	r0, r0
10004e88:	4429      	add	r1, r5
10004e8a:	4283      	cmp	r3, r0
10004e8c:	81e0      	strh	r0, [r4, #14]
10004e8e:	60a1      	str	r1, [r4, #8]
10004e90:	d016      	beq.n	10004ec0 <usbd_control_xfer_cb+0x9c>
10004e92:	2d3f      	cmp	r5, #63	@ 0x3f
10004e94:	d914      	bls.n	10004ec0 <usbd_control_xfer_cb+0x9c>
10004e96:	89a2      	ldrh	r2, [r4, #12]
10004e98:	f994 4000 	ldrsb.w	r4, [r4]
10004e9c:	1a13      	subs	r3, r2, r0
10004e9e:	b29b      	uxth	r3, r3
10004ea0:	2b40      	cmp	r3, #64	@ 0x40
10004ea2:	bf28      	it	cs
10004ea4:	2340      	movcs	r3, #64	@ 0x40
10004ea6:	2c00      	cmp	r4, #0
10004ea8:	db27      	blt.n	10004efa <usbd_control_xfer_cb+0xd6>
10004eaa:	4290      	cmp	r0, r2
10004eac:	f04f 0100 	mov.w	r1, #0
10004eb0:	d031      	beq.n	10004f16 <usbd_control_xfer_cb+0xf2>
10004eb2:	4a1b      	ldr	r2, [pc, #108]	@ (10004f20 <usbd_control_xfer_cb+0xfc>)
10004eb4:	4630      	mov	r0, r6
10004eb6:	f7ff feed 	bl	10004c94 <usbd_edpt_xfer>
10004eba:	2800      	cmp	r0, #0
10004ebc:	d1d1      	bne.n	10004e62 <usbd_control_xfer_cb+0x3e>
10004ebe:	e7bc      	b.n	10004e3a <usbd_control_xfer_cb+0x16>
10004ec0:	6923      	ldr	r3, [r4, #16]
10004ec2:	b123      	cbz	r3, 10004ece <usbd_control_xfer_cb+0xaa>
10004ec4:	2102      	movs	r1, #2
10004ec6:	4630      	mov	r0, r6
10004ec8:	4a14      	ldr	r2, [pc, #80]	@ (10004f1c <usbd_control_xfer_cb+0xf8>)
10004eca:	4798      	blx	r3
10004ecc:	b160      	cbz	r0, 10004ee8 <usbd_control_xfer_cb+0xc4>
10004ece:	7821      	ldrb	r1, [r4, #0]
10004ed0:	2300      	movs	r3, #0
10004ed2:	43c9      	mvns	r1, r1
10004ed4:	4630      	mov	r0, r6
10004ed6:	461a      	mov	r2, r3
10004ed8:	f001 0180 	and.w	r1, r1, #128	@ 0x80
10004edc:	f7ff feda 	bl	10004c94 <usbd_edpt_xfer>
10004ee0:	2800      	cmp	r0, #0
10004ee2:	d0aa      	beq.n	10004e3a <usbd_control_xfer_cb+0x16>
10004ee4:	2001      	movs	r0, #1
10004ee6:	e7bd      	b.n	10004e64 <usbd_control_xfer_cb+0x40>
10004ee8:	4601      	mov	r1, r0
10004eea:	4630      	mov	r0, r6
10004eec:	f7ff f932 	bl	10004154 <dcd_edpt_stall>
10004ef0:	2180      	movs	r1, #128	@ 0x80
10004ef2:	4630      	mov	r0, r6
10004ef4:	f7ff f92e 	bl	10004154 <dcd_edpt_stall>
10004ef8:	e7b3      	b.n	10004e62 <usbd_control_xfer_cb+0x3e>
10004efa:	4290      	cmp	r0, r2
10004efc:	d008      	beq.n	10004f10 <usbd_control_xfer_cb+0xec>
10004efe:	461a      	mov	r2, r3
10004f00:	4807      	ldr	r0, [pc, #28]	@ (10004f20 <usbd_control_xfer_cb+0xfc>)
10004f02:	9301      	str	r3, [sp, #4]
10004f04:	f001 ff28 	bl	10006d58 <memcpy>
10004f08:	2180      	movs	r1, #128	@ 0x80
10004f0a:	4a05      	ldr	r2, [pc, #20]	@ (10004f20 <usbd_control_xfer_cb+0xfc>)
10004f0c:	9b01      	ldr	r3, [sp, #4]
10004f0e:	e7d1      	b.n	10004eb4 <usbd_control_xfer_cb+0x90>
10004f10:	2180      	movs	r1, #128	@ 0x80
10004f12:	2200      	movs	r2, #0
10004f14:	e7ce      	b.n	10004eb4 <usbd_control_xfer_cb+0x90>
10004f16:	460a      	mov	r2, r1
10004f18:	e7cc      	b.n	10004eb4 <usbd_control_xfer_cb+0x90>
10004f1a:	bf00      	nop
10004f1c:	200015d8 	.word	0x200015d8
10004f20:	20001598 	.word	0x20001598

10004f24 <_prep_out_transaction.isra.0>:
10004f24:	e92d 41f0 	stmdb	sp!, {r4, r5, r6, r7, r8, lr}
10004f28:	4604      	mov	r4, r0
10004f2a:	f7ff f9d3 	bl	100042d4 <tud_mounted>
10004f2e:	b908      	cbnz	r0, 10004f34 <_prep_out_transaction.isra.0+0x10>
10004f30:	e8bd 81f0 	ldmia.w	sp!, {r4, r5, r6, r7, r8, pc}
10004f34:	f7ff f9d6 	bl	100042e4 <tud_suspended>
10004f38:	4605      	mov	r5, r0
10004f3a:	2800      	cmp	r0, #0
10004f3c:	d1f8      	bne.n	10004f30 <_prep_out_transaction.isra.0+0xc>
10004f3e:	23c8      	movs	r3, #200	@ 0xc8
10004f40:	fb04 f303 	mul.w	r3, r4, r3
10004f44:	4e12      	ldr	r6, [pc, #72]	@ (10004f90 <_prep_out_transaction.isra.0+0x6c>)
10004f46:	18f7      	adds	r7, r6, r3
10004f48:	78f9      	ldrb	r1, [r7, #3]
10004f4a:	2900      	cmp	r1, #0
10004f4c:	d0f0      	beq.n	10004f30 <_prep_out_transaction.isra.0+0xc>
10004f4e:	3310      	adds	r3, #16
10004f50:	441e      	add	r6, r3
10004f52:	4630      	mov	r0, r6
10004f54:	f000 fdd2 	bl	10005afc <tu_fifo_remaining>
10004f58:	283f      	cmp	r0, #63	@ 0x3f
10004f5a:	d9e9      	bls.n	10004f30 <_prep_out_transaction.isra.0+0xc>
10004f5c:	4628      	mov	r0, r5
10004f5e:	78f9      	ldrb	r1, [r7, #3]
10004f60:	f7ff fe74 	bl	10004c4c <usbd_edpt_claim>
10004f64:	2800      	cmp	r0, #0
10004f66:	d0e3      	beq.n	10004f30 <_prep_out_transaction.isra.0+0xc>
10004f68:	4630      	mov	r0, r6
10004f6a:	f000 fdc7 	bl	10005afc <tu_fifo_remaining>
10004f6e:	283f      	cmp	r0, #63	@ 0x3f
10004f70:	78f9      	ldrb	r1, [r7, #3]
10004f72:	d908      	bls.n	10004f86 <_prep_out_transaction.isra.0+0x62>
10004f74:	4a07      	ldr	r2, [pc, #28]	@ (10004f94 <_prep_out_transaction.isra.0+0x70>)
10004f76:	4628      	mov	r0, r5
10004f78:	eb02 12c4 	add.w	r2, r2, r4, lsl #7
10004f7c:	2340      	movs	r3, #64	@ 0x40
10004f7e:	e8bd 41f0 	ldmia.w	sp!, {r4, r5, r6, r7, r8, lr}
10004f82:	f7ff be87 	b.w	10004c94 <usbd_edpt_xfer>
10004f86:	4628      	mov	r0, r5
10004f88:	e8bd 41f0 	ldmia.w	sp!, {r4, r5, r6, r7, r8, lr}
10004f8c:	f7ff be70 	b.w	10004c70 <usbd_edpt_release>
10004f90:	200014d0 	.word	0x200014d0
10004f94:	2000144c 	.word	0x2000144c

10004f98 <tud_cdc_n_connected>:
10004f98:	b510      	push	{r4, lr}
10004f9a:	4604      	mov	r4, r0
10004f9c:	f7ff f99a 	bl	100042d4 <tud_mounted>
10004fa0:	b908      	cbnz	r0, 10004fa6 <tud_cdc_n_connected+0xe>
10004fa2:	2000      	movs	r0, #0
10004fa4:	bd10      	pop	{r4, pc}
10004fa6:	f7ff f99d 	bl	100042e4 <tud_suspended>
10004faa:	2800      	cmp	r0, #0
10004fac:	d1f9      	bne.n	10004fa2 <tud_cdc_n_connected+0xa>
10004fae:	22c8      	movs	r2, #200	@ 0xc8
10004fb0:	4b03      	ldr	r3, [pc, #12]	@ (10004fc0 <tud_cdc_n_connected+0x28>)
10004fb2:	fb02 3304 	mla	r3, r2, r4, r3
10004fb6:	7918      	ldrb	r0, [r3, #4]
10004fb8:	f000 0001 	and.w	r0, r0, #1
10004fbc:	bd10      	pop	{r4, pc}
10004fbe:	bf00      	nop
10004fc0:	200014d0 	.word	0x200014d0

10004fc4 <tud_cdc_n_available>:
10004fc4:	22c8      	movs	r2, #200	@ 0xc8
10004fc6:	b508      	push	{r3, lr}
10004fc8:	4b02      	ldr	r3, [pc, #8]	@ (10004fd4 <tud_cdc_n_available+0x10>)
10004fca:	fb02 3000 	mla	r0, r2, r0, r3
10004fce:	f000 fd7b 	bl	10005ac8 <tu_fifo_count>
10004fd2:	bd08      	pop	{r3, pc}
10004fd4:	200014e0 	.word	0x200014e0

10004fd8 <tud_cdc_n_read>:
10004fd8:	e92d 43f8 	stmdb	sp!, {r3, r4, r5, r6, r7, r8, r9, lr}
10004fdc:	f64f 73ff 	movw	r3, #65535	@ 0xffff
10004fe0:	24c8      	movs	r4, #200	@ 0xc8
10004fe2:	429a      	cmp	r2, r3
10004fe4:	bf28      	it	cs
10004fe6:	461a      	movcs	r2, r3
10004fe8:	fb00 f404 	mul.w	r4, r0, r4
10004fec:	f8df 8074 	ldr.w	r8, [pc, #116]	@ 10005064 <tud_cdc_n_read+0x8c>
10004ff0:	f104 0510 	add.w	r5, r4, #16
10004ff4:	4445      	add	r5, r8
10004ff6:	4606      	mov	r6, r0
10004ff8:	b292      	uxth	r2, r2
10004ffa:	4628      	mov	r0, r5
10004ffc:	f000 fdda 	bl	10005bb4 <tu_fifo_read_n>
10005000:	4607      	mov	r7, r0
10005002:	f7ff f967 	bl	100042d4 <tud_mounted>
10005006:	b910      	cbnz	r0, 1000500e <tud_cdc_n_read+0x36>
10005008:	4638      	mov	r0, r7
1000500a:	e8bd 83f8 	ldmia.w	sp!, {r3, r4, r5, r6, r7, r8, r9, pc}
1000500e:	f7ff f969 	bl	100042e4 <tud_suspended>
10005012:	4681      	mov	r9, r0
10005014:	2800      	cmp	r0, #0
10005016:	d1f7      	bne.n	10005008 <tud_cdc_n_read+0x30>
10005018:	44a0      	add	r8, r4
1000501a:	f898 3003 	ldrb.w	r3, [r8, #3]
1000501e:	2b00      	cmp	r3, #0
10005020:	d0f2      	beq.n	10005008 <tud_cdc_n_read+0x30>
10005022:	4628      	mov	r0, r5
10005024:	f000 fd6a 	bl	10005afc <tu_fifo_remaining>
10005028:	283f      	cmp	r0, #63	@ 0x3f
1000502a:	d9ed      	bls.n	10005008 <tud_cdc_n_read+0x30>
1000502c:	4648      	mov	r0, r9
1000502e:	f898 1003 	ldrb.w	r1, [r8, #3]
10005032:	f7ff fe0b 	bl	10004c4c <usbd_edpt_claim>
10005036:	2800      	cmp	r0, #0
10005038:	d0e6      	beq.n	10005008 <tud_cdc_n_read+0x30>
1000503a:	4628      	mov	r0, r5
1000503c:	f000 fd5e 	bl	10005afc <tu_fifo_remaining>
10005040:	283f      	cmp	r0, #63	@ 0x3f
10005042:	f898 1003 	ldrb.w	r1, [r8, #3]
10005046:	d907      	bls.n	10005058 <tud_cdc_n_read+0x80>
10005048:	4a05      	ldr	r2, [pc, #20]	@ (10005060 <tud_cdc_n_read+0x88>)
1000504a:	4648      	mov	r0, r9
1000504c:	2340      	movs	r3, #64	@ 0x40
1000504e:	eb02 12c6 	add.w	r2, r2, r6, lsl #7
10005052:	f7ff fe1f 	bl	10004c94 <usbd_edpt_xfer>
10005056:	e7d7      	b.n	10005008 <tud_cdc_n_read+0x30>
10005058:	4648      	mov	r0, r9
1000505a:	f7ff fe09 	bl	10004c70 <usbd_edpt_release>
1000505e:	e7d3      	b.n	10005008 <tud_cdc_n_read+0x30>
10005060:	2000144c 	.word	0x2000144c
10005064:	200014d0 	.word	0x200014d0

10005068 <tud_cdc_n_write_flush>:
10005068:	e92d 41f0 	stmdb	sp!, {r4, r5, r6, r7, r8, lr}
1000506c:	4604      	mov	r4, r0
1000506e:	f7ff f931 	bl	100042d4 <tud_mounted>
10005072:	b910      	cbnz	r0, 1000507a <tud_cdc_n_write_flush+0x12>
10005074:	2000      	movs	r0, #0
10005076:	e8bd 81f0 	ldmia.w	sp!, {r4, r5, r6, r7, r8, pc}
1000507a:	f7ff f933 	bl	100042e4 <tud_suspended>
1000507e:	4605      	mov	r5, r0
10005080:	2800      	cmp	r0, #0
10005082:	d1f7      	bne.n	10005074 <tud_cdc_n_write_flush+0xc>
10005084:	26c8      	movs	r6, #200	@ 0xc8
10005086:	fb04 f606 	mul.w	r6, r4, r6
1000508a:	f8df 8064 	ldr.w	r8, [pc, #100]	@ 100050f0 <tud_cdc_n_write_flush+0x88>
1000508e:	f106 0724 	add.w	r7, r6, #36	@ 0x24
10005092:	4447      	add	r7, r8
10005094:	4638      	mov	r0, r7
10005096:	f000 fd17 	bl	10005ac8 <tu_fifo_count>
1000509a:	2800      	cmp	r0, #0
1000509c:	d0ea      	beq.n	10005074 <tud_cdc_n_write_flush+0xc>
1000509e:	44b0      	add	r8, r6
100050a0:	4628      	mov	r0, r5
100050a2:	f898 1002 	ldrb.w	r1, [r8, #2]
100050a6:	f7ff fdd1 	bl	10004c4c <usbd_edpt_claim>
100050aa:	2800      	cmp	r0, #0
100050ac:	d0e2      	beq.n	10005074 <tud_cdc_n_write_flush+0xc>
100050ae:	4e0f      	ldr	r6, [pc, #60]	@ (100050ec <tud_cdc_n_write_flush+0x84>)
100050b0:	4638      	mov	r0, r7
100050b2:	eb06 16c4 	add.w	r6, r6, r4, lsl #7
100050b6:	4631      	mov	r1, r6
100050b8:	2240      	movs	r2, #64	@ 0x40
100050ba:	f000 fd7b 	bl	10005bb4 <tu_fifo_read_n>
100050be:	f898 1002 	ldrb.w	r1, [r8, #2]
100050c2:	4604      	mov	r4, r0
100050c4:	b168      	cbz	r0, 100050e2 <tud_cdc_n_write_flush+0x7a>
100050c6:	4603      	mov	r3, r0
100050c8:	4632      	mov	r2, r6
100050ca:	4628      	mov	r0, r5
100050cc:	f7ff fde2 	bl	10004c94 <usbd_edpt_xfer>
100050d0:	b950      	cbnz	r0, 100050e8 <tud_cdc_n_write_flush+0x80>
100050d2:	f04f 23e0 	mov.w	r3, #3758153728	@ 0xe000e000
100050d6:	f8d3 3df0 	ldr.w	r3, [r3, #3568]	@ 0xdf0
100050da:	07db      	lsls	r3, r3, #31
100050dc:	d5ca      	bpl.n	10005074 <tud_cdc_n_write_flush+0xc>
100050de:	be00      	bkpt	0x0000
100050e0:	e7c8      	b.n	10005074 <tud_cdc_n_write_flush+0xc>
100050e2:	f7ff fdc5 	bl	10004c70 <usbd_edpt_release>
100050e6:	e7c5      	b.n	10005074 <tud_cdc_n_write_flush+0xc>
100050e8:	4620      	mov	r0, r4
100050ea:	e7c4      	b.n	10005076 <tud_cdc_n_write_flush+0xe>
100050ec:	2000148c 	.word	0x2000148c
100050f0:	200014d0 	.word	0x200014d0

100050f4 <tud_cdc_n_write>:
100050f4:	b538      	push	{r3, r4, r5, lr}
100050f6:	f64f 75ff 	movw	r5, #65535	@ 0xffff
100050fa:	23c8      	movs	r3, #200	@ 0xc8
100050fc:	42aa      	cmp	r2, r5
100050fe:	bf28      	it	cs
10005100:	462a      	movcs	r2, r5
10005102:	4c0b      	ldr	r4, [pc, #44]	@ (10005130 <tud_cdc_n_write+0x3c>)
10005104:	b292      	uxth	r2, r2
10005106:	fb03 4400 	mla	r4, r3, r0, r4
1000510a:	4605      	mov	r5, r0
1000510c:	4620      	mov	r0, r4
1000510e:	f000 fe0f 	bl	10005d30 <tu_fifo_write_n>
10005112:	4603      	mov	r3, r0
10005114:	4620      	mov	r0, r4
10005116:	461c      	mov	r4, r3
10005118:	f000 fcd6 	bl	10005ac8 <tu_fifo_count>
1000511c:	283f      	cmp	r0, #63	@ 0x3f
1000511e:	d801      	bhi.n	10005124 <tud_cdc_n_write+0x30>
10005120:	4620      	mov	r0, r4
10005122:	bd38      	pop	{r3, r4, r5, pc}
10005124:	4628      	mov	r0, r5
10005126:	f7ff ff9f 	bl	10005068 <tud_cdc_n_write_flush>
1000512a:	4620      	mov	r0, r4
1000512c:	bd38      	pop	{r3, r4, r5, pc}
1000512e:	bf00      	nop
10005130:	200014f4 	.word	0x200014f4

10005134 <tud_cdc_n_write_available>:
10005134:	22c8      	movs	r2, #200	@ 0xc8
10005136:	b508      	push	{r3, lr}
10005138:	4b02      	ldr	r3, [pc, #8]	@ (10005144 <tud_cdc_n_write_available+0x10>)
1000513a:	fb02 3000 	mla	r0, r2, r0, r3
1000513e:	f000 fcdd 	bl	10005afc <tu_fifo_remaining>
10005142:	bd08      	pop	{r3, pc}
10005144:	200014f4 	.word	0x200014f4

10005148 <cdcd_init>:
10005148:	b5f0      	push	{r4, r5, r6, r7, lr}
1000514a:	2400      	movs	r4, #0
1000514c:	b083      	sub	sp, #12
1000514e:	22c8      	movs	r2, #200	@ 0xc8
10005150:	2100      	movs	r1, #0
10005152:	4817      	ldr	r0, [pc, #92]	@ (100051b0 <cdcd_init+0x68>)
10005154:	f001 fdb2 	bl	10006cbc <memset>
10005158:	23ff      	movs	r3, #255	@ 0xff
1000515a:	f44f 31e1 	mov.w	r1, #115200	@ 0x1c200
1000515e:	2208      	movs	r2, #8
10005160:	4814      	ldr	r0, [pc, #80]	@ (100051b4 <cdcd_init+0x6c>)
10005162:	7004      	strb	r4, [r0, #0]
10005164:	4812      	ldr	r0, [pc, #72]	@ (100051b0 <cdcd_init+0x68>)
10005166:	9400      	str	r4, [sp, #0]
10005168:	4607      	mov	r7, r0
1000516a:	7143      	strb	r3, [r0, #5]
1000516c:	6081      	str	r1, [r0, #8]
1000516e:	7382      	strb	r2, [r0, #14]
10005170:	f100 0138 	add.w	r1, r0, #56	@ 0x38
10005174:	2301      	movs	r3, #1
10005176:	2240      	movs	r2, #64	@ 0x40
10005178:	3010      	adds	r0, #16
1000517a:	f000 fc75 	bl	10005a68 <tu_fifo_config>
1000517e:	2301      	movs	r3, #1
10005180:	2240      	movs	r2, #64	@ 0x40
10005182:	f107 0178 	add.w	r1, r7, #120	@ 0x78
10005186:	9300      	str	r3, [sp, #0]
10005188:	f107 06b8 	add.w	r6, r7, #184	@ 0xb8
1000518c:	f107 0024 	add.w	r0, r7, #36	@ 0x24
10005190:	f000 fc6a 	bl	10005a68 <tu_fifo_config>
10005194:	f107 05c0 	add.w	r5, r7, #192	@ 0xc0
10005198:	4630      	mov	r0, r6
1000519a:	f7fb fd07 	bl	10000bac <mutex_init>
1000519e:	4628      	mov	r0, r5
100051a0:	f7fb fd04 	bl	10000bac <mutex_init>
100051a4:	e9c7 4607 	strd	r4, r6, [r7, #28]
100051a8:	e9c7 540c 	strd	r5, r4, [r7, #48]	@ 0x30
100051ac:	b003      	add	sp, #12
100051ae:	bdf0      	pop	{r4, r5, r6, r7, pc}
100051b0:	200014d0 	.word	0x200014d0
100051b4:	200014cc 	.word	0x200014cc

100051b8 <cdcd_deinit>:
100051b8:	4a0a      	ldr	r2, [pc, #40]	@ (100051e4 <cdcd_deinit+0x2c>)
100051ba:	6b11      	ldr	r1, [r2, #48]	@ 0x30
100051bc:	6a13      	ldr	r3, [r2, #32]
100051be:	b161      	cbz	r1, 100051da <cdcd_deinit+0x22>
100051c0:	b13b      	cbz	r3, 100051d2 <cdcd_deinit+0x1a>
100051c2:	2300      	movs	r3, #0
100051c4:	e9c2 330c 	strd	r3, r3, [r2, #48]	@ 0x30
100051c8:	61d3      	str	r3, [r2, #28]
100051ca:	2300      	movs	r3, #0
100051cc:	6213      	str	r3, [r2, #32]
100051ce:	2001      	movs	r0, #1
100051d0:	4770      	bx	lr
100051d2:	2001      	movs	r0, #1
100051d4:	e9c2 330c 	strd	r3, r3, [r2, #48]	@ 0x30
100051d8:	4770      	bx	lr
100051da:	2b00      	cmp	r3, #0
100051dc:	d0f7      	beq.n	100051ce <cdcd_deinit+0x16>
100051de:	61d1      	str	r1, [r2, #28]
100051e0:	e7f3      	b.n	100051ca <cdcd_deinit+0x12>
100051e2:	bf00      	nop
100051e4:	200014d0 	.word	0x200014d0

100051e8 <cdcd_reset>:
100051e8:	2200      	movs	r2, #0
100051ea:	b510      	push	{r4, lr}
100051ec:	4c0e      	ldr	r4, [pc, #56]	@ (10005228 <cdcd_reset+0x40>)
100051ee:	480f      	ldr	r0, [pc, #60]	@ (1000522c <cdcd_reset+0x44>)
100051f0:	7823      	ldrb	r3, [r4, #0]
100051f2:	6002      	str	r2, [r0, #0]
100051f4:	7102      	strb	r2, [r0, #4]
100051f6:	07da      	lsls	r2, r3, #31
100051f8:	d507      	bpl.n	1000520a <cdcd_reset+0x22>
100051fa:	079b      	lsls	r3, r3, #30
100051fc:	d50b      	bpl.n	10005216 <cdcd_reset+0x2e>
100051fe:	e8bd 4010 	ldmia.w	sp!, {r4, lr}
10005202:	2101      	movs	r1, #1
10005204:	480a      	ldr	r0, [pc, #40]	@ (10005230 <cdcd_reset+0x48>)
10005206:	f000 be5d 	b.w	10005ec4 <tu_fifo_set_overwritable>
1000520a:	3010      	adds	r0, #16
1000520c:	f000 fe3e 	bl	10005e8c <tu_fifo_clear>
10005210:	7823      	ldrb	r3, [r4, #0]
10005212:	079b      	lsls	r3, r3, #30
10005214:	d4f3      	bmi.n	100051fe <cdcd_reset+0x16>
10005216:	4806      	ldr	r0, [pc, #24]	@ (10005230 <cdcd_reset+0x48>)
10005218:	f000 fe38 	bl	10005e8c <tu_fifo_clear>
1000521c:	e8bd 4010 	ldmia.w	sp!, {r4, lr}
10005220:	2101      	movs	r1, #1
10005222:	4803      	ldr	r0, [pc, #12]	@ (10005230 <cdcd_reset+0x48>)
10005224:	f000 be4e 	b.w	10005ec4 <tu_fifo_set_overwritable>
10005228:	200014cc 	.word	0x200014cc
1000522c:	200014d0 	.word	0x200014d0
10005230:	200014f4 	.word	0x200014f4

10005234 <cdcd_open>:
10005234:	b5f0      	push	{r4, r5, r6, r7, lr}
10005236:	794b      	ldrb	r3, [r1, #5]
10005238:	b083      	sub	sp, #12
1000523a:	2b02      	cmp	r3, #2
1000523c:	d102      	bne.n	10005244 <cdcd_open+0x10>
1000523e:	798b      	ldrb	r3, [r1, #6]
10005240:	2b02      	cmp	r3, #2
10005242:	d003      	beq.n	1000524c <cdcd_open+0x18>
10005244:	2500      	movs	r5, #0
10005246:	4628      	mov	r0, r5
10005248:	b003      	add	sp, #12
1000524a:	bdf0      	pop	{r4, r5, r6, r7, pc}
1000524c:	4f27      	ldr	r7, [pc, #156]	@ (100052ec <cdcd_open+0xb8>)
1000524e:	78bb      	ldrb	r3, [r7, #2]
10005250:	b13b      	cbz	r3, 10005262 <cdcd_open+0x2e>
10005252:	f04f 23e0 	mov.w	r3, #3758153728	@ 0xe000e000
10005256:	f8d3 3df0 	ldr.w	r3, [r3, #3568]	@ 0xdf0
1000525a:	07db      	lsls	r3, r3, #31
1000525c:	d5f2      	bpl.n	10005244 <cdcd_open+0x10>
1000525e:	be00      	bkpt	0x0000
10005260:	e7f0      	b.n	10005244 <cdcd_open+0x10>
10005262:	788b      	ldrb	r3, [r1, #2]
10005264:	4606      	mov	r6, r0
10005266:	703b      	strb	r3, [r7, #0]
10005268:	780b      	ldrb	r3, [r1, #0]
1000526a:	18cc      	adds	r4, r1, r3
1000526c:	7861      	ldrb	r1, [r4, #1]
1000526e:	2924      	cmp	r1, #36	@ 0x24
10005270:	bf08      	it	eq
10005272:	2509      	moveq	r5, #9
10005274:	d007      	beq.n	10005286 <cdcd_open+0x52>
10005276:	e036      	b.n	100052e6 <cdcd_open+0xb2>
10005278:	7823      	ldrb	r3, [r4, #0]
1000527a:	441c      	add	r4, r3
1000527c:	7861      	ldrb	r1, [r4, #1]
1000527e:	442b      	add	r3, r5
10005280:	2924      	cmp	r1, #36	@ 0x24
10005282:	b29d      	uxth	r5, r3
10005284:	d107      	bne.n	10005296 <cdcd_open+0x62>
10005286:	42aa      	cmp	r2, r5
10005288:	d2f6      	bcs.n	10005278 <cdcd_open+0x44>
1000528a:	2000      	movs	r0, #0
1000528c:	f7ff fe4a 	bl	10004f24 <_prep_out_transaction.isra.0>
10005290:	4628      	mov	r0, r5
10005292:	b003      	add	sp, #12
10005294:	bdf0      	pop	{r4, r5, r6, r7, pc}
10005296:	460b      	mov	r3, r1
10005298:	2905      	cmp	r1, #5
1000529a:	d016      	beq.n	100052ca <cdcd_open+0x96>
1000529c:	2b04      	cmp	r3, #4
1000529e:	d1f4      	bne.n	1000528a <cdcd_open+0x56>
100052a0:	7963      	ldrb	r3, [r4, #5]
100052a2:	2b0a      	cmp	r3, #10
100052a4:	d1f1      	bne.n	1000528a <cdcd_open+0x56>
100052a6:	4b12      	ldr	r3, [pc, #72]	@ (100052f0 <cdcd_open+0xbc>)
100052a8:	7827      	ldrb	r7, [r4, #0]
100052aa:	9301      	str	r3, [sp, #4]
100052ac:	3301      	adds	r3, #1
100052ae:	9300      	str	r3, [sp, #0]
100052b0:	2302      	movs	r3, #2
100052b2:	4630      	mov	r0, r6
100052b4:	461a      	mov	r2, r3
100052b6:	19e1      	adds	r1, r4, r7
100052b8:	f7ff fc58 	bl	10004b6c <usbd_open_edpt_pair>
100052bc:	2800      	cmp	r0, #0
100052be:	d0c8      	beq.n	10005252 <cdcd_open+0x1e>
100052c0:	350e      	adds	r5, #14
100052c2:	fa17 f585 	uxtah	r5, r7, r5
100052c6:	b2ad      	uxth	r5, r5
100052c8:	e7df      	b.n	1000528a <cdcd_open+0x56>
100052ca:	4621      	mov	r1, r4
100052cc:	4630      	mov	r0, r6
100052ce:	f7ff fc9b 	bl	10004c08 <usbd_edpt_open>
100052d2:	2800      	cmp	r0, #0
100052d4:	d0bd      	beq.n	10005252 <cdcd_open+0x1e>
100052d6:	78a3      	ldrb	r3, [r4, #2]
100052d8:	707b      	strb	r3, [r7, #1]
100052da:	7823      	ldrb	r3, [r4, #0]
100052dc:	195a      	adds	r2, r3, r5
100052de:	441c      	add	r4, r3
100052e0:	7863      	ldrb	r3, [r4, #1]
100052e2:	b295      	uxth	r5, r2
100052e4:	e7da      	b.n	1000529c <cdcd_open+0x68>
100052e6:	460b      	mov	r3, r1
100052e8:	2509      	movs	r5, #9
100052ea:	e7d5      	b.n	10005298 <cdcd_open+0x64>
100052ec:	200014d0 	.word	0x200014d0
100052f0:	200014d2 	.word	0x200014d2

100052f4 <cdcd_control_xfer_cb>:
100052f4:	7813      	ldrb	r3, [r2, #0]
100052f6:	f003 0360 	and.w	r3, r3, #96	@ 0x60
100052fa:	2b20      	cmp	r3, #32
100052fc:	d108      	bne.n	10005310 <cdcd_control_xfer_cb+0x1c>
100052fe:	b570      	push	{r4, r5, r6, lr}
10005300:	4c26      	ldr	r4, [pc, #152]	@ (1000539c <cdcd_control_xfer_cb+0xa8>)
10005302:	8893      	ldrh	r3, [r2, #4]
10005304:	f894 c000 	ldrb.w	ip, [r4]
10005308:	459c      	cmp	ip, r3
1000530a:	d003      	beq.n	10005314 <cdcd_control_xfer_cb+0x20>
1000530c:	2000      	movs	r0, #0
1000530e:	bd70      	pop	{r4, r5, r6, pc}
10005310:	2000      	movs	r0, #0
10005312:	4770      	bx	lr
10005314:	7853      	ldrb	r3, [r2, #1]
10005316:	3b20      	subs	r3, #32
10005318:	2b03      	cmp	r3, #3
1000531a:	d8f7      	bhi.n	1000530c <cdcd_control_xfer_cb+0x18>
1000531c:	e8df f003 	tbb	[pc, r3]
10005320:	020d2327 	.word	0x020d2327
10005324:	2901      	cmp	r1, #1
10005326:	d02e      	beq.n	10005386 <cdcd_control_xfer_cb+0x92>
10005328:	2903      	cmp	r1, #3
1000532a:	d11e      	bne.n	1000536a <cdcd_control_xfer_cb+0x76>
1000532c:	4b1c      	ldr	r3, [pc, #112]	@ (100053a0 <cdcd_control_xfer_cb+0xac>)
1000532e:	b1e3      	cbz	r3, 1000536a <cdcd_control_xfer_cb+0x76>
10005330:	2000      	movs	r0, #0
10005332:	8851      	ldrh	r1, [r2, #2]
10005334:	f3af 8000 	nop.w
10005338:	e017      	b.n	1000536a <cdcd_control_xfer_cb+0x76>
1000533a:	2901      	cmp	r1, #1
1000533c:	d023      	beq.n	10005386 <cdcd_control_xfer_cb+0x92>
1000533e:	2903      	cmp	r1, #3
10005340:	d113      	bne.n	1000536a <cdcd_control_xfer_cb+0x76>
10005342:	8855      	ldrh	r5, [r2, #2]
10005344:	4817      	ldr	r0, [pc, #92]	@ (100053a4 <cdcd_control_xfer_cb+0xb0>)
10005346:	f005 0601 	and.w	r6, r5, #1
1000534a:	f086 0101 	eor.w	r1, r6, #1
1000534e:	7125      	strb	r5, [r4, #4]
10005350:	f000 fdb8 	bl	10005ec4 <tu_fifo_set_overwritable>
10005354:	4b14      	ldr	r3, [pc, #80]	@ (100053a8 <cdcd_control_xfer_cb+0xb4>)
10005356:	b143      	cbz	r3, 1000536a <cdcd_control_xfer_cb+0x76>
10005358:	4631      	mov	r1, r6
1000535a:	2000      	movs	r0, #0
1000535c:	f3c5 0240 	ubfx	r2, r5, #1, #1
10005360:	f3af 8000 	nop.w
10005364:	e001      	b.n	1000536a <cdcd_control_xfer_cb+0x76>
10005366:	2901      	cmp	r1, #1
10005368:	d011      	beq.n	1000538e <cdcd_control_xfer_cb+0x9a>
1000536a:	2001      	movs	r0, #1
1000536c:	bd70      	pop	{r4, r5, r6, pc}
1000536e:	2901      	cmp	r1, #1
10005370:	d00d      	beq.n	1000538e <cdcd_control_xfer_cb+0x9a>
10005372:	2903      	cmp	r1, #3
10005374:	d1f9      	bne.n	1000536a <cdcd_control_xfer_cb+0x76>
10005376:	4b0d      	ldr	r3, [pc, #52]	@ (100053ac <cdcd_control_xfer_cb+0xb8>)
10005378:	2b00      	cmp	r3, #0
1000537a:	d0f6      	beq.n	1000536a <cdcd_control_xfer_cb+0x76>
1000537c:	2000      	movs	r0, #0
1000537e:	490c      	ldr	r1, [pc, #48]	@ (100053b0 <cdcd_control_xfer_cb+0xbc>)
10005380:	f7fe faac 	bl	100038dc <tud_cdc_line_coding_cb>
10005384:	e7f1      	b.n	1000536a <cdcd_control_xfer_cb+0x76>
10005386:	4611      	mov	r1, r2
10005388:	f7ff fcbc 	bl	10004d04 <tud_control_status>
1000538c:	e7ed      	b.n	1000536a <cdcd_control_xfer_cb+0x76>
1000538e:	4611      	mov	r1, r2
10005390:	2307      	movs	r3, #7
10005392:	4a07      	ldr	r2, [pc, #28]	@ (100053b0 <cdcd_control_xfer_cb+0xbc>)
10005394:	f7ff fcd0 	bl	10004d38 <tud_control_xfer>
10005398:	e7e7      	b.n	1000536a <cdcd_control_xfer_cb+0x76>
1000539a:	bf00      	nop
1000539c:	200014d0 	.word	0x200014d0
100053a0:	00000000 	.word	0x00000000
100053a4:	200014f4 	.word	0x200014f4
100053a8:	00000000 	.word	0x00000000
100053ac:	100038dd 	.word	0x100038dd
100053b0:	200014d8 	.word	0x200014d8

100053b4 <cdcd_xfer_cb>:
100053b4:	e92d 43f8 	stmdb	sp!, {r3, r4, r5, r6, r7, r8, r9, lr}
100053b8:	4e35      	ldr	r6, [pc, #212]	@ (10005490 <cdcd_xfer_cb+0xdc>)
100053ba:	460c      	mov	r4, r1
100053bc:	78f2      	ldrb	r2, [r6, #3]
100053be:	4607      	mov	r7, r0
100053c0:	428a      	cmp	r2, r1
100053c2:	461d      	mov	r5, r3
100053c4:	d03d      	beq.n	10005442 <cdcd_xfer_cb+0x8e>
100053c6:	78b3      	ldrb	r3, [r6, #2]
100053c8:	428b      	cmp	r3, r1
100053ca:	d012      	beq.n	100053f2 <cdcd_xfer_cb+0x3e>
100053cc:	f04f 23e0 	mov.w	r3, #3758153728	@ 0xe000e000
100053d0:	f8d3 3df0 	ldr.w	r3, [r3, #3568]	@ 0xdf0
100053d4:	07db      	lsls	r3, r3, #31
100053d6:	d432      	bmi.n	1000543e <cdcd_xfer_cb+0x8a>
100053d8:	2000      	movs	r0, #0
100053da:	e8bd 83f8 	ldmia.w	sp!, {r3, r4, r5, r6, r7, r8, r9, pc}
100053de:	4b2d      	ldr	r3, [pc, #180]	@ (10005494 <cdcd_xfer_cb+0xe0>)
100053e0:	b123      	cbz	r3, 100053ec <cdcd_xfer_cb+0x38>
100053e2:	482d      	ldr	r0, [pc, #180]	@ (10005498 <cdcd_xfer_cb+0xe4>)
100053e4:	f000 fb80 	bl	10005ae8 <tu_fifo_empty>
100053e8:	2800      	cmp	r0, #0
100053ea:	d04d      	beq.n	10005488 <cdcd_xfer_cb+0xd4>
100053ec:	2000      	movs	r0, #0
100053ee:	f7ff fd99 	bl	10004f24 <_prep_out_transaction.isra.0>
100053f2:	78b3      	ldrb	r3, [r6, #2]
100053f4:	42a3      	cmp	r3, r4
100053f6:	d001      	beq.n	100053fc <cdcd_xfer_cb+0x48>
100053f8:	2001      	movs	r0, #1
100053fa:	e7ee      	b.n	100053da <cdcd_xfer_cb+0x26>
100053fc:	4b27      	ldr	r3, [pc, #156]	@ (1000549c <cdcd_xfer_cb+0xe8>)
100053fe:	b113      	cbz	r3, 10005406 <cdcd_xfer_cb+0x52>
10005400:	2000      	movs	r0, #0
10005402:	f3af 8000 	nop.w
10005406:	2000      	movs	r0, #0
10005408:	f7ff fe2e 	bl	10005068 <tud_cdc_n_write_flush>
1000540c:	2800      	cmp	r0, #0
1000540e:	d1f3      	bne.n	100053f8 <cdcd_xfer_cb+0x44>
10005410:	4823      	ldr	r0, [pc, #140]	@ (100054a0 <cdcd_xfer_cb+0xec>)
10005412:	f000 fb59 	bl	10005ac8 <tu_fifo_count>
10005416:	2800      	cmp	r0, #0
10005418:	d1ee      	bne.n	100053f8 <cdcd_xfer_cb+0x44>
1000541a:	2d00      	cmp	r5, #0
1000541c:	d0ec      	beq.n	100053f8 <cdcd_xfer_cb+0x44>
1000541e:	f015 053f 	ands.w	r5, r5, #63	@ 0x3f
10005422:	d1e9      	bne.n	100053f8 <cdcd_xfer_cb+0x44>
10005424:	4638      	mov	r0, r7
10005426:	78b1      	ldrb	r1, [r6, #2]
10005428:	f7ff fc10 	bl	10004c4c <usbd_edpt_claim>
1000542c:	2800      	cmp	r0, #0
1000542e:	d0e3      	beq.n	100053f8 <cdcd_xfer_cb+0x44>
10005430:	462b      	mov	r3, r5
10005432:	462a      	mov	r2, r5
10005434:	4638      	mov	r0, r7
10005436:	78b1      	ldrb	r1, [r6, #2]
10005438:	f7ff fc2c 	bl	10004c94 <usbd_edpt_xfer>
1000543c:	e7dc      	b.n	100053f8 <cdcd_xfer_cb+0x44>
1000543e:	be00      	bkpt	0x0000
10005440:	e7ca      	b.n	100053d8 <cdcd_xfer_cb+0x24>
10005442:	b29a      	uxth	r2, r3
10005444:	4917      	ldr	r1, [pc, #92]	@ (100054a4 <cdcd_xfer_cb+0xf0>)
10005446:	f106 0010 	add.w	r0, r6, #16
1000544a:	f000 fc71 	bl	10005d30 <tu_fifo_write_n>
1000544e:	4b16      	ldr	r3, [pc, #88]	@ (100054a8 <cdcd_xfer_cb+0xf4>)
10005450:	2b00      	cmp	r3, #0
10005452:	d0c4      	beq.n	100053de <cdcd_xfer_cb+0x2a>
10005454:	7973      	ldrb	r3, [r6, #5]
10005456:	2bff      	cmp	r3, #255	@ 0xff
10005458:	d0c1      	beq.n	100053de <cdcd_xfer_cb+0x2a>
1000545a:	2d00      	cmp	r5, #0
1000545c:	d0bf      	beq.n	100053de <cdcd_xfer_cb+0x2a>
1000545e:	f8df 8044 	ldr.w	r8, [pc, #68]	@ 100054a4 <cdcd_xfer_cb+0xf0>
10005462:	eb08 0905 	add.w	r9, r8, r5
10005466:	e002      	b.n	1000546e <cdcd_xfer_cb+0xba>
10005468:	45c8      	cmp	r8, r9
1000546a:	d0b8      	beq.n	100053de <cdcd_xfer_cb+0x2a>
1000546c:	7973      	ldrb	r3, [r6, #5]
1000546e:	f818 2b01 	ldrb.w	r2, [r8], #1
10005472:	429a      	cmp	r2, r3
10005474:	d1f8      	bne.n	10005468 <cdcd_xfer_cb+0xb4>
10005476:	4808      	ldr	r0, [pc, #32]	@ (10005498 <cdcd_xfer_cb+0xe4>)
10005478:	f000 fb36 	bl	10005ae8 <tu_fifo_empty>
1000547c:	2800      	cmp	r0, #0
1000547e:	d1f3      	bne.n	10005468 <cdcd_xfer_cb+0xb4>
10005480:	7971      	ldrb	r1, [r6, #5]
10005482:	f3af 8000 	nop.w
10005486:	e7ef      	b.n	10005468 <cdcd_xfer_cb+0xb4>
10005488:	f3af 8000 	nop.w
1000548c:	e7ae      	b.n	100053ec <cdcd_xfer_cb+0x38>
1000548e:	bf00      	nop
10005490:	200014d0 	.word	0x200014d0
10005494:	00000000 	.word	0x00000000
10005498:	200014e0 	.word	0x200014e0
1000549c:	00000000 	.word	0x00000000
100054a0:	200014f4 	.word	0x200014f4
100054a4:	2000144c 	.word	0x2000144c
100054a8:	00000000 	.word	0x00000000

100054ac <vendord_init>:
100054ac:	b5f0      	push	{r4, r5, r6, r7, lr}
100054ae:	f44f 7213 	mov.w	r2, #588	@ 0x24c
100054b2:	b085      	sub	sp, #20
100054b4:	2100      	movs	r1, #0
100054b6:	4812      	ldr	r0, [pc, #72]	@ (10005500 <vendord_init+0x54>)
100054b8:	f001 fc00 	bl	10006cbc <memset>
100054bc:	2640      	movs	r6, #64	@ 0x40
100054be:	2300      	movs	r3, #0
100054c0:	f44f 7580 	mov.w	r5, #256	@ 0x100
100054c4:	4f0e      	ldr	r7, [pc, #56]	@ (10005500 <vendord_init+0x54>)
100054c6:	4c0f      	ldr	r4, [pc, #60]	@ (10005504 <vendord_init+0x58>)
100054c8:	f507 72a6 	add.w	r2, r7, #332	@ 0x14c
100054cc:	4619      	mov	r1, r3
100054ce:	e9cd 4602 	strd	r4, r6, [sp, #8]
100054d2:	9200      	str	r2, [sp, #0]
100054d4:	9501      	str	r5, [sp, #4]
100054d6:	461a      	mov	r2, r3
100054d8:	f507 7094 	add.w	r0, r7, #296	@ 0x128
100054dc:	f000 f9c6 	bl	1000586c <tu_edpt_stream_init>
100054e0:	2300      	movs	r3, #0
100054e2:	4638      	mov	r0, r7
100054e4:	f107 0128 	add.w	r1, r7, #40	@ 0x28
100054e8:	4434      	add	r4, r6
100054ea:	9100      	str	r1, [sp, #0]
100054ec:	2201      	movs	r2, #1
100054ee:	4619      	mov	r1, r3
100054f0:	e9cd 4602 	strd	r4, r6, [sp, #8]
100054f4:	9501      	str	r5, [sp, #4]
100054f6:	3004      	adds	r0, #4
100054f8:	f000 f9b8 	bl	1000586c <tu_edpt_stream_init>
100054fc:	b005      	add	sp, #20
100054fe:	bdf0      	pop	{r4, r5, r6, r7, pc}
10005500:	200017b4 	.word	0x200017b4
10005504:	20001734 	.word	0x20001734

10005508 <vendord_deinit>:
10005508:	b508      	push	{r3, lr}
1000550a:	4805      	ldr	r0, [pc, #20]	@ (10005520 <vendord_deinit+0x18>)
1000550c:	f000 f9da 	bl	100058c4 <tu_edpt_stream_deinit>
10005510:	4b03      	ldr	r3, [pc, #12]	@ (10005520 <vendord_deinit+0x18>)
10005512:	f5a3 7092 	sub.w	r0, r3, #292	@ 0x124
10005516:	f000 f9d5 	bl	100058c4 <tu_edpt_stream_deinit>
1000551a:	2001      	movs	r0, #1
1000551c:	bd08      	pop	{r3, pc}
1000551e:	bf00      	nop
10005520:	200018dc 	.word	0x200018dc

10005524 <vendord_reset>:
10005524:	b538      	push	{r3, r4, r5, lr}
10005526:	2500      	movs	r5, #0
10005528:	4c06      	ldr	r4, [pc, #24]	@ (10005544 <vendord_reset+0x20>)
1000552a:	f504 7098 	add.w	r0, r4, #304	@ 0x130
1000552e:	7025      	strb	r5, [r4, #0]
10005530:	f000 fcac 	bl	10005e8c <tu_fifo_clear>
10005534:	f104 000c 	add.w	r0, r4, #12
10005538:	f000 fca8 	bl	10005e8c <tu_fifo_clear>
1000553c:	f884 5129 	strb.w	r5, [r4, #297]	@ 0x129
10005540:	7165      	strb	r5, [r4, #5]
10005542:	bd38      	pop	{r3, r4, r5, pc}
10005544:	200017b4 	.word	0x200017b4

10005548 <vendord_open>:
10005548:	e92d 43f8 	stmdb	sp!, {r3, r4, r5, r6, r7, r8, r9, lr}
1000554c:	794b      	ldrb	r3, [r1, #5]
1000554e:	2bff      	cmp	r3, #255	@ 0xff
10005550:	d151      	bne.n	100055f6 <vendord_open+0xae>
10005552:	4e35      	ldr	r6, [pc, #212]	@ (10005628 <vendord_open+0xe0>)
10005554:	f896 3129 	ldrb.w	r3, [r6, #297]	@ 0x129
10005558:	2b00      	cmp	r3, #0
1000555a:	d14c      	bne.n	100055f6 <vendord_open+0xae>
1000555c:	f896 8005 	ldrb.w	r8, [r6, #5]
10005560:	f1b8 0f00 	cmp.w	r8, #0
10005564:	d147      	bne.n	100055f6 <vendord_open+0xae>
10005566:	788b      	ldrb	r3, [r1, #2]
10005568:	780c      	ldrb	r4, [r1, #0]
1000556a:	7033      	strb	r3, [r6, #0]
1000556c:	790b      	ldrb	r3, [r1, #4]
1000556e:	460f      	mov	r7, r1
10005570:	440c      	add	r4, r1
10005572:	b3ab      	cbz	r3, 100055e0 <vendord_open+0x98>
10005574:	4681      	mov	r9, r0
10005576:	18a5      	adds	r5, r4, r2
10005578:	e003      	b.n	10005582 <vendord_open+0x3a>
1000557a:	42a5      	cmp	r5, r4
1000557c:	d930      	bls.n	100055e0 <vendord_open+0x98>
1000557e:	7823      	ldrb	r3, [r4, #0]
10005580:	441c      	add	r4, r3
10005582:	7863      	ldrb	r3, [r4, #1]
10005584:	2b05      	cmp	r3, #5
10005586:	d1f8      	bne.n	1000557a <vendord_open+0x32>
10005588:	42ac      	cmp	r4, r5
1000558a:	d229      	bcs.n	100055e0 <vendord_open+0x98>
1000558c:	4621      	mov	r1, r4
1000558e:	4648      	mov	r0, r9
10005590:	f7ff fb3a 	bl	10004c08 <usbd_edpt_open>
10005594:	b340      	cbz	r0, 100055e8 <vendord_open+0xa0>
10005596:	78a3      	ldrb	r3, [r4, #2]
10005598:	09db      	lsrs	r3, r3, #7
1000559a:	d12f      	bne.n	100055fc <vendord_open+0xb4>
1000559c:	4823      	ldr	r0, [pc, #140]	@ (1000562c <vendord_open+0xe4>)
1000559e:	f000 fc75 	bl	10005e8c <tu_fifo_clear>
100055a2:	78a3      	ldrb	r3, [r4, #2]
100055a4:	f896 2128 	ldrb.w	r2, [r6, #296]	@ 0x128
100055a8:	f886 3129 	strb.w	r3, [r6, #297]	@ 0x129
100055ac:	88a3      	ldrh	r3, [r4, #4]
100055ae:	4648      	mov	r0, r9
100055b0:	f3c3 030a 	ubfx	r3, r3, #0, #11
100055b4:	f5a3 7300 	sub.w	r3, r3, #512	@ 0x200
100055b8:	fab3 f383 	clz	r3, r3
100055bc:	095b      	lsrs	r3, r3, #5
100055be:	f363 0241 	bfi	r2, r3, #1, #1
100055c2:	491b      	ldr	r1, [pc, #108]	@ (10005630 <vendord_open+0xe8>)
100055c4:	f886 2128 	strb.w	r2, [r6, #296]	@ 0x128
100055c8:	f000 f9ea 	bl	100059a0 <tu_edpt_stream_read_xfer>
100055cc:	b160      	cbz	r0, 100055e8 <vendord_open+0xa0>
100055ce:	7823      	ldrb	r3, [r4, #0]
100055d0:	793a      	ldrb	r2, [r7, #4]
100055d2:	f108 0801 	add.w	r8, r8, #1
100055d6:	441c      	add	r4, r3
100055d8:	fa5f f388 	uxtb.w	r3, r8
100055dc:	429a      	cmp	r2, r3
100055de:	d8d0      	bhi.n	10005582 <vendord_open+0x3a>
100055e0:	1be1      	subs	r1, r4, r7
100055e2:	b288      	uxth	r0, r1
100055e4:	e8bd 83f8 	ldmia.w	sp!, {r3, r4, r5, r6, r7, r8, r9, pc}
100055e8:	f04f 23e0 	mov.w	r3, #3758153728	@ 0xe000e000
100055ec:	f8d3 3df0 	ldr.w	r3, [r3, #3568]	@ 0xdf0
100055f0:	07db      	lsls	r3, r3, #31
100055f2:	d500      	bpl.n	100055f6 <vendord_open+0xae>
100055f4:	be00      	bkpt	0x0000
100055f6:	2000      	movs	r0, #0
100055f8:	e8bd 83f8 	ldmia.w	sp!, {r3, r4, r5, r6, r7, r8, r9, pc}
100055fc:	480d      	ldr	r0, [pc, #52]	@ (10005634 <vendord_open+0xec>)
100055fe:	f000 fc45 	bl	10005e8c <tu_fifo_clear>
10005602:	78a3      	ldrb	r3, [r4, #2]
10005604:	7932      	ldrb	r2, [r6, #4]
10005606:	7173      	strb	r3, [r6, #5]
10005608:	88a3      	ldrh	r3, [r4, #4]
1000560a:	490b      	ldr	r1, [pc, #44]	@ (10005638 <vendord_open+0xf0>)
1000560c:	f3c3 030a 	ubfx	r3, r3, #0, #11
10005610:	f5a3 7300 	sub.w	r3, r3, #512	@ 0x200
10005614:	fab3 f383 	clz	r3, r3
10005618:	095b      	lsrs	r3, r3, #5
1000561a:	f363 0241 	bfi	r2, r3, #1, #1
1000561e:	2000      	movs	r0, #0
10005620:	7132      	strb	r2, [r6, #4]
10005622:	f000 f985 	bl	10005930 <tu_edpt_stream_write_xfer>
10005626:	e7d2      	b.n	100055ce <vendord_open+0x86>
10005628:	200017b4 	.word	0x200017b4
1000562c:	200018e4 	.word	0x200018e4
10005630:	200018dc 	.word	0x200018dc
10005634:	200017c0 	.word	0x200017c0
10005638:	200017b8 	.word	0x200017b8

1000563c <vendord_xfer_cb>:
1000563c:	b570      	push	{r4, r5, r6, lr}
1000563e:	4c1b      	ldr	r4, [pc, #108]	@ (100056ac <vendord_xfer_cb+0x70>)
10005640:	4606      	mov	r6, r0
10005642:	f894 c129 	ldrb.w	ip, [r4, #297]	@ 0x129
10005646:	461d      	mov	r5, r3
10005648:	458c      	cmp	ip, r1
1000564a:	d011      	beq.n	10005670 <vendord_xfer_cb+0x34>
1000564c:	7963      	ldrb	r3, [r4, #5]
1000564e:	428b      	cmp	r3, r1
10005650:	d001      	beq.n	10005656 <vendord_xfer_cb+0x1a>
10005652:	2000      	movs	r0, #0
10005654:	bd70      	pop	{r4, r5, r6, pc}
10005656:	4b16      	ldr	r3, [pc, #88]	@ (100056b0 <vendord_xfer_cb+0x74>)
10005658:	b11b      	cbz	r3, 10005662 <vendord_xfer_cb+0x26>
1000565a:	2000      	movs	r0, #0
1000565c:	b2a9      	uxth	r1, r5
1000565e:	f3af 8000 	nop.w
10005662:	4630      	mov	r0, r6
10005664:	4913      	ldr	r1, [pc, #76]	@ (100056b4 <vendord_xfer_cb+0x78>)
10005666:	f000 f963 	bl	10005930 <tu_edpt_stream_write_xfer>
1000566a:	b1c8      	cbz	r0, 100056a0 <vendord_xfer_cb+0x64>
1000566c:	2001      	movs	r0, #1
1000566e:	bd70      	pop	{r4, r5, r6, pc}
10005670:	f8b4 3134 	ldrh.w	r3, [r4, #308]	@ 0x134
10005674:	b963      	cbnz	r3, 10005690 <vendord_xfer_cb+0x54>
10005676:	4b10      	ldr	r3, [pc, #64]	@ (100056b8 <vendord_xfer_cb+0x7c>)
10005678:	b123      	cbz	r3, 10005684 <vendord_xfer_cb+0x48>
1000567a:	2000      	movs	r0, #0
1000567c:	490f      	ldr	r1, [pc, #60]	@ (100056bc <vendord_xfer_cb+0x80>)
1000567e:	b2aa      	uxth	r2, r5
10005680:	f3af 8000 	nop.w
10005684:	4630      	mov	r0, r6
10005686:	490e      	ldr	r1, [pc, #56]	@ (100056c0 <vendord_xfer_cb+0x84>)
10005688:	f000 f98a 	bl	100059a0 <tu_edpt_stream_read_xfer>
1000568c:	2001      	movs	r0, #1
1000568e:	e7ee      	b.n	1000566e <vendord_xfer_cb+0x32>
10005690:	f8d4 112c 	ldr.w	r1, [r4, #300]	@ 0x12c
10005694:	b2aa      	uxth	r2, r5
10005696:	f504 7098 	add.w	r0, r4, #304	@ 0x130
1000569a:	f000 fb49 	bl	10005d30 <tu_fifo_write_n>
1000569e:	e7ea      	b.n	10005676 <vendord_xfer_cb+0x3a>
100056a0:	462a      	mov	r2, r5
100056a2:	4630      	mov	r0, r6
100056a4:	4903      	ldr	r1, [pc, #12]	@ (100056b4 <vendord_xfer_cb+0x78>)
100056a6:	f000 f90f 	bl	100058c8 <tu_edpt_stream_write_zlp_if_needed>
100056aa:	e7df      	b.n	1000566c <vendord_xfer_cb+0x30>
100056ac:	200017b4 	.word	0x200017b4
100056b0:	00000000 	.word	0x00000000
100056b4:	200017b8 	.word	0x200017b8
100056b8:	00000000 	.word	0x00000000
100056bc:	20001734 	.word	0x20001734
100056c0:	200018dc 	.word	0x200018dc

100056c4 <tusb_rhport_init>:
100056c4:	b510      	push	{r4, lr}
100056c6:	b082      	sub	sp, #8
100056c8:	b1c9      	cbz	r1, 100056fe <tusb_rhport_init+0x3a>
100056ca:	2801      	cmp	r0, #1
100056cc:	d80c      	bhi.n	100056e8 <tusb_rhport_init+0x24>
100056ce:	780b      	ldrb	r3, [r1, #0]
100056d0:	b153      	cbz	r3, 100056e8 <tusb_rhport_init+0x24>
100056d2:	4c14      	ldr	r4, [pc, #80]	@ (10005724 <tusb_rhport_init+0x60>)
100056d4:	2b01      	cmp	r3, #1
100056d6:	5423      	strb	r3, [r4, r0]
100056d8:	d002      	beq.n	100056e0 <tusb_rhport_init+0x1c>
100056da:	2001      	movs	r0, #1
100056dc:	b002      	add	sp, #8
100056de:	bd10      	pop	{r4, pc}
100056e0:	f7fe fe08 	bl	100042f4 <tud_rhport_init>
100056e4:	2800      	cmp	r0, #0
100056e6:	d1f8      	bne.n	100056da <tusb_rhport_init+0x16>
100056e8:	f04f 23e0 	mov.w	r3, #3758153728	@ 0xe000e000
100056ec:	f8d3 3df0 	ldr.w	r3, [r3, #3568]	@ 0xdf0
100056f0:	07db      	lsls	r3, r3, #31
100056f2:	d402      	bmi.n	100056fa <tusb_rhport_init+0x36>
100056f4:	2000      	movs	r0, #0
100056f6:	b002      	add	sp, #8
100056f8:	bd10      	pop	{r4, pc}
100056fa:	be00      	bkpt	0x0000
100056fc:	e7fa      	b.n	100056f4 <tusb_rhport_init+0x30>
100056fe:	2401      	movs	r4, #1
10005700:	4608      	mov	r0, r1
10005702:	a901      	add	r1, sp, #4
10005704:	f8ad 4004 	strh.w	r4, [sp, #4]
10005708:	f7fe fdf4 	bl	100042f4 <tud_rhport_init>
1000570c:	b938      	cbnz	r0, 1000571e <tusb_rhport_init+0x5a>
1000570e:	f04f 23e0 	mov.w	r3, #3758153728	@ 0xe000e000
10005712:	f8d3 3df0 	ldr.w	r3, [r3, #3568]	@ 0xdf0
10005716:	07da      	lsls	r2, r3, #31
10005718:	d5ed      	bpl.n	100056f6 <tusb_rhport_init+0x32>
1000571a:	be00      	bkpt	0x0000
1000571c:	e7eb      	b.n	100056f6 <tusb_rhport_init+0x32>
1000571e:	4b01      	ldr	r3, [pc, #4]	@ (10005724 <tusb_rhport_init+0x60>)
10005720:	701c      	strb	r4, [r3, #0]
10005722:	e7e8      	b.n	100056f6 <tusb_rhport_init+0x32>
10005724:	2000160c 	.word	0x2000160c

10005728 <tu_edpt_claim>:
10005728:	b5f8      	push	{r3, r4, r5, r6, r7, lr}
1000572a:	7803      	ldrb	r3, [r0, #0]
1000572c:	f013 0401 	ands.w	r4, r3, #1
10005730:	d11a      	bne.n	10005768 <tu_edpt_claim+0x40>
10005732:	7803      	ldrb	r3, [r0, #0]
10005734:	4605      	mov	r5, r0
10005736:	075a      	lsls	r2, r3, #29
10005738:	f3c3 0780 	ubfx	r7, r3, #2, #1
1000573c:	d501      	bpl.n	10005742 <tu_edpt_claim+0x1a>
1000573e:	4620      	mov	r0, r4
10005740:	bdf8      	pop	{r3, r4, r5, r6, r7, pc}
10005742:	460e      	mov	r6, r1
10005744:	f04f 31ff 	mov.w	r1, #4294967295
10005748:	4630      	mov	r0, r6
1000574a:	f001 fbb1 	bl	10006eb0 <__mutex_enter_timeout_ms_veneer>
1000574e:	782b      	ldrb	r3, [r5, #0]
10005750:	f013 0401 	ands.w	r4, r3, #1
10005754:	d10b      	bne.n	1000576e <tu_edpt_claim+0x46>
10005756:	782b      	ldrb	r3, [r5, #0]
10005758:	075b      	lsls	r3, r3, #29
1000575a:	d409      	bmi.n	10005770 <tu_edpt_claim+0x48>
1000575c:	782b      	ldrb	r3, [r5, #0]
1000575e:	2401      	movs	r4, #1
10005760:	f043 0304 	orr.w	r3, r3, #4
10005764:	702b      	strb	r3, [r5, #0]
10005766:	e003      	b.n	10005770 <tu_edpt_claim+0x48>
10005768:	2400      	movs	r4, #0
1000576a:	4620      	mov	r0, r4
1000576c:	bdf8      	pop	{r3, r4, r5, r6, r7, pc}
1000576e:	463c      	mov	r4, r7
10005770:	4630      	mov	r0, r6
10005772:	f001 fbad 	bl	10006ed0 <__mutex_exit_veneer>
10005776:	4620      	mov	r0, r4
10005778:	bdf8      	pop	{r3, r4, r5, r6, r7, pc}
1000577a:	bf00      	nop

1000577c <tu_edpt_release>:
1000577c:	b570      	push	{r4, r5, r6, lr}
1000577e:	460c      	mov	r4, r1
10005780:	4605      	mov	r5, r0
10005782:	f04f 31ff 	mov.w	r1, #4294967295
10005786:	4620      	mov	r0, r4
10005788:	f001 fb92 	bl	10006eb0 <__mutex_enter_timeout_ms_veneer>
1000578c:	782b      	ldrb	r3, [r5, #0]
1000578e:	f3c3 0680 	ubfx	r6, r3, #2, #1
10005792:	075b      	lsls	r3, r3, #29
10005794:	d508      	bpl.n	100057a8 <tu_edpt_release+0x2c>
10005796:	782b      	ldrb	r3, [r5, #0]
10005798:	f013 0301 	ands.w	r3, r3, #1
1000579c:	bf11      	iteee	ne
1000579e:	2600      	movne	r6, #0
100057a0:	782a      	ldrbeq	r2, [r5, #0]
100057a2:	f363 0282 	bfieq	r2, r3, #2, #1
100057a6:	702a      	strbeq	r2, [r5, #0]
100057a8:	4620      	mov	r0, r4
100057aa:	f001 fb91 	bl	10006ed0 <__mutex_exit_veneer>
100057ae:	4630      	mov	r0, r6
100057b0:	bd70      	pop	{r4, r5, r6, pc}
100057b2:	bf00      	nop

100057b4 <tu_edpt_validate>:
100057b4:	78c3      	ldrb	r3, [r0, #3]
100057b6:	8882      	ldrh	r2, [r0, #4]
100057b8:	f003 0003 	and.w	r0, r3, #3
100057bc:	2802      	cmp	r0, #2
100057be:	f3c2 020a 	ubfx	r2, r2, #0, #11
100057c2:	d015      	beq.n	100057f0 <tu_edpt_validate+0x3c>
100057c4:	2803      	cmp	r0, #3
100057c6:	d00a      	beq.n	100057de <tu_edpt_validate+0x2a>
100057c8:	2801      	cmp	r0, #1
100057ca:	d11c      	bne.n	10005806 <tu_edpt_validate+0x52>
100057cc:	2902      	cmp	r1, #2
100057ce:	f240 33ff 	movw	r3, #1023	@ 0x3ff
100057d2:	bf08      	it	eq
100057d4:	f44f 6380 	moveq.w	r3, #1024	@ 0x400
100057d8:	4293      	cmp	r3, r2
100057da:	d30d      	bcc.n	100057f8 <tu_edpt_validate+0x44>
100057dc:	4770      	bx	lr
100057de:	2902      	cmp	r1, #2
100057e0:	bf14      	ite	ne
100057e2:	2340      	movne	r3, #64	@ 0x40
100057e4:	f44f 6380 	moveq.w	r3, #1024	@ 0x400
100057e8:	4293      	cmp	r3, r2
100057ea:	d305      	bcc.n	100057f8 <tu_edpt_validate+0x44>
100057ec:	2001      	movs	r0, #1
100057ee:	4770      	bx	lr
100057f0:	2902      	cmp	r1, #2
100057f2:	d00a      	beq.n	1000580a <tu_edpt_validate+0x56>
100057f4:	2a40      	cmp	r2, #64	@ 0x40
100057f6:	d9f9      	bls.n	100057ec <tu_edpt_validate+0x38>
100057f8:	f04f 23e0 	mov.w	r3, #3758153728	@ 0xe000e000
100057fc:	f8d3 3df0 	ldr.w	r3, [r3, #3568]	@ 0xdf0
10005800:	07db      	lsls	r3, r3, #31
10005802:	d500      	bpl.n	10005806 <tu_edpt_validate+0x52>
10005804:	be00      	bkpt	0x0000
10005806:	2000      	movs	r0, #0
10005808:	4770      	bx	lr
1000580a:	f5b2 7f00 	cmp.w	r2, #512	@ 0x200
1000580e:	d0ed      	beq.n	100057ec <tu_edpt_validate+0x38>
10005810:	e7f2      	b.n	100057f8 <tu_edpt_validate+0x44>
10005812:	bf00      	nop

10005814 <tu_edpt_bind_driver>:
10005814:	440a      	add	r2, r1
10005816:	4291      	cmp	r1, r2
10005818:	d226      	bcs.n	10005868 <tu_edpt_bind_driver+0x54>
1000581a:	f891 c001 	ldrb.w	ip, [r1, #1]
1000581e:	f1bc 0f05 	cmp.w	ip, #5
10005822:	d005      	beq.n	10005830 <tu_edpt_bind_driver+0x1c>
10005824:	f891 c000 	ldrb.w	ip, [r1]
10005828:	4461      	add	r1, ip
1000582a:	428a      	cmp	r2, r1
1000582c:	d8f5      	bhi.n	1000581a <tu_edpt_bind_driver+0x6>
1000582e:	4770      	bx	lr
10005830:	b500      	push	{lr}
10005832:	f891 c002 	ldrb.w	ip, [r1, #2]
10005836:	f00c 0e7f 	and.w	lr, ip, #127	@ 0x7f
1000583a:	eb00 0e4e 	add.w	lr, r0, lr, lsl #1
1000583e:	ea4f 1cdc 	mov.w	ip, ip, lsr #7
10005842:	f80e 300c 	strb.w	r3, [lr, ip]
10005846:	f891 c000 	ldrb.w	ip, [r1]
1000584a:	4461      	add	r1, ip
1000584c:	428a      	cmp	r2, r1
1000584e:	d909      	bls.n	10005864 <tu_edpt_bind_driver+0x50>
10005850:	f891 c001 	ldrb.w	ip, [r1, #1]
10005854:	f1bc 0f05 	cmp.w	ip, #5
10005858:	d0eb      	beq.n	10005832 <tu_edpt_bind_driver+0x1e>
1000585a:	f891 c000 	ldrb.w	ip, [r1]
1000585e:	4461      	add	r1, ip
10005860:	428a      	cmp	r2, r1
10005862:	d8f5      	bhi.n	10005850 <tu_edpt_bind_driver+0x3c>
10005864:	f85d fb04 	ldr.w	pc, [sp], #4
10005868:	4770      	bx	lr
1000586a:	bf00      	nop

1000586c <tu_edpt_stream_init>:
1000586c:	e92d 41f0 	stmdb	sp!, {r4, r5, r6, r7, r8, lr}
10005870:	468e      	mov	lr, r1
10005872:	b082      	sub	sp, #8
10005874:	9300      	str	r3, [sp, #0]
10005876:	f890 c000 	ldrb.w	ip, [r0]
1000587a:	9e08      	ldr	r6, [sp, #32]
1000587c:	f8bd 7024 	ldrh.w	r7, [sp, #36]	@ 0x24
10005880:	f36e 0c00 	bfi	ip, lr, #0, #1
10005884:	4604      	mov	r4, r0
10005886:	4615      	mov	r5, r2
10005888:	2301      	movs	r3, #1
1000588a:	4631      	mov	r1, r6
1000588c:	463a      	mov	r2, r7
1000588e:	f800 cb08 	strb.w	ip, [r0], #8
10005892:	f8bd 802c 	ldrh.w	r8, [sp, #44]	@ 0x2c
10005896:	f000 f8e7 	bl	10005a68 <tu_fifo_config>
1000589a:	b106      	cbz	r6, 1000589e <tu_edpt_stream_init+0x32>
1000589c:	b93f      	cbnz	r7, 100058ae <tu_edpt_stream_init+0x42>
1000589e:	2001      	movs	r0, #1
100058a0:	9b0a      	ldr	r3, [sp, #40]	@ 0x28
100058a2:	f8a4 8002 	strh.w	r8, [r4, #2]
100058a6:	6063      	str	r3, [r4, #4]
100058a8:	b002      	add	sp, #8
100058aa:	e8bd 81f0 	ldmia.w	sp!, {r4, r5, r6, r7, r8, pc}
100058ae:	f104 061c 	add.w	r6, r4, #28
100058b2:	4630      	mov	r0, r6
100058b4:	f7fb f97a 	bl	10000bac <mutex_init>
100058b8:	b10d      	cbz	r5, 100058be <tu_edpt_stream_init+0x52>
100058ba:	4635      	mov	r5, r6
100058bc:	2600      	movs	r6, #0
100058be:	e9c4 5605 	strd	r5, r6, [r4, #20]
100058c2:	e7ec      	b.n	1000589e <tu_edpt_stream_init+0x32>

100058c4 <tu_edpt_stream_deinit>:
100058c4:	2001      	movs	r0, #1
100058c6:	4770      	bx	lr

100058c8 <tu_edpt_stream_write_zlp_if_needed>:
100058c8:	b5f8      	push	{r3, r4, r5, r6, r7, lr}
100058ca:	4607      	mov	r7, r0
100058cc:	4608      	mov	r0, r1
100058ce:	f240 13ff 	movw	r3, #511	@ 0x1ff
100058d2:	4615      	mov	r5, r2
100058d4:	f810 2b08 	ldrb.w	r2, [r0], #8
100058d8:	460c      	mov	r4, r1
100058da:	f012 0f02 	tst.w	r2, #2
100058de:	bf0c      	ite	eq
100058e0:	263f      	moveq	r6, #63	@ 0x3f
100058e2:	461e      	movne	r6, r3
100058e4:	f000 f8f0 	bl	10005ac8 <tu_fifo_count>
100058e8:	b928      	cbnz	r0, 100058f6 <tu_edpt_stream_write_zlp_if_needed+0x2e>
100058ea:	b125      	cbz	r5, 100058f6 <tu_edpt_stream_write_zlp_if_needed+0x2e>
100058ec:	422e      	tst	r6, r5
100058ee:	d102      	bne.n	100058f6 <tu_edpt_stream_write_zlp_if_needed+0x2e>
100058f0:	7823      	ldrb	r3, [r4, #0]
100058f2:	07da      	lsls	r2, r3, #31
100058f4:	d501      	bpl.n	100058fa <tu_edpt_stream_write_zlp_if_needed+0x32>
100058f6:	2000      	movs	r0, #0
100058f8:	bdf8      	pop	{r3, r4, r5, r6, r7, pc}
100058fa:	4638      	mov	r0, r7
100058fc:	7861      	ldrb	r1, [r4, #1]
100058fe:	f7ff f9a5 	bl	10004c4c <usbd_edpt_claim>
10005902:	2800      	cmp	r0, #0
10005904:	d0f7      	beq.n	100058f6 <tu_edpt_stream_write_zlp_if_needed+0x2e>
10005906:	7823      	ldrb	r3, [r4, #0]
10005908:	f013 0301 	ands.w	r3, r3, #1
1000590c:	d007      	beq.n	1000591e <tu_edpt_stream_write_zlp_if_needed+0x56>
1000590e:	f04f 23e0 	mov.w	r3, #3758153728	@ 0xe000e000
10005912:	f8d3 3df0 	ldr.w	r3, [r3, #3568]	@ 0xdf0
10005916:	07db      	lsls	r3, r3, #31
10005918:	d5ed      	bpl.n	100058f6 <tu_edpt_stream_write_zlp_if_needed+0x2e>
1000591a:	be00      	bkpt	0x0000
1000591c:	e7eb      	b.n	100058f6 <tu_edpt_stream_write_zlp_if_needed+0x2e>
1000591e:	461a      	mov	r2, r3
10005920:	4638      	mov	r0, r7
10005922:	7861      	ldrb	r1, [r4, #1]
10005924:	f7ff f9b6 	bl	10004c94 <usbd_edpt_xfer>
10005928:	2800      	cmp	r0, #0
1000592a:	d0f0      	beq.n	1000590e <tu_edpt_stream_write_zlp_if_needed+0x46>
1000592c:	bdf8      	pop	{r3, r4, r5, r6, r7, pc}
1000592e:	bf00      	nop

10005930 <tu_edpt_stream_write_xfer>:
10005930:	b570      	push	{r4, r5, r6, lr}
10005932:	f101 0508 	add.w	r5, r1, #8
10005936:	4606      	mov	r6, r0
10005938:	4628      	mov	r0, r5
1000593a:	460c      	mov	r4, r1
1000593c:	f000 f8c4 	bl	10005ac8 <tu_fifo_count>
10005940:	b110      	cbz	r0, 10005948 <tu_edpt_stream_write_xfer+0x18>
10005942:	7823      	ldrb	r3, [r4, #0]
10005944:	07da      	lsls	r2, r3, #31
10005946:	d501      	bpl.n	1000594c <tu_edpt_stream_write_xfer+0x1c>
10005948:	2000      	movs	r0, #0
1000594a:	bd70      	pop	{r4, r5, r6, pc}
1000594c:	4630      	mov	r0, r6
1000594e:	7861      	ldrb	r1, [r4, #1]
10005950:	f7ff f97c 	bl	10004c4c <usbd_edpt_claim>
10005954:	2800      	cmp	r0, #0
10005956:	d0f7      	beq.n	10005948 <tu_edpt_stream_write_xfer+0x18>
10005958:	4628      	mov	r0, r5
1000595a:	8862      	ldrh	r2, [r4, #2]
1000595c:	6861      	ldr	r1, [r4, #4]
1000595e:	f000 f929 	bl	10005bb4 <tu_fifo_read_n>
10005962:	7823      	ldrb	r3, [r4, #0]
10005964:	4605      	mov	r5, r0
10005966:	f003 0301 	and.w	r3, r3, #1
1000596a:	b140      	cbz	r0, 1000597e <tu_edpt_stream_write_xfer+0x4e>
1000596c:	b173      	cbz	r3, 1000598c <tu_edpt_stream_write_xfer+0x5c>
1000596e:	f04f 23e0 	mov.w	r3, #3758153728	@ 0xe000e000
10005972:	f8d3 3df0 	ldr.w	r3, [r3, #3568]	@ 0xdf0
10005976:	07db      	lsls	r3, r3, #31
10005978:	d5e6      	bpl.n	10005948 <tu_edpt_stream_write_xfer+0x18>
1000597a:	be00      	bkpt	0x0000
1000597c:	e7e4      	b.n	10005948 <tu_edpt_stream_write_xfer+0x18>
1000597e:	2b00      	cmp	r3, #0
10005980:	d1e2      	bne.n	10005948 <tu_edpt_stream_write_xfer+0x18>
10005982:	4630      	mov	r0, r6
10005984:	7861      	ldrb	r1, [r4, #1]
10005986:	f7ff f973 	bl	10004c70 <usbd_edpt_release>
1000598a:	e7dd      	b.n	10005948 <tu_edpt_stream_write_xfer+0x18>
1000598c:	4603      	mov	r3, r0
1000598e:	6862      	ldr	r2, [r4, #4]
10005990:	4630      	mov	r0, r6
10005992:	7861      	ldrb	r1, [r4, #1]
10005994:	f7ff f97e 	bl	10004c94 <usbd_edpt_xfer>
10005998:	2800      	cmp	r0, #0
1000599a:	d0e8      	beq.n	1000596e <tu_edpt_stream_write_xfer+0x3e>
1000599c:	4628      	mov	r0, r5
1000599e:	bd70      	pop	{r4, r5, r6, pc}

100059a0 <tu_edpt_stream_read_xfer>:
100059a0:	898a      	ldrh	r2, [r1, #12]
100059a2:	e92d 41f0 	stmdb	sp!, {r4, r5, r6, r7, r8, lr}
100059a6:	780b      	ldrb	r3, [r1, #0]
100059a8:	460c      	mov	r4, r1
100059aa:	4606      	mov	r6, r0
100059ac:	b922      	cbnz	r2, 100059b8 <tu_edpt_stream_read_xfer+0x18>
100059ae:	07dd      	lsls	r5, r3, #31
100059b0:	d534      	bpl.n	10005a1c <tu_edpt_stream_read_xfer+0x7c>
100059b2:	2000      	movs	r0, #0
100059b4:	e8bd 81f0 	ldmia.w	sp!, {r4, r5, r6, r7, r8, pc}
100059b8:	f104 0708 	add.w	r7, r4, #8
100059bc:	0799      	lsls	r1, r3, #30
100059be:	4638      	mov	r0, r7
100059c0:	bf47      	ittee	mi
100059c2:	f44f 487e 	movmi.w	r8, #65024	@ 0xfe00
100059c6:	f44f 7500 	movmi.w	r5, #512	@ 0x200
100059ca:	f64f 78c0 	movwpl	r8, #65472	@ 0xffc0
100059ce:	2540      	movpl	r5, #64	@ 0x40
100059d0:	f000 f894 	bl	10005afc <tu_fifo_remaining>
100059d4:	4285      	cmp	r5, r0
100059d6:	d8ec      	bhi.n	100059b2 <tu_edpt_stream_read_xfer+0x12>
100059d8:	7823      	ldrb	r3, [r4, #0]
100059da:	07da      	lsls	r2, r3, #31
100059dc:	d4e9      	bmi.n	100059b2 <tu_edpt_stream_read_xfer+0x12>
100059de:	4630      	mov	r0, r6
100059e0:	7861      	ldrb	r1, [r4, #1]
100059e2:	f7ff f933 	bl	10004c4c <usbd_edpt_claim>
100059e6:	2800      	cmp	r0, #0
100059e8:	d0e3      	beq.n	100059b2 <tu_edpt_stream_read_xfer+0x12>
100059ea:	4638      	mov	r0, r7
100059ec:	f000 f886 	bl	10005afc <tu_fifo_remaining>
100059f0:	7823      	ldrb	r3, [r4, #0]
100059f2:	4285      	cmp	r5, r0
100059f4:	f003 0301 	and.w	r3, r3, #1
100059f8:	d82d      	bhi.n	10005a56 <tu_edpt_stream_read_xfer+0xb6>
100059fa:	b9bb      	cbnz	r3, 10005a2c <tu_edpt_stream_read_xfer+0x8c>
100059fc:	8865      	ldrh	r5, [r4, #2]
100059fe:	ea08 0800 	and.w	r8, r8, r0
10005a02:	4545      	cmp	r5, r8
10005a04:	bf28      	it	cs
10005a06:	4645      	movcs	r5, r8
10005a08:	7861      	ldrb	r1, [r4, #1]
10005a0a:	b35d      	cbz	r5, 10005a64 <tu_edpt_stream_read_xfer+0xc4>
10005a0c:	6862      	ldr	r2, [r4, #4]
10005a0e:	462b      	mov	r3, r5
10005a10:	4630      	mov	r0, r6
10005a12:	f7ff f93f 	bl	10004c94 <usbd_edpt_xfer>
10005a16:	b148      	cbz	r0, 10005a2c <tu_edpt_stream_read_xfer+0x8c>
10005a18:	4628      	mov	r0, r5
10005a1a:	e7cb      	b.n	100059b4 <tu_edpt_stream_read_xfer+0x14>
10005a1c:	7849      	ldrb	r1, [r1, #1]
10005a1e:	f7ff f915 	bl	10004c4c <usbd_edpt_claim>
10005a22:	2800      	cmp	r0, #0
10005a24:	d0c5      	beq.n	100059b2 <tu_edpt_stream_read_xfer+0x12>
10005a26:	7823      	ldrb	r3, [r4, #0]
10005a28:	07d8      	lsls	r0, r3, #31
10005a2a:	d507      	bpl.n	10005a3c <tu_edpt_stream_read_xfer+0x9c>
10005a2c:	f04f 23e0 	mov.w	r3, #3758153728	@ 0xe000e000
10005a30:	f8d3 3df0 	ldr.w	r3, [r3, #3568]	@ 0xdf0
10005a34:	07db      	lsls	r3, r3, #31
10005a36:	d5bc      	bpl.n	100059b2 <tu_edpt_stream_read_xfer+0x12>
10005a38:	be00      	bkpt	0x0000
10005a3a:	e7ba      	b.n	100059b2 <tu_edpt_stream_read_xfer+0x12>
10005a3c:	8863      	ldrh	r3, [r4, #2]
10005a3e:	7861      	ldrb	r1, [r4, #1]
10005a40:	b13b      	cbz	r3, 10005a52 <tu_edpt_stream_read_xfer+0xb2>
10005a42:	6862      	ldr	r2, [r4, #4]
10005a44:	4630      	mov	r0, r6
10005a46:	f7ff f925 	bl	10004c94 <usbd_edpt_xfer>
10005a4a:	2800      	cmp	r0, #0
10005a4c:	d0ee      	beq.n	10005a2c <tu_edpt_stream_read_xfer+0x8c>
10005a4e:	8860      	ldrh	r0, [r4, #2]
10005a50:	e7b0      	b.n	100059b4 <tu_edpt_stream_read_xfer+0x14>
10005a52:	461a      	mov	r2, r3
10005a54:	e7f6      	b.n	10005a44 <tu_edpt_stream_read_xfer+0xa4>
10005a56:	2b00      	cmp	r3, #0
10005a58:	d1ab      	bne.n	100059b2 <tu_edpt_stream_read_xfer+0x12>
10005a5a:	4630      	mov	r0, r6
10005a5c:	7861      	ldrb	r1, [r4, #1]
10005a5e:	f7ff f907 	bl	10004c70 <usbd_edpt_release>
10005a62:	e7a6      	b.n	100059b2 <tu_edpt_stream_read_xfer+0x12>
10005a64:	462a      	mov	r2, r5
10005a66:	e7d2      	b.n	10005a0e <tu_edpt_stream_read_xfer+0x6e>

10005a68 <tu_fifo_config>:
10005a68:	e92d 41f0 	stmdb	sp!, {r4, r5, r6, r7, r8, lr}
10005a6c:	f5b2 4f00 	cmp.w	r2, #32768	@ 0x8000
10005a70:	f89d 8018 	ldrb.w	r8, [sp, #24]
10005a74:	d824      	bhi.n	10005ac0 <tu_fifo_config+0x58>
10005a76:	4604      	mov	r4, r0
10005a78:	68c0      	ldr	r0, [r0, #12]
10005a7a:	4617      	mov	r7, r2
10005a7c:	460e      	mov	r6, r1
10005a7e:	461d      	mov	r5, r3
10005a80:	b118      	cbz	r0, 10005a8a <tu_fifo_config+0x22>
10005a82:	f04f 31ff 	mov.w	r1, #4294967295
10005a86:	f001 fa13 	bl	10006eb0 <__mutex_enter_timeout_ms_veneer>
10005a8a:	6920      	ldr	r0, [r4, #16]
10005a8c:	b118      	cbz	r0, 10005a96 <tu_fifo_config+0x2e>
10005a8e:	f04f 31ff 	mov.w	r1, #4294967295
10005a92:	f001 fa0d 	bl	10006eb0 <__mutex_enter_timeout_ms_veneer>
10005a96:	2200      	movs	r2, #0
10005a98:	f3c5 030e 	ubfx	r3, r5, #0, #15
10005a9c:	68e0      	ldr	r0, [r4, #12]
10005a9e:	ea43 33c8 	orr.w	r3, r3, r8, lsl #15
10005aa2:	8162      	strh	r2, [r4, #10]
10005aa4:	6026      	str	r6, [r4, #0]
10005aa6:	80a7      	strh	r7, [r4, #4]
10005aa8:	80e3      	strh	r3, [r4, #6]
10005aaa:	8122      	strh	r2, [r4, #8]
10005aac:	b108      	cbz	r0, 10005ab2 <tu_fifo_config+0x4a>
10005aae:	f001 fa0f 	bl	10006ed0 <__mutex_exit_veneer>
10005ab2:	6920      	ldr	r0, [r4, #16]
10005ab4:	b108      	cbz	r0, 10005aba <tu_fifo_config+0x52>
10005ab6:	f001 fa0b 	bl	10006ed0 <__mutex_exit_veneer>
10005aba:	2001      	movs	r0, #1
10005abc:	e8bd 81f0 	ldmia.w	sp!, {r4, r5, r6, r7, r8, pc}
10005ac0:	2000      	movs	r0, #0
10005ac2:	e8bd 81f0 	ldmia.w	sp!, {r4, r5, r6, r7, r8, pc}
10005ac6:	bf00      	nop

10005ac8 <tu_fifo_count>:
10005ac8:	8903      	ldrh	r3, [r0, #8]
10005aca:	8942      	ldrh	r2, [r0, #10]
10005acc:	b29b      	uxth	r3, r3
10005ace:	b292      	uxth	r2, r2
10005ad0:	8880      	ldrh	r0, [r0, #4]
10005ad2:	4293      	cmp	r3, r2
10005ad4:	bf36      	itet	cc
10005ad6:	ebc2 0240 	rsbcc	r2, r2, r0, lsl #1
10005ada:	1a9b      	subcs	r3, r3, r2
10005adc:	189b      	addcc	r3, r3, r2
10005ade:	b29b      	uxth	r3, r3
10005ae0:	4298      	cmp	r0, r3
10005ae2:	bf28      	it	cs
10005ae4:	4618      	movcs	r0, r3
10005ae6:	4770      	bx	lr

10005ae8 <tu_fifo_empty>:
10005ae8:	8902      	ldrh	r2, [r0, #8]
10005aea:	8943      	ldrh	r3, [r0, #10]
10005aec:	b290      	uxth	r0, r2
10005aee:	b29b      	uxth	r3, r3
10005af0:	1ac0      	subs	r0, r0, r3
10005af2:	fab0 f080 	clz	r0, r0
10005af6:	0940      	lsrs	r0, r0, #5
10005af8:	4770      	bx	lr
10005afa:	bf00      	nop

10005afc <tu_fifo_remaining>:
10005afc:	8903      	ldrh	r3, [r0, #8]
10005afe:	8942      	ldrh	r2, [r0, #10]
10005b00:	b29b      	uxth	r3, r3
10005b02:	8880      	ldrh	r0, [r0, #4]
10005b04:	b292      	uxth	r2, r2
10005b06:	4293      	cmp	r3, r2
10005b08:	bf36      	itet	cc
10005b0a:	ebc2 0240 	rsbcc	r2, r2, r0, lsl #1
10005b0e:	1a9b      	subcs	r3, r3, r2
10005b10:	189b      	addcc	r3, r3, r2
10005b12:	b29b      	uxth	r3, r3
10005b14:	4298      	cmp	r0, r3
10005b16:	bf86      	itte	hi
10005b18:	1ac0      	subhi	r0, r0, r3
10005b1a:	b280      	uxthhi	r0, r0
10005b1c:	2000      	movls	r0, #0
10005b1e:	4770      	bx	lr

10005b20 <tu_fifo_read>:
10005b20:	b538      	push	{r3, r4, r5, lr}
10005b22:	4604      	mov	r4, r0
10005b24:	6900      	ldr	r0, [r0, #16]
10005b26:	460d      	mov	r5, r1
10005b28:	b118      	cbz	r0, 10005b32 <tu_fifo_read+0x12>
10005b2a:	f04f 31ff 	mov.w	r1, #4294967295
10005b2e:	f001 f9bf 	bl	10006eb0 <__mutex_enter_timeout_ms_veneer>
10005b32:	8921      	ldrh	r1, [r4, #8]
10005b34:	8963      	ldrh	r3, [r4, #10]
10005b36:	b289      	uxth	r1, r1
10005b38:	b29b      	uxth	r3, r3
10005b3a:	88a2      	ldrh	r2, [r4, #4]
10005b3c:	4299      	cmp	r1, r3
10005b3e:	bf36      	itet	cc
10005b40:	ebc3 0042 	rsbcc	r0, r3, r2, lsl #1
10005b44:	1ac8      	subcs	r0, r1, r3
10005b46:	1840      	addcc	r0, r0, r1
10005b48:	b280      	uxth	r0, r0
10005b4a:	b350      	cbz	r0, 10005ba2 <tu_fifo_read+0x82>
10005b4c:	4282      	cmp	r2, r0
10005b4e:	d209      	bcs.n	10005b64 <tu_fifo_read+0x44>
10005b50:	4291      	cmp	r1, r2
10005b52:	bf2c      	ite	cs
10005b54:	1a89      	subcs	r1, r1, r2
10005b56:	1889      	addcc	r1, r1, r2
10005b58:	b28b      	uxth	r3, r1
10005b5a:	429a      	cmp	r2, r3
10005b5c:	8163      	strh	r3, [r4, #10]
10005b5e:	d803      	bhi.n	10005b68 <tu_fifo_read+0x48>
10005b60:	1a9b      	subs	r3, r3, r2
10005b62:	b29b      	uxth	r3, r3
10005b64:	429a      	cmp	r2, r3
10005b66:	d9fb      	bls.n	10005b60 <tu_fifo_read+0x40>
10005b68:	88e2      	ldrh	r2, [r4, #6]
10005b6a:	6821      	ldr	r1, [r4, #0]
10005b6c:	f3c2 020e 	ubfx	r2, r2, #0, #15
10005b70:	fb02 1103 	mla	r1, r2, r3, r1
10005b74:	4628      	mov	r0, r5
10005b76:	f001 f8ef 	bl	10006d58 <memcpy>
10005b7a:	8961      	ldrh	r1, [r4, #10]
10005b7c:	2501      	movs	r5, #1
10005b7e:	b289      	uxth	r1, r1
10005b80:	1c4b      	adds	r3, r1, #1
10005b82:	b29b      	uxth	r3, r3
10005b84:	4299      	cmp	r1, r3
10005b86:	88a2      	ldrh	r2, [r4, #4]
10005b88:	d90e      	bls.n	10005ba8 <tu_fifo_read+0x88>
10005b8a:	2300      	movs	r3, #0
10005b8c:	fa02 f105 	lsl.w	r1, r2, r5
10005b90:	1a5b      	subs	r3, r3, r1
10005b92:	b29b      	uxth	r3, r3
10005b94:	6920      	ldr	r0, [r4, #16]
10005b96:	8163      	strh	r3, [r4, #10]
10005b98:	b108      	cbz	r0, 10005b9e <tu_fifo_read+0x7e>
10005b9a:	f001 f999 	bl	10006ed0 <__mutex_exit_veneer>
10005b9e:	4628      	mov	r0, r5
10005ba0:	bd38      	pop	{r3, r4, r5, pc}
10005ba2:	4605      	mov	r5, r0
10005ba4:	8963      	ldrh	r3, [r4, #10]
10005ba6:	b29b      	uxth	r3, r3
10005ba8:	ebb3 0f42 	cmp.w	r3, r2, lsl #1
10005bac:	ea4f 0142 	mov.w	r1, r2, lsl #1
10005bb0:	dbf0      	blt.n	10005b94 <tu_fifo_read+0x74>
10005bb2:	e7ed      	b.n	10005b90 <tu_fifo_read+0x70>

10005bb4 <tu_fifo_read_n>:
10005bb4:	e92d 47f0 	stmdb	sp!, {r4, r5, r6, r7, r8, r9, sl, lr}
10005bb8:	4606      	mov	r6, r0
10005bba:	6900      	ldr	r0, [r0, #16]
10005bbc:	4688      	mov	r8, r1
10005bbe:	4691      	mov	r9, r2
10005bc0:	b118      	cbz	r0, 10005bca <tu_fifo_read_n+0x16>
10005bc2:	f04f 31ff 	mov.w	r1, #4294967295
10005bc6:	f001 f973 	bl	10006eb0 <__mutex_enter_timeout_ms_veneer>
10005bca:	8933      	ldrh	r3, [r6, #8]
10005bcc:	8974      	ldrh	r4, [r6, #10]
10005bce:	b29b      	uxth	r3, r3
10005bd0:	b2a4      	uxth	r4, r4
10005bd2:	88b5      	ldrh	r5, [r6, #4]
10005bd4:	42a3      	cmp	r3, r4
10005bd6:	bf36      	itet	cc
10005bd8:	ebc4 0745 	rsbcc	r7, r4, r5, lsl #1
10005bdc:	1b1f      	subcs	r7, r3, r4
10005bde:	18ff      	addcc	r7, r7, r3
10005be0:	b2bf      	uxth	r7, r7
10005be2:	2f00      	cmp	r7, #0
10005be4:	d04a      	beq.n	10005c7c <tu_fifo_read_n+0xc8>
10005be6:	42bd      	cmp	r5, r7
10005be8:	d340      	bcc.n	10005c6c <tu_fifo_read_n+0xb8>
10005bea:	45b9      	cmp	r9, r7
10005bec:	bf28      	it	cs
10005bee:	46b9      	movcs	r9, r7
10005bf0:	42a5      	cmp	r5, r4
10005bf2:	fa1f f789 	uxth.w	r7, r9
10005bf6:	d803      	bhi.n	10005c00 <tu_fifo_read_n+0x4c>
10005bf8:	1b64      	subs	r4, r4, r5
10005bfa:	b2a4      	uxth	r4, r4
10005bfc:	42a5      	cmp	r5, r4
10005bfe:	d9fb      	bls.n	10005bf8 <tu_fifo_read_n+0x44>
10005c00:	f8b6 a006 	ldrh.w	sl, [r6, #6]
10005c04:	1b2b      	subs	r3, r5, r4
10005c06:	6831      	ldr	r1, [r6, #0]
10005c08:	b29b      	uxth	r3, r3
10005c0a:	f3ca 020e 	ubfx	r2, sl, #0, #15
10005c0e:	429f      	cmp	r7, r3
10005c10:	4692      	mov	sl, r2
10005c12:	fb02 1104 	mla	r1, r2, r4, r1
10005c16:	d923      	bls.n	10005c60 <tu_fifo_read_n+0xac>
10005c18:	fb13 f302 	smulbb	r3, r3, r2
10005c1c:	fa1f f983 	uxth.w	r9, r3
10005c20:	464a      	mov	r2, r9
10005c22:	4640      	mov	r0, r8
10005c24:	1b7d      	subs	r5, r7, r5
10005c26:	f001 f897 	bl	10006d58 <memcpy>
10005c2a:	1962      	adds	r2, r4, r5
10005c2c:	fb12 f20a 	smulbb	r2, r2, sl
10005c30:	6831      	ldr	r1, [r6, #0]
10005c32:	eb08 0009 	add.w	r0, r8, r9
10005c36:	b292      	uxth	r2, r2
10005c38:	f001 f88e 	bl	10006d58 <memcpy>
10005c3c:	8972      	ldrh	r2, [r6, #10]
10005c3e:	88b5      	ldrh	r5, [r6, #4]
10005c40:	b292      	uxth	r2, r2
10005c42:	19d3      	adds	r3, r2, r7
10005c44:	b29b      	uxth	r3, r3
10005c46:	429a      	cmp	r2, r3
10005c48:	d91a      	bls.n	10005c80 <tu_fifo_read_n+0xcc>
10005c4a:	006a      	lsls	r2, r5, #1
10005c4c:	1a9b      	subs	r3, r3, r2
10005c4e:	b29b      	uxth	r3, r3
10005c50:	6930      	ldr	r0, [r6, #16]
10005c52:	8173      	strh	r3, [r6, #10]
10005c54:	b108      	cbz	r0, 10005c5a <tu_fifo_read_n+0xa6>
10005c56:	f001 f93b 	bl	10006ed0 <__mutex_exit_veneer>
10005c5a:	4638      	mov	r0, r7
10005c5c:	e8bd 87f0 	ldmia.w	sp!, {r4, r5, r6, r7, r8, r9, sl, pc}
10005c60:	4640      	mov	r0, r8
10005c62:	fb07 f202 	mul.w	r2, r7, r2
10005c66:	f001 f877 	bl	10006d58 <memcpy>
10005c6a:	e7e7      	b.n	10005c3c <tu_fifo_read_n+0x88>
10005c6c:	42ab      	cmp	r3, r5
10005c6e:	bf2c      	ite	cs
10005c70:	1b5b      	subcs	r3, r3, r5
10005c72:	195b      	addcc	r3, r3, r5
10005c74:	b29c      	uxth	r4, r3
10005c76:	462f      	mov	r7, r5
10005c78:	8174      	strh	r4, [r6, #10]
10005c7a:	e7b6      	b.n	10005bea <tu_fifo_read_n+0x36>
10005c7c:	8973      	ldrh	r3, [r6, #10]
10005c7e:	b29b      	uxth	r3, r3
10005c80:	ebb3 0f45 	cmp.w	r3, r5, lsl #1
10005c84:	ea4f 0245 	mov.w	r2, r5, lsl #1
10005c88:	dbe2      	blt.n	10005c50 <tu_fifo_read_n+0x9c>
10005c8a:	e7df      	b.n	10005c4c <tu_fifo_read_n+0x98>

10005c8c <tu_fifo_write>:
10005c8c:	b5f8      	push	{r3, r4, r5, r6, r7, lr}
10005c8e:	4604      	mov	r4, r0
10005c90:	68c0      	ldr	r0, [r0, #12]
10005c92:	460e      	mov	r6, r1
10005c94:	b118      	cbz	r0, 10005c9e <tu_fifo_write+0x12>
10005c96:	f04f 31ff 	mov.w	r1, #4294967295
10005c9a:	f001 f909 	bl	10006eb0 <__mutex_enter_timeout_ms_veneer>
10005c9e:	8925      	ldrh	r5, [r4, #8]
10005ca0:	8923      	ldrh	r3, [r4, #8]
10005ca2:	8961      	ldrh	r1, [r4, #10]
10005ca4:	b29b      	uxth	r3, r3
10005ca6:	b289      	uxth	r1, r1
10005ca8:	88a2      	ldrh	r2, [r4, #4]
10005caa:	428b      	cmp	r3, r1
10005cac:	bf36      	itet	cc
10005cae:	ebc1 0142 	rsbcc	r1, r1, r2, lsl #1
10005cb2:	1a5b      	subcs	r3, r3, r1
10005cb4:	185b      	addcc	r3, r3, r1
10005cb6:	b29b      	uxth	r3, r3
10005cb8:	429a      	cmp	r2, r3
10005cba:	b2ad      	uxth	r5, r5
10005cbc:	d808      	bhi.n	10005cd0 <tu_fifo_write+0x44>
10005cbe:	79e7      	ldrb	r7, [r4, #7]
10005cc0:	09ff      	lsrs	r7, r7, #7
10005cc2:	d105      	bne.n	10005cd0 <tu_fifo_write+0x44>
10005cc4:	68e0      	ldr	r0, [r4, #12]
10005cc6:	b108      	cbz	r0, 10005ccc <tu_fifo_write+0x40>
10005cc8:	f001 f902 	bl	10006ed0 <__mutex_exit_veneer>
10005ccc:	4638      	mov	r0, r7
10005cce:	bdf8      	pop	{r3, r4, r5, r6, r7, pc}
10005cd0:	4295      	cmp	r5, r2
10005cd2:	bf28      	it	cs
10005cd4:	462b      	movcs	r3, r5
10005cd6:	d318      	bcc.n	10005d0a <tu_fifo_write+0x7e>
10005cd8:	1a9b      	subs	r3, r3, r2
10005cda:	b29b      	uxth	r3, r3
10005cdc:	4293      	cmp	r3, r2
10005cde:	d2fb      	bcs.n	10005cd8 <tu_fifo_write+0x4c>
10005ce0:	88e2      	ldrh	r2, [r4, #6]
10005ce2:	6820      	ldr	r0, [r4, #0]
10005ce4:	f3c2 020e 	ubfx	r2, r2, #0, #15
10005ce8:	fb02 0003 	mla	r0, r2, r3, r0
10005cec:	4631      	mov	r1, r6
10005cee:	f001 f833 	bl	10006d58 <memcpy>
10005cf2:	1c6b      	adds	r3, r5, #1
10005cf4:	b29b      	uxth	r3, r3
10005cf6:	429d      	cmp	r5, r3
10005cf8:	88a2      	ldrh	r2, [r4, #4]
10005cfa:	d912      	bls.n	10005d22 <tu_fifo_write+0x96>
10005cfc:	2300      	movs	r3, #0
10005cfe:	0051      	lsls	r1, r2, #1
10005d00:	1a5b      	subs	r3, r3, r1
10005d02:	b29b      	uxth	r3, r3
10005d04:	2701      	movs	r7, #1
10005d06:	8123      	strh	r3, [r4, #8]
10005d08:	e7dc      	b.n	10005cc4 <tu_fifo_write+0x38>
10005d0a:	88e2      	ldrh	r2, [r4, #6]
10005d0c:	6820      	ldr	r0, [r4, #0]
10005d0e:	f3c2 020e 	ubfx	r2, r2, #0, #15
10005d12:	fb05 0002 	mla	r0, r5, r2, r0
10005d16:	4631      	mov	r1, r6
10005d18:	f001 f81e 	bl	10006d58 <memcpy>
10005d1c:	3501      	adds	r5, #1
10005d1e:	88a2      	ldrh	r2, [r4, #4]
10005d20:	b2ab      	uxth	r3, r5
10005d22:	ebb3 0f42 	cmp.w	r3, r2, lsl #1
10005d26:	ea4f 0142 	mov.w	r1, r2, lsl #1
10005d2a:	dbeb      	blt.n	10005d04 <tu_fifo_write+0x78>
10005d2c:	e7e8      	b.n	10005d00 <tu_fifo_write+0x74>
10005d2e:	bf00      	nop

10005d30 <tu_fifo_write_n>:
10005d30:	e92d 4ff0 	stmdb	sp!, {r4, r5, r6, r7, r8, r9, sl, fp, lr}
10005d34:	4617      	mov	r7, r2
10005d36:	b083      	sub	sp, #12
10005d38:	2a00      	cmp	r2, #0
10005d3a:	d075      	beq.n	10005e28 <tu_fifo_write_n+0xf8>
10005d3c:	4606      	mov	r6, r0
10005d3e:	68c0      	ldr	r0, [r0, #12]
10005d40:	4689      	mov	r9, r1
10005d42:	b118      	cbz	r0, 10005d4c <tu_fifo_write_n+0x1c>
10005d44:	f04f 31ff 	mov.w	r1, #4294967295
10005d48:	f001 f8b2 	bl	10006eb0 <__mutex_enter_timeout_ms_veneer>
10005d4c:	79f3      	ldrb	r3, [r6, #7]
10005d4e:	f8b6 8008 	ldrh.w	r8, [r6, #8]
10005d52:	8972      	ldrh	r2, [r6, #10]
10005d54:	09db      	lsrs	r3, r3, #7
10005d56:	88b5      	ldrh	r5, [r6, #4]
10005d58:	fa1f f888 	uxth.w	r8, r8
10005d5c:	b292      	uxth	r2, r2
10005d5e:	d13c      	bne.n	10005dda <tu_fifo_write_n+0xaa>
10005d60:	4590      	cmp	r8, r2
10005d62:	bf36      	itet	cc
10005d64:	ebc2 0245 	rsbcc	r2, r2, r5, lsl #1
10005d68:	eba8 0202 	subcs.w	r2, r8, r2
10005d6c:	4442      	addcc	r2, r8
10005d6e:	b292      	uxth	r2, r2
10005d70:	42aa      	cmp	r2, r5
10005d72:	d25e      	bcs.n	10005e32 <tu_fifo_write_n+0x102>
10005d74:	1aaa      	subs	r2, r5, r2
10005d76:	b292      	uxth	r2, r2
10005d78:	42ba      	cmp	r2, r7
10005d7a:	bf28      	it	cs
10005d7c:	463a      	movcs	r2, r7
10005d7e:	f8b6 b006 	ldrh.w	fp, [r6, #6]
10005d82:	b297      	uxth	r7, r2
10005d84:	1b7b      	subs	r3, r7, r5
10005d86:	eb08 0a07 	add.w	sl, r8, r7
10005d8a:	f3cb 0b0e 	ubfx	fp, fp, #0, #15
10005d8e:	b29b      	uxth	r3, r3
10005d90:	fa1f fa8a 	uxth.w	sl, sl
10005d94:	45a8      	cmp	r8, r5
10005d96:	4644      	mov	r4, r8
10005d98:	d303      	bcc.n	10005da2 <tu_fifo_write_n+0x72>
10005d9a:	1b64      	subs	r4, r4, r5
10005d9c:	b2a4      	uxth	r4, r4
10005d9e:	42ac      	cmp	r4, r5
10005da0:	d2fb      	bcs.n	10005d9a <tu_fifo_write_n+0x6a>
10005da2:	1b2d      	subs	r5, r5, r4
10005da4:	6830      	ldr	r0, [r6, #0]
10005da6:	b2ad      	uxth	r5, r5
10005da8:	42bd      	cmp	r5, r7
10005daa:	fb0b 0004 	mla	r0, fp, r4, r0
10005dae:	d357      	bcc.n	10005e60 <tu_fifo_write_n+0x130>
10005db0:	4649      	mov	r1, r9
10005db2:	fb0b f207 	mul.w	r2, fp, r7
10005db6:	f000 ffcf 	bl	10006d58 <memcpy>
10005dba:	88b2      	ldrh	r2, [r6, #4]
10005dbc:	45d0      	cmp	r8, sl
10005dbe:	ea4f 0342 	mov.w	r3, r2, lsl #1
10005dc2:	d802      	bhi.n	10005dca <tu_fifo_write_n+0x9a>
10005dc4:	ebba 0f42 	cmp.w	sl, r2, lsl #1
10005dc8:	db03      	blt.n	10005dd2 <tu_fifo_write_n+0xa2>
10005dca:	ebaa 0303 	sub.w	r3, sl, r3
10005dce:	fa1f fa83 	uxth.w	sl, r3
10005dd2:	463d      	mov	r5, r7
10005dd4:	f8a6 a008 	strh.w	sl, [r6, #8]
10005dd8:	e02c      	b.n	10005e34 <tu_fifo_write_n+0x104>
10005dda:	f8b6 b006 	ldrh.w	fp, [r6, #6]
10005dde:	42af      	cmp	r7, r5
10005de0:	f3cb 0b0e 	ubfx	fp, fp, #0, #15
10005de4:	d22f      	bcs.n	10005e46 <tu_fifo_write_n+0x116>
10005de6:	4590      	cmp	r8, r2
10005de8:	bf36      	itet	cc
10005dea:	ebc2 0145 	rsbcc	r1, r2, r5, lsl #1
10005dee:	eba8 0102 	subcs.w	r1, r8, r2
10005df2:	4441      	addcc	r1, r8
10005df4:	b289      	uxth	r1, r1
10005df6:	0068      	lsls	r0, r5, #1
10005df8:	4439      	add	r1, r7
10005dfa:	1b7b      	subs	r3, r7, r5
10005dfc:	4281      	cmp	r1, r0
10005dfe:	b29b      	uxth	r3, r3
10005e00:	db0d      	blt.n	10005e1e <tu_fifo_write_n+0xee>
10005e02:	eb02 0a05 	add.w	sl, r2, r5
10005e06:	fa1f fa8a 	uxth.w	sl, sl
10005e0a:	ebaa 0807 	sub.w	r8, sl, r7
10005e0e:	fa1f f888 	uxth.w	r8, r8
10005e12:	4542      	cmp	r2, r8
10005e14:	d937      	bls.n	10005e86 <tu_fifo_write_n+0x156>
10005e16:	eba8 0000 	sub.w	r0, r8, r0
10005e1a:	fa1f f880 	uxth.w	r8, r0
10005e1e:	eb07 0a08 	add.w	sl, r7, r8
10005e22:	fa1f fa8a 	uxth.w	sl, sl
10005e26:	e7b5      	b.n	10005d94 <tu_fifo_write_n+0x64>
10005e28:	4615      	mov	r5, r2
10005e2a:	4628      	mov	r0, r5
10005e2c:	b003      	add	sp, #12
10005e2e:	e8bd 8ff0 	ldmia.w	sp!, {r4, r5, r6, r7, r8, r9, sl, fp, pc}
10005e32:	2500      	movs	r5, #0
10005e34:	68f0      	ldr	r0, [r6, #12]
10005e36:	2800      	cmp	r0, #0
10005e38:	d0f7      	beq.n	10005e2a <tu_fifo_write_n+0xfa>
10005e3a:	f001 f849 	bl	10006ed0 <__mutex_exit_veneer>
10005e3e:	4628      	mov	r0, r5
10005e40:	b003      	add	sp, #12
10005e42:	e8bd 8ff0 	ldmia.w	sp!, {r4, r5, r6, r7, r8, r9, sl, fp, pc}
10005e46:	2d00      	cmp	r5, #0
10005e48:	d0f4      	beq.n	10005e34 <tu_fifo_write_n+0x104>
10005e4a:	1b7f      	subs	r7, r7, r5
10005e4c:	eb02 0a05 	add.w	sl, r2, r5
10005e50:	fb0b 9907 	mla	r9, fp, r7, r9
10005e54:	4690      	mov	r8, r2
10005e56:	462f      	mov	r7, r5
10005e58:	2300      	movs	r3, #0
10005e5a:	fa1f fa8a 	uxth.w	sl, sl
10005e5e:	e799      	b.n	10005d94 <tu_fifo_write_n+0x64>
10005e60:	fb15 f50b 	smulbb	r5, r5, fp
10005e64:	b2ad      	uxth	r5, r5
10005e66:	462a      	mov	r2, r5
10005e68:	4649      	mov	r1, r9
10005e6a:	9301      	str	r3, [sp, #4]
10005e6c:	f000 ff74 	bl	10006d58 <memcpy>
10005e70:	9b01      	ldr	r3, [sp, #4]
10005e72:	6830      	ldr	r0, [r6, #0]
10005e74:	18e2      	adds	r2, r4, r3
10005e76:	fb12 f20b 	smulbb	r2, r2, fp
10005e7a:	eb09 0105 	add.w	r1, r9, r5
10005e7e:	b292      	uxth	r2, r2
10005e80:	f000 ff6a 	bl	10006d58 <memcpy>
10005e84:	e799      	b.n	10005dba <tu_fifo_write_n+0x8a>
10005e86:	4540      	cmp	r0, r8
10005e88:	dc84      	bgt.n	10005d94 <tu_fifo_write_n+0x64>
10005e8a:	e7c4      	b.n	10005e16 <tu_fifo_write_n+0xe6>

10005e8c <tu_fifo_clear>:
10005e8c:	b510      	push	{r4, lr}
10005e8e:	4604      	mov	r4, r0
10005e90:	68c0      	ldr	r0, [r0, #12]
10005e92:	b118      	cbz	r0, 10005e9c <tu_fifo_clear+0x10>
10005e94:	f04f 31ff 	mov.w	r1, #4294967295
10005e98:	f001 f80a 	bl	10006eb0 <__mutex_enter_timeout_ms_veneer>
10005e9c:	6920      	ldr	r0, [r4, #16]
10005e9e:	b118      	cbz	r0, 10005ea8 <tu_fifo_clear+0x1c>
10005ea0:	f04f 31ff 	mov.w	r1, #4294967295
10005ea4:	f001 f804 	bl	10006eb0 <__mutex_enter_timeout_ms_veneer>
10005ea8:	2300      	movs	r3, #0
10005eaa:	68e0      	ldr	r0, [r4, #12]
10005eac:	8163      	strh	r3, [r4, #10]
10005eae:	8123      	strh	r3, [r4, #8]
10005eb0:	b108      	cbz	r0, 10005eb6 <tu_fifo_clear+0x2a>
10005eb2:	f001 f80d 	bl	10006ed0 <__mutex_exit_veneer>
10005eb6:	6920      	ldr	r0, [r4, #16]
10005eb8:	b108      	cbz	r0, 10005ebe <tu_fifo_clear+0x32>
10005eba:	f001 f809 	bl	10006ed0 <__mutex_exit_veneer>
10005ebe:	2001      	movs	r0, #1
10005ec0:	bd10      	pop	{r4, pc}
10005ec2:	bf00      	nop

10005ec4 <tu_fifo_set_overwritable>:
10005ec4:	b538      	push	{r3, r4, r5, lr}
10005ec6:	4604      	mov	r4, r0
10005ec8:	68c0      	ldr	r0, [r0, #12]
10005eca:	460d      	mov	r5, r1
10005ecc:	b118      	cbz	r0, 10005ed6 <tu_fifo_set_overwritable+0x12>
10005ece:	f04f 31ff 	mov.w	r1, #4294967295
10005ed2:	f000 ffed 	bl	10006eb0 <__mutex_enter_timeout_ms_veneer>
10005ed6:	6920      	ldr	r0, [r4, #16]
10005ed8:	b118      	cbz	r0, 10005ee2 <tu_fifo_set_overwritable+0x1e>
10005eda:	f04f 31ff 	mov.w	r1, #4294967295
10005ede:	f000 ffe7 	bl	10006eb0 <__mutex_enter_timeout_ms_veneer>
10005ee2:	79e3      	ldrb	r3, [r4, #7]
10005ee4:	68e0      	ldr	r0, [r4, #12]
10005ee6:	f365 13c7 	bfi	r3, r5, #7, #1
10005eea:	71e3      	strb	r3, [r4, #7]
10005eec:	b108      	cbz	r0, 10005ef2 <tu_fifo_set_overwritable+0x2e>
10005eee:	f000 ffef 	bl	10006ed0 <__mutex_exit_veneer>
10005ef2:	6920      	ldr	r0, [r4, #16]
10005ef4:	b108      	cbz	r0, 10005efa <tu_fifo_set_overwritable+0x36>
10005ef6:	f000 ffeb 	bl	10006ed0 <__mutex_exit_veneer>
10005efa:	2001      	movs	r0, #1
10005efc:	bd38      	pop	{r3, r4, r5, pc}
10005efe:	bf00      	nop

10005f00 <adc_init>:
10005f00:	2301      	movs	r3, #1
10005f02:	4807      	ldr	r0, [pc, #28]	@ (10005f20 <adc_init+0x20>)
10005f04:	4907      	ldr	r1, [pc, #28]	@ (10005f24 <adc_init+0x24>)
10005f06:	4a08      	ldr	r2, [pc, #32]	@ (10005f28 <adc_init+0x28>)
10005f08:	6003      	str	r3, [r0, #0]
10005f0a:	600b      	str	r3, [r1, #0]
10005f0c:	6893      	ldr	r3, [r2, #8]
10005f0e:	07d9      	lsls	r1, r3, #31
10005f10:	d5fc      	bpl.n	10005f0c <adc_init+0xc>
10005f12:	2301      	movs	r3, #1
10005f14:	4a05      	ldr	r2, [pc, #20]	@ (10005f2c <adc_init+0x2c>)
10005f16:	6013      	str	r3, [r2, #0]
10005f18:	6813      	ldr	r3, [r2, #0]
10005f1a:	05db      	lsls	r3, r3, #23
10005f1c:	d5fc      	bpl.n	10005f18 <adc_init+0x18>
10005f1e:	4770      	bx	lr
10005f20:	40022000 	.word	0x40022000
10005f24:	40023000 	.word	0x40023000
10005f28:	40020000 	.word	0x40020000
10005f2c:	400a0000 	.word	0x400a0000

10005f30 <spi_init>:
10005f30:	4b38      	ldr	r3, [pc, #224]	@ (10006014 <spi_init+0xe4>)
10005f32:	e92d 47f0 	stmdb	sp!, {r4, r5, r6, r7, r8, r9, sl, lr}
10005f36:	4298      	cmp	r0, r3
10005f38:	bf14      	ite	ne
10005f3a:	f44f 2300 	movne.w	r3, #524288	@ 0x80000
10005f3e:	f44f 2380 	moveq.w	r3, #262144	@ 0x40000
10005f42:	4607      	mov	r7, r0
10005f44:	460e      	mov	r6, r1
10005f46:	4d34      	ldr	r5, [pc, #208]	@ (10006018 <spi_init+0xe8>)
10005f48:	4c34      	ldr	r4, [pc, #208]	@ (1000601c <spi_init+0xec>)
10005f4a:	4a35      	ldr	r2, [pc, #212]	@ (10006020 <spi_init+0xf0>)
10005f4c:	602b      	str	r3, [r5, #0]
10005f4e:	6023      	str	r3, [r4, #0]
10005f50:	6895      	ldr	r5, [r2, #8]
10005f52:	ea33 0505 	bics.w	r5, r3, r5
10005f56:	d1fb      	bne.n	10005f50 <spi_init+0x20>
10005f58:	2006      	movs	r0, #6
10005f5a:	f7fb fb5b 	bl	10001614 <clock_get_hz>
10005f5e:	4639      	mov	r1, r7
10005f60:	f04f 0a02 	mov.w	sl, #2
10005f64:	f851 ef04 	ldr.w	lr, [r1, #4]!
10005f68:	ea4f 59d6 	mov.w	r9, r6, lsr #23
10005f6c:	ea4f 2c46 	mov.w	ip, r6, lsl #9
10005f70:	f501 5840 	add.w	r8, r1, #12288	@ 0x3000
10005f74:	4663      	mov	r3, ip
10005f76:	464a      	mov	r2, r9
10005f78:	4654      	mov	r4, sl
10005f7a:	ea0e 0e0a 	and.w	lr, lr, sl
10005f7e:	f8c8 a000 	str.w	sl, [r8]
10005f82:	e008      	b.n	10005f96 <spi_init+0x66>
10005f84:	eb13 030c 	adds.w	r3, r3, ip
10005f88:	f104 0402 	add.w	r4, r4, #2
10005f8c:	eb42 0209 	adc.w	r2, r2, r9
10005f90:	f5b4 7f80 	cmp.w	r4, #256	@ 0x100
10005f94:	d003      	beq.n	10005f9e <spi_init+0x6e>
10005f96:	4298      	cmp	r0, r3
10005f98:	eb75 0a02 	sbcs.w	sl, r5, r2
10005f9c:	d2f2      	bcs.n	10005f84 <spi_init+0x54>
10005f9e:	f44f 7380 	mov.w	r3, #256	@ 0x100
10005fa2:	ebc4 2204 	rsb	r2, r4, r4, lsl #8
10005fa6:	e001      	b.n	10005fac <spi_init+0x7c>
10005fa8:	2b01      	cmp	r3, #1
10005faa:	d030      	beq.n	1000600e <spi_init+0xde>
10005fac:	fbb0 fcf2 	udiv	ip, r0, r2
10005fb0:	4566      	cmp	r6, ip
10005fb2:	4699      	mov	r9, r3
10005fb4:	eba2 0204 	sub.w	r2, r2, r4
10005fb8:	f103 33ff 	add.w	r3, r3, #4294967295
10005fbc:	d2f4      	bcs.n	10005fa8 <spi_init+0x78>
10005fbe:	fb09 f904 	mul.w	r9, r9, r4
10005fc2:	021d      	lsls	r5, r3, #8
10005fc4:	613c      	str	r4, [r7, #16]
10005fc6:	2402      	movs	r4, #2
10005fc8:	463b      	mov	r3, r7
10005fca:	2603      	movs	r6, #3
10005fcc:	683a      	ldr	r2, [r7, #0]
10005fce:	f501 5100 	add.w	r1, r1, #8192	@ 0x2000
10005fd2:	406a      	eors	r2, r5
10005fd4:	f507 5c80 	add.w	ip, r7, #4096	@ 0x1000
10005fd8:	f402 427f 	and.w	r2, r2, #65280	@ 0xff00
10005fdc:	f8cc 2000 	str.w	r2, [ip]
10005fe0:	f8c1 e000 	str.w	lr, [r1]
10005fe4:	687d      	ldr	r5, [r7, #4]
10005fe6:	f8c8 4000 	str.w	r4, [r8]
10005fea:	f853 2b24 	ldr.w	r2, [r3], #36
10005fee:	4025      	ands	r5, r4
10005ff0:	f082 0207 	eor.w	r2, r2, #7
10005ff4:	f002 02cf 	and.w	r2, r2, #207	@ 0xcf
10005ff8:	f503 5300 	add.w	r3, r3, #8192	@ 0x2000
10005ffc:	f8cc 2000 	str.w	r2, [ip]
10006000:	fbb0 f0f9 	udiv	r0, r0, r9
10006004:	600d      	str	r5, [r1, #0]
10006006:	601e      	str	r6, [r3, #0]
10006008:	600c      	str	r4, [r1, #0]
1000600a:	e8bd 87f0 	ldmia.w	sp!, {r4, r5, r6, r7, r8, r9, sl, pc}
1000600e:	46a1      	mov	r9, r4
10006010:	e7d8      	b.n	10005fc4 <spi_init+0x94>
10006012:	bf00      	nop
10006014:	40080000 	.word	0x40080000
10006018:	40022000 	.word	0x40022000
1000601c:	40023000 	.word	0x40023000
10006020:	40020000 	.word	0x40020000

10006024 <button_state_init>:
10006024:	2300      	movs	r3, #0
10006026:	b430      	push	{r4, r5}
10006028:	4c05      	ldr	r4, [pc, #20]	@ (10006040 <button_state_init+0x1c>)
1000602a:	4d06      	ldr	r5, [pc, #24]	@ (10006044 <button_state_init+0x20>)
1000602c:	4806      	ldr	r0, [pc, #24]	@ (10006048 <button_state_init+0x24>)
1000602e:	4907      	ldr	r1, [pc, #28]	@ (1000604c <button_state_init+0x28>)
10006030:	4a07      	ldr	r2, [pc, #28]	@ (10006050 <button_state_init+0x2c>)
10006032:	7023      	strb	r3, [r4, #0]
10006034:	702b      	strb	r3, [r5, #0]
10006036:	7003      	strb	r3, [r0, #0]
10006038:	600b      	str	r3, [r1, #0]
1000603a:	7013      	strb	r3, [r2, #0]
1000603c:	bc30      	pop	{r4, r5}
1000603e:	4770      	bx	lr
10006040:	20001f12 	.word	0x20001f12
10006044:	20001f16 	.word	0x20001f16
10006048:	20001f15 	.word	0x20001f15
1000604c:	20001a90 	.word	0x20001a90
10006050:	20001f13 	.word	0x20001f13

10006054 <button_init>:
10006054:	b508      	push	{r3, lr}
10006056:	2019      	movs	r0, #25
10006058:	f7fa faac 	bl	100005b4 <gpio_init>
1000605c:	2019      	movs	r0, #25
1000605e:	f04f 0300 	mov.w	r3, #0
10006062:	ec43 0044 	gpioc_bit_oe_put r0, r3
10006066:	e8bd 4008 	ldmia.w	sp!, {r3, lr}
1000606a:	2101      	movs	r1, #1
1000606c:	2200      	movs	r2, #0
1000606e:	f7fa ba7d 	b.w	1000056c <gpio_set_pulls>
10006072:	bf00      	nop

10006074 <button_state_update>:
10006074:	b410      	push	{r4}
10006076:	4b18      	ldr	r3, [pc, #96]	@ (100060d8 <button_state_update+0x64>)
10006078:	b108      	cbz	r0, 1000607e <button_state_update+0xa>
1000607a:	781a      	ldrb	r2, [r3, #0]
1000607c:	b132      	cbz	r2, 1000608c <button_state_update+0x18>
1000607e:	4a17      	ldr	r2, [pc, #92]	@ (100060dc <button_state_update+0x68>)
10006080:	7814      	ldrb	r4, [r2, #0]
10006082:	b9a4      	cbnz	r4, 100060ae <button_state_update+0x3a>
10006084:	f85d 4b04 	ldr.w	r4, [sp], #4
10006088:	7018      	strb	r0, [r3, #0]
1000608a:	4770      	bx	lr
1000608c:	4a14      	ldr	r2, [pc, #80]	@ (100060e0 <button_state_update+0x6c>)
1000608e:	7814      	ldrb	r4, [r2, #0]
10006090:	2c00      	cmp	r4, #0
10006092:	d1f4      	bne.n	1000607e <button_state_update+0xa>
10006094:	4c13      	ldr	r4, [pc, #76]	@ (100060e4 <button_state_update+0x70>)
10006096:	f04f 0c01 	mov.w	ip, #1
1000609a:	6021      	str	r1, [r4, #0]
1000609c:	2102      	movs	r1, #2
1000609e:	4c0f      	ldr	r4, [pc, #60]	@ (100060dc <button_state_update+0x68>)
100060a0:	f884 c000 	strb.w	ip, [r4]
100060a4:	7011      	strb	r1, [r2, #0]
100060a6:	f85d 4b04 	ldr.w	r4, [sp], #4
100060aa:	7018      	strb	r0, [r3, #0]
100060ac:	4770      	bx	lr
100060ae:	4c0d      	ldr	r4, [pc, #52]	@ (100060e4 <button_state_update+0x70>)
100060b0:	6824      	ldr	r4, [r4, #0]
100060b2:	1b09      	subs	r1, r1, r4
100060b4:	f641 3457 	movw	r4, #6999	@ 0x1b57
100060b8:	42a1      	cmp	r1, r4
100060ba:	d9e3      	bls.n	10006084 <button_state_update+0x10>
100060bc:	f04f 0c03 	mov.w	ip, #3
100060c0:	2401      	movs	r4, #1
100060c2:	4907      	ldr	r1, [pc, #28]	@ (100060e0 <button_state_update+0x6c>)
100060c4:	f881 c000 	strb.w	ip, [r1]
100060c8:	4907      	ldr	r1, [pc, #28]	@ (100060e8 <button_state_update+0x74>)
100060ca:	700c      	strb	r4, [r1, #0]
100060cc:	2100      	movs	r1, #0
100060ce:	7011      	strb	r1, [r2, #0]
100060d0:	f85d 4b04 	ldr.w	r4, [sp], #4
100060d4:	7018      	strb	r0, [r3, #0]
100060d6:	4770      	bx	lr
100060d8:	20001f15 	.word	0x20001f15
100060dc:	20001f16 	.word	0x20001f16
100060e0:	20001f12 	.word	0x20001f12
100060e4:	20001a90 	.word	0x20001a90
100060e8:	20001f13 	.word	0x20001f13

100060ec <hatch_gear_timer_init>:
100060ec:	2300      	movs	r3, #0
100060ee:	4902      	ldr	r1, [pc, #8]	@ (100060f8 <hatch_gear_timer_init+0xc>)
100060f0:	4a02      	ldr	r2, [pc, #8]	@ (100060fc <hatch_gear_timer_init+0x10>)
100060f2:	700b      	strb	r3, [r1, #0]
100060f4:	6013      	str	r3, [r2, #0]
100060f6:	4770      	bx	lr
100060f8:	20001f14 	.word	0x20001f14
100060fc:	20001a94 	.word	0x20001a94

10006100 <hatch_gear_pwm_init>:
10006100:	b508      	push	{r3, lr}
10006102:	f240 51dc 	movw	r1, #1500	@ 0x5dc
10006106:	2017      	movs	r0, #23
10006108:	f000 f992 	bl	10006430 <servo_pwm_init_us>
1000610c:	f640 1142 	movw	r1, #2370	@ 0x942
10006110:	2001      	movs	r0, #1
10006112:	f000 f98d 	bl	10006430 <servo_pwm_init_us>
10006116:	f640 1124 	movw	r1, #2340	@ 0x924
1000611a:	2018      	movs	r0, #24
1000611c:	f000 f988 	bl	10006430 <servo_pwm_init_us>
10006120:	e8bd 4008 	ldmia.w	sp!, {r3, lr}
10006124:	f44f 619b 	mov.w	r1, #1240	@ 0x4d8
10006128:	2006      	movs	r0, #6
1000612a:	f000 b981 	b.w	10006430 <servo_pwm_init_us>
1000612e:	bf00      	nop

10006130 <hatch_gear_timer_update>:
10006130:	b510      	push	{r4, lr}
10006132:	f7fb f9eb 	bl	1000150c <time_us_64>
10006136:	b1c1      	cbz	r1, 1000616a <hatch_gear_timer_update+0x3a>
10006138:	f44f 727a 	mov.w	r2, #1000	@ 0x3e8
1000613c:	2300      	movs	r3, #0
1000613e:	f000 fec3 	bl	10006ec8 <____aeabi_uldivmod_veneer>
10006142:	4920      	ldr	r1, [pc, #128]	@ (100061c4 <hatch_gear_timer_update+0x94>)
10006144:	4a20      	ldr	r2, [pc, #128]	@ (100061c8 <hatch_gear_timer_update+0x98>)
10006146:	780c      	ldrb	r4, [r1, #0]
10006148:	7813      	ldrb	r3, [r2, #0]
1000614a:	b13c      	cbz	r4, 1000615c <hatch_gear_timer_update+0x2c>
1000614c:	2400      	movs	r4, #0
1000614e:	700c      	strb	r4, [r1, #0]
10006150:	b923      	cbnz	r3, 1000615c <hatch_gear_timer_update+0x2c>
10006152:	2301      	movs	r3, #1
10006154:	491d      	ldr	r1, [pc, #116]	@ (100061cc <hatch_gear_timer_update+0x9c>)
10006156:	7013      	strb	r3, [r2, #0]
10006158:	6008      	str	r0, [r1, #0]
1000615a:	bd10      	pop	{r4, pc}
1000615c:	3b01      	subs	r3, #1
1000615e:	2b03      	cmp	r3, #3
10006160:	d8fb      	bhi.n	1000615a <hatch_gear_timer_update+0x2a>
10006162:	e8df f003 	tbb	[pc, r3]
10006166:	1b25      	.short	0x1b25
10006168:	0711      	.short	0x0711
1000616a:	4a19      	ldr	r2, [pc, #100]	@ (100061d0 <hatch_gear_timer_update+0xa0>)
1000616c:	fba2 2000 	umull	r2, r0, r2, r0
10006170:	0980      	lsrs	r0, r0, #6
10006172:	e7e6      	b.n	10006142 <hatch_gear_timer_update+0x12>
10006174:	4915      	ldr	r1, [pc, #84]	@ (100061cc <hatch_gear_timer_update+0x9c>)
10006176:	680b      	ldr	r3, [r1, #0]
10006178:	1ac3      	subs	r3, r0, r3
1000617a:	f5b3 7f2f 	cmp.w	r3, #700	@ 0x2bc
1000617e:	d3ec      	bcc.n	1000615a <hatch_gear_timer_update+0x2a>
10006180:	2305      	movs	r3, #5
10006182:	7013      	strb	r3, [r2, #0]
10006184:	6008      	str	r0, [r1, #0]
10006186:	bd10      	pop	{r4, pc}
10006188:	4910      	ldr	r1, [pc, #64]	@ (100061cc <hatch_gear_timer_update+0x9c>)
1000618a:	680b      	ldr	r3, [r1, #0]
1000618c:	1ac3      	subs	r3, r0, r3
1000618e:	f5b3 7f2f 	cmp.w	r3, #700	@ 0x2bc
10006192:	d3e2      	bcc.n	1000615a <hatch_gear_timer_update+0x2a>
10006194:	2304      	movs	r3, #4
10006196:	7013      	strb	r3, [r2, #0]
10006198:	6008      	str	r0, [r1, #0]
1000619a:	bd10      	pop	{r4, pc}
1000619c:	490b      	ldr	r1, [pc, #44]	@ (100061cc <hatch_gear_timer_update+0x9c>)
1000619e:	680b      	ldr	r3, [r1, #0]
100061a0:	1ac3      	subs	r3, r0, r3
100061a2:	f5b3 7f2f 	cmp.w	r3, #700	@ 0x2bc
100061a6:	d3d8      	bcc.n	1000615a <hatch_gear_timer_update+0x2a>
100061a8:	2303      	movs	r3, #3
100061aa:	7013      	strb	r3, [r2, #0]
100061ac:	6008      	str	r0, [r1, #0]
100061ae:	bd10      	pop	{r4, pc}
100061b0:	4906      	ldr	r1, [pc, #24]	@ (100061cc <hatch_gear_timer_update+0x9c>)
100061b2:	680b      	ldr	r3, [r1, #0]
100061b4:	1ac3      	subs	r3, r0, r3
100061b6:	f5b3 7f2f 	cmp.w	r3, #700	@ 0x2bc
100061ba:	d3ce      	bcc.n	1000615a <hatch_gear_timer_update+0x2a>
100061bc:	2302      	movs	r3, #2
100061be:	7013      	strb	r3, [r2, #0]
100061c0:	6008      	str	r0, [r1, #0]
100061c2:	bd10      	pop	{r4, pc}
100061c4:	20001f13 	.word	0x20001f13
100061c8:	20001f14 	.word	0x20001f14
100061cc:	20001a94 	.word	0x20001a94
100061d0:	10624dd3 	.word	0x10624dd3

100061d4 <now_ms>:
100061d4:	b508      	push	{r3, lr}
100061d6:	f7fb f999 	bl	1000150c <time_us_64>
100061da:	b129      	cbz	r1, 100061e8 <now_ms+0x14>
100061dc:	f44f 727a 	mov.w	r2, #1000	@ 0x3e8
100061e0:	2300      	movs	r3, #0
100061e2:	f000 fe71 	bl	10006ec8 <____aeabi_uldivmod_veneer>
100061e6:	bd08      	pop	{r3, pc}
100061e8:	4a02      	ldr	r2, [pc, #8]	@ (100061f4 <now_ms+0x20>)
100061ea:	fba2 2000 	umull	r2, r0, r2, r0
100061ee:	0980      	lsrs	r0, r0, #6
100061f0:	bd08      	pop	{r3, pc}
100061f2:	bf00      	nop
100061f4:	10624dd3 	.word	0x10624dd3

100061f8 <hatch_gear_controller>:
100061f8:	b570      	push	{r4, r5, r6, lr}
100061fa:	4b21      	ldr	r3, [pc, #132]	@ (10006280 <hatch_gear_controller+0x88>)
100061fc:	781b      	ldrb	r3, [r3, #0]
100061fe:	3b01      	subs	r3, #1
10006200:	2b03      	cmp	r3, #3
10006202:	d836      	bhi.n	10006272 <hatch_gear_controller+0x7a>
10006204:	e8df f003 	tbb	[pc, r3]
10006208:	021b2430 	.word	0x021b2430
1000620c:	f240 73e4 	movw	r3, #2020	@ 0x7e4
10006210:	4619      	mov	r1, r3
10006212:	4a1c      	ldr	r2, [pc, #112]	@ (10006284 <hatch_gear_controller+0x8c>)
10006214:	4d1c      	ldr	r5, [pc, #112]	@ (10006288 <hatch_gear_controller+0x90>)
10006216:	4c1d      	ldr	r4, [pc, #116]	@ (1000628c <hatch_gear_controller+0x94>)
10006218:	4e1d      	ldr	r6, [pc, #116]	@ (10006290 <hatch_gear_controller+0x98>)
1000621a:	8013      	strh	r3, [r2, #0]
1000621c:	2017      	movs	r0, #23
1000621e:	f000 f943 	bl	100064a8 <servo_pwm_write_us>
10006222:	8831      	ldrh	r1, [r6, #0]
10006224:	2001      	movs	r0, #1
10006226:	f000 f93f 	bl	100064a8 <servo_pwm_write_us>
1000622a:	8829      	ldrh	r1, [r5, #0]
1000622c:	2018      	movs	r0, #24
1000622e:	f000 f93b 	bl	100064a8 <servo_pwm_write_us>
10006232:	8821      	ldrh	r1, [r4, #0]
10006234:	2006      	movs	r0, #6
10006236:	e8bd 4070 	ldmia.w	sp!, {r4, r5, r6, lr}
1000623a:	f000 b935 	b.w	100064a8 <servo_pwm_write_us>
1000623e:	f240 7344 	movw	r3, #1860	@ 0x744
10006242:	4e13      	ldr	r6, [pc, #76]	@ (10006290 <hatch_gear_controller+0x98>)
10006244:	4a0f      	ldr	r2, [pc, #60]	@ (10006284 <hatch_gear_controller+0x8c>)
10006246:	4d10      	ldr	r5, [pc, #64]	@ (10006288 <hatch_gear_controller+0x90>)
10006248:	8811      	ldrh	r1, [r2, #0]
1000624a:	4c10      	ldr	r4, [pc, #64]	@ (1000628c <hatch_gear_controller+0x94>)
1000624c:	8033      	strh	r3, [r6, #0]
1000624e:	e7e5      	b.n	1000621c <hatch_gear_controller+0x24>
10006250:	f44f 628c 	mov.w	r2, #1120	@ 0x460
10006254:	f640 136a 	movw	r3, #2410	@ 0x96a
10006258:	4d0b      	ldr	r5, [pc, #44]	@ (10006288 <hatch_gear_controller+0x90>)
1000625a:	4c0c      	ldr	r4, [pc, #48]	@ (1000628c <hatch_gear_controller+0x94>)
1000625c:	4909      	ldr	r1, [pc, #36]	@ (10006284 <hatch_gear_controller+0x8c>)
1000625e:	4e0c      	ldr	r6, [pc, #48]	@ (10006290 <hatch_gear_controller+0x98>)
10006260:	8809      	ldrh	r1, [r1, #0]
10006262:	802a      	strh	r2, [r5, #0]
10006264:	8023      	strh	r3, [r4, #0]
10006266:	e7d9      	b.n	1000621c <hatch_gear_controller+0x24>
10006268:	f44f 62d7 	mov.w	r2, #1720	@ 0x6b8
1000626c:	f240 734e 	movw	r3, #1870	@ 0x74e
10006270:	e7f2      	b.n	10006258 <hatch_gear_controller+0x60>
10006272:	4b04      	ldr	r3, [pc, #16]	@ (10006284 <hatch_gear_controller+0x8c>)
10006274:	4d04      	ldr	r5, [pc, #16]	@ (10006288 <hatch_gear_controller+0x90>)
10006276:	8819      	ldrh	r1, [r3, #0]
10006278:	4c04      	ldr	r4, [pc, #16]	@ (1000628c <hatch_gear_controller+0x94>)
1000627a:	4e05      	ldr	r6, [pc, #20]	@ (10006290 <hatch_gear_controller+0x98>)
1000627c:	e7ce      	b.n	1000621c <hatch_gear_controller+0x24>
1000627e:	bf00      	nop
10006280:	20001f14 	.word	0x20001f14
10006284:	200012b0 	.word	0x200012b0
10006288:	200012ac 	.word	0x200012ac
1000628c:	200012aa 	.word	0x200012aa
10006290:	200012ae 	.word	0x200012ae

10006294 <tail_setup>:
10006294:	b508      	push	{r3, lr}
10006296:	201d      	movs	r0, #29
10006298:	f000 f89c 	bl	100063d4 <servo_adc_init>
1000629c:	201c      	movs	r0, #28
1000629e:	f000 f899 	bl	100063d4 <servo_adc_init>
100062a2:	f240 51c9 	movw	r1, #1481	@ 0x5c9
100062a6:	2004      	movs	r0, #4
100062a8:	f000 f8c2 	bl	10006430 <servo_pwm_init_us>
100062ac:	e8bd 4008 	ldmia.w	sp!, {r3, lr}
100062b0:	f240 6177 	movw	r1, #1655	@ 0x677
100062b4:	2005      	movs	r0, #5
100062b6:	f000 b8bb 	b.w	10006430 <servo_pwm_init_us>
100062ba:	bf00      	nop

100062bc <tail_controller_with_adc_values>:
100062bc:	b570      	push	{r4, r5, r6, lr}
100062be:	4614      	mov	r4, r2
100062c0:	461e      	mov	r6, r3
100062c2:	2900      	cmp	r1, #0
100062c4:	d071      	beq.n	100063aa <tail_controller_with_adc_values+0xee>
100062c6:	4605      	mov	r5, r0
100062c8:	2e00      	cmp	r6, #0
100062ca:	d069      	beq.n	100063a0 <tail_controller_with_adc_values+0xe4>
100062cc:	f5b5 7f48 	cmp.w	r5, #800	@ 0x320
100062d0:	bf38      	it	cc
100062d2:	f44f 7548 	movcc.w	r5, #800	@ 0x320
100062d6:	f640 42e4 	movw	r2, #3300	@ 0xce4
100062da:	b2ab      	uxth	r3, r5
100062dc:	4293      	cmp	r3, r2
100062de:	bf28      	it	cs
100062e0:	4613      	movcs	r3, r2
100062e2:	f5c3 63ff 	rsb	r3, r3, #2040	@ 0x7f8
100062e6:	f113 0f63 	cmn.w	r3, #99	@ 0x63
100062ea:	db0e      	blt.n	1000630a <tail_controller_with_adc_values+0x4e>
100062ec:	2b63      	cmp	r3, #99	@ 0x63
100062ee:	dd68      	ble.n	100063c2 <tail_controller_with_adc_values+0x106>
100062f0:	f240 1261 	movw	r2, #353	@ 0x161
100062f4:	fb03 f103 	mul.w	r1, r3, r3
100062f8:	fb02 f101 	mul.w	r1, r2, r1
100062fc:	4b32      	ldr	r3, [pc, #200]	@ (100063c8 <tail_controller_with_adc_values+0x10c>)
100062fe:	fba3 3101 	umull	r3, r1, r3, r1
10006302:	0d09      	lsrs	r1, r1, #20
10006304:	f201 51c9 	addw	r1, r1, #1481	@ 0x5c9
10006308:	e00d      	b.n	10006326 <tail_controller_with_adc_values+0x6a>
1000630a:	f46f 71a6 	mvn.w	r1, #332	@ 0x14c
1000630e:	fb03 f303 	mul.w	r3, r3, r3
10006312:	fb01 f303 	mul.w	r3, r1, r3
10006316:	4a2d      	ldr	r2, [pc, #180]	@ (100063cc <tail_controller_with_adc_values+0x110>)
10006318:	fb82 1203 	smull	r1, r2, r2, r3
1000631c:	17d9      	asrs	r1, r3, #31
1000631e:	ebc1 41a2 	rsb	r1, r1, r2, asr #18
10006322:	f201 51c9 	addw	r1, r1, #1481	@ 0x5c9
10006326:	b289      	uxth	r1, r1
10006328:	2004      	movs	r0, #4
1000632a:	f000 f8bd 	bl	100064a8 <servo_pwm_write_us>
1000632e:	f240 52dc 	movw	r2, #1500	@ 0x5dc
10006332:	4294      	cmp	r4, r2
10006334:	bf38      	it	cc
10006336:	4614      	movcc	r4, r2
10006338:	f640 733c 	movw	r3, #3900	@ 0xf3c
1000633c:	b2a2      	uxth	r2, r4
1000633e:	429a      	cmp	r2, r3
10006340:	bf28      	it	cs
10006342:	461a      	movcs	r2, r3
10006344:	f6a2 228c 	subw	r2, r2, #2700	@ 0xa8c
10006348:	f512 7f96 	cmn.w	r2, #300	@ 0x12c
1000634c:	dd13      	ble.n	10006376 <tail_controller_with_adc_values+0xba>
1000634e:	f5b2 7f96 	cmp.w	r2, #300	@ 0x12c
10006352:	db2f      	blt.n	100063b4 <tail_controller_with_adc_values+0xf8>
10006354:	f44f 70ed 	mov.w	r0, #474	@ 0x1da
10006358:	fb02 f102 	mul.w	r1, r2, r2
1000635c:	fb00 f101 	mul.w	r1, r0, r1
10006360:	f503 133a 	add.w	r3, r3, #3047424	@ 0x2e8000
10006364:	f603 333b 	addw	r3, r3, #2875	@ 0xb3b
10006368:	0a09      	lsrs	r1, r1, #8
1000636a:	fba3 3101 	umull	r3, r1, r3, r1
1000636e:	0889      	lsrs	r1, r1, #2
10006370:	f201 6177 	addw	r1, r1, #1655	@ 0x677
10006374:	e00e      	b.n	10006394 <tail_controller_with_adc_values+0xd8>
10006376:	fb02 f202 	mul.w	r2, r2, r2
1000637a:	ebc2 51c2 	rsb	r1, r2, r2, lsl #23
1000637e:	ebc2 1281 	rsb	r2, r2, r1, lsl #6
10006382:	4b13      	ldr	r3, [pc, #76]	@ (100063d0 <tail_controller_with_adc_values+0x114>)
10006384:	00d2      	lsls	r2, r2, #3
10006386:	fb83 1302 	smull	r1, r3, r3, r2
1000638a:	17d1      	asrs	r1, r2, #31
1000638c:	ebc1 41e3 	rsb	r1, r1, r3, asr #19
10006390:	f201 6177 	addw	r1, r1, #1655	@ 0x677
10006394:	2005      	movs	r0, #5
10006396:	e8bd 4070 	ldmia.w	sp!, {r4, r5, r6, lr}
1000639a:	b289      	uxth	r1, r1
1000639c:	f000 b884 	b.w	100064a8 <servo_pwm_write_us>
100063a0:	2002      	movs	r0, #2
100063a2:	f000 f82b 	bl	100063fc <servo_adc_read_avg>
100063a6:	4604      	mov	r4, r0
100063a8:	e790      	b.n	100062cc <tail_controller_with_adc_values+0x10>
100063aa:	2003      	movs	r0, #3
100063ac:	f000 f826 	bl	100063fc <servo_adc_read_avg>
100063b0:	4605      	mov	r5, r0
100063b2:	e789      	b.n	100062c8 <tail_controller_with_adc_values+0xc>
100063b4:	f240 6177 	movw	r1, #1655	@ 0x677
100063b8:	e8bd 4070 	ldmia.w	sp!, {r4, r5, r6, lr}
100063bc:	2005      	movs	r0, #5
100063be:	f000 b873 	b.w	100064a8 <servo_pwm_write_us>
100063c2:	f240 51c9 	movw	r1, #1481	@ 0x5c9
100063c6:	e7af      	b.n	10006328 <tail_controller_with_adc_values+0x6c>
100063c8:	ae94b013 	.word	0xae94b013
100063cc:	2a45487f 	.word	0x2a45487f
100063d0:	5d34edef 	.word	0x5d34edef

100063d4 <servo_adc_init>:
100063d4:	b510      	push	{r4, lr}
100063d6:	4604      	mov	r4, r0
100063d8:	f7ff fd92 	bl	10005f00 <adc_init>
100063dc:	4620      	mov	r0, r4
100063de:	211f      	movs	r1, #31
100063e0:	f7fa f8a6 	bl	10000530 <gpio_set_function>
100063e4:	2200      	movs	r2, #0
100063e6:	4620      	mov	r0, r4
100063e8:	4611      	mov	r1, r2
100063ea:	f7fa f8bf 	bl	1000056c <gpio_set_pulls>
100063ee:	4620      	mov	r0, r4
100063f0:	e8bd 4010 	ldmia.w	sp!, {r4, lr}
100063f4:	2100      	movs	r1, #0
100063f6:	f7fa b8cd 	b.w	10000594 <gpio_set_input_enabled>
100063fa:	bf00      	nop

100063fc <servo_adc_read_avg>:
100063fc:	b430      	push	{r4, r5}
100063fe:	2404      	movs	r4, #4
10006400:	4a08      	ldr	r2, [pc, #32]	@ (10006424 <servo_adc_read_avg+0x28>)
10006402:	4d09      	ldr	r5, [pc, #36]	@ (10006428 <servo_adc_read_avg+0x2c>)
10006404:	6813      	ldr	r3, [r2, #0]
10006406:	4909      	ldr	r1, [pc, #36]	@ (1000642c <servo_adc_read_avg+0x30>)
10006408:	ea83 3300 	eor.w	r3, r3, r0, lsl #12
1000640c:	f403 4370 	and.w	r3, r3, #61440	@ 0xf000
10006410:	602b      	str	r3, [r5, #0]
10006412:	600c      	str	r4, [r1, #0]
10006414:	6813      	ldr	r3, [r2, #0]
10006416:	05db      	lsls	r3, r3, #23
10006418:	d5fc      	bpl.n	10006414 <servo_adc_read_avg+0x18>
1000641a:	bc30      	pop	{r4, r5}
1000641c:	6850      	ldr	r0, [r2, #4]
1000641e:	b280      	uxth	r0, r0
10006420:	4770      	bx	lr
10006422:	bf00      	nop
10006424:	400a0000 	.word	0x400a0000
10006428:	400a1000 	.word	0x400a1000
1000642c:	400a2000 	.word	0x400a2000

10006430 <servo_pwm_init_us>:
10006430:	b5f8      	push	{r3, r4, r5, r6, r7, lr}
10006432:	4605      	mov	r5, r0
10006434:	460c      	mov	r4, r1
10006436:	2104      	movs	r1, #4
10006438:	f7fa f87a 	bl	10000530 <gpio_set_function>
1000643c:	086b      	lsrs	r3, r5, #1
1000643e:	2d1f      	cmp	r5, #31
10006440:	bf88      	it	hi
10006442:	f003 0303 	andhi.w	r3, r3, #3
10006446:	f04f 0100 	mov.w	r1, #0
1000644a:	bf94      	ite	ls
1000644c:	f003 0307 	andls.w	r3, r3, #7
10006450:	3308      	addhi	r3, #8
10006452:	f644 671f 	movw	r7, #19999	@ 0x4e1f
10006456:	f44f 66fa 	mov.w	r6, #2000	@ 0x7d0
1000645a:	2001      	movs	r0, #1
1000645c:	46a4      	mov	ip, r4
1000645e:	eb03 0383 	add.w	r3, r3, r3, lsl #2
10006462:	4c0f      	ldr	r4, [pc, #60]	@ (100064a0 <servo_pwm_init_us+0x70>)
10006464:	009b      	lsls	r3, r3, #2
10006466:	441c      	add	r4, r3
10006468:	f103 4280 	add.w	r2, r3, #1073741824	@ 0x40000000
1000646c:	07eb      	lsls	r3, r5, #31
1000646e:	bf58      	it	pl
10006470:	f64f 73ff 	movwpl	r3, #65535	@ 0xffff
10006474:	f502 2228 	add.w	r2, r2, #688128	@ 0xa8000
10006478:	6011      	str	r1, [r2, #0]
1000647a:	6091      	str	r1, [r2, #8]
1000647c:	60d1      	str	r1, [r2, #12]
1000647e:	6117      	str	r7, [r2, #16]
10006480:	6056      	str	r6, [r2, #4]
10006482:	6010      	str	r0, [r2, #0]
10006484:	6821      	ldr	r1, [r4, #0]
10006486:	bf44      	itt	mi
10006488:	4b06      	ldrmi	r3, [pc, #24]	@ (100064a4 <servo_pwm_init_us+0x74>)
1000648a:	ea4f 4c0c 	movmi.w	ip, ip, lsl #16
1000648e:	ea81 010c 	eor.w	r1, r1, ip
10006492:	f504 5480 	add.w	r4, r4, #4096	@ 0x1000
10006496:	4019      	ands	r1, r3
10006498:	2001      	movs	r0, #1
1000649a:	6021      	str	r1, [r4, #0]
1000649c:	bdf8      	pop	{r3, r4, r5, r6, r7, pc}
1000649e:	bf00      	nop
100064a0:	400a800c 	.word	0x400a800c
100064a4:	ffff0000 	.word	0xffff0000

100064a8 <servo_pwm_write_us>:
100064a8:	f640 13c4 	movw	r3, #2500	@ 0x9c4
100064ac:	4299      	cmp	r1, r3
100064ae:	bf28      	it	cs
100064b0:	4619      	movcs	r1, r3
100064b2:	f5b1 7ffa 	cmp.w	r1, #500	@ 0x1f4
100064b6:	ea4f 0350 	mov.w	r3, r0, lsr #1
100064ba:	bf38      	it	cc
100064bc:	f44f 71fa 	movcc.w	r1, #500	@ 0x1f4
100064c0:	281f      	cmp	r0, #31
100064c2:	bf8a      	itet	hi
100064c4:	f003 0303 	andhi.w	r3, r3, #3
100064c8:	f003 0307 	andls.w	r3, r3, #7
100064cc:	3308      	addhi	r3, #8
100064ce:	4a09      	ldr	r2, [pc, #36]	@ (100064f4 <servo_pwm_write_us+0x4c>)
100064d0:	eb03 0383 	add.w	r3, r3, r3, lsl #2
100064d4:	009b      	lsls	r3, r3, #2
100064d6:	441a      	add	r2, r3
100064d8:	07c3      	lsls	r3, r0, #31
100064da:	bf58      	it	pl
100064dc:	f64f 70ff 	movwpl	r0, #65535	@ 0xffff
100064e0:	6813      	ldr	r3, [r2, #0]
100064e2:	bf44      	itt	mi
100064e4:	4804      	ldrmi	r0, [pc, #16]	@ (100064f8 <servo_pwm_write_us+0x50>)
100064e6:	0409      	lslmi	r1, r1, #16
100064e8:	404b      	eors	r3, r1
100064ea:	f502 5280 	add.w	r2, r2, #4096	@ 0x1000
100064ee:	4003      	ands	r3, r0
100064f0:	6013      	str	r3, [r2, #0]
100064f2:	4770      	bx	lr
100064f4:	400a800c 	.word	0x400a800c
100064f8:	ffff0000 	.word	0xffff0000

100064fc <mcp2515_write_registers.constprop.0>:
100064fc:	b5f0      	push	{r4, r5, r6, r7, lr}
100064fe:	6843      	ldr	r3, [r0, #4]
10006500:	b083      	sub	sp, #12
10006502:	2700      	movs	r7, #0
10006504:	4605      	mov	r5, r0
10006506:	460c      	mov	r4, r1
10006508:	4616      	mov	r6, r2
1000650a:	ec47 3040 	gpioc_bit_out_put r3, r7
1000650e:	2002      	movs	r0, #2
10006510:	2100      	movs	r1, #0
10006512:	f7fa fe9d 	bl	10001250 <sleep_us>
10006516:	2202      	movs	r2, #2
10006518:	2301      	movs	r3, #1
1000651a:	f88d 2006 	strb.w	r2, [sp, #6]
1000651e:	f10d 0106 	add.w	r1, sp, #6
10006522:	f10d 0207 	add.w	r2, sp, #7
10006526:	6828      	ldr	r0, [r5, #0]
10006528:	f88d 7007 	strb.w	r7, [sp, #7]
1000652c:	f000 fcd4 	bl	10006ed8 <__spi_write_read_blocking_veneer>
10006530:	2301      	movs	r3, #1
10006532:	6828      	ldr	r0, [r5, #0]
10006534:	f10d 0207 	add.w	r2, sp, #7
10006538:	f10d 0106 	add.w	r1, sp, #6
1000653c:	f88d 4006 	strb.w	r4, [sp, #6]
10006540:	f88d 7007 	strb.w	r7, [sp, #7]
10006544:	f000 fcc8 	bl	10006ed8 <__spi_write_read_blocking_veneer>
10006548:	1e74      	subs	r4, r6, #1
1000654a:	3603      	adds	r6, #3
1000654c:	f814 cf01 	ldrb.w	ip, [r4, #1]!
10006550:	2301      	movs	r3, #1
10006552:	6828      	ldr	r0, [r5, #0]
10006554:	f10d 0207 	add.w	r2, sp, #7
10006558:	f10d 0106 	add.w	r1, sp, #6
1000655c:	f88d c006 	strb.w	ip, [sp, #6]
10006560:	f88d 7007 	strb.w	r7, [sp, #7]
10006564:	f000 fcb8 	bl	10006ed8 <__spi_write_read_blocking_veneer>
10006568:	42b4      	cmp	r4, r6
1000656a:	d1ef      	bne.n	1000654c <mcp2515_write_registers.constprop.0+0x50>
1000656c:	f04f 0201 	mov.w	r2, #1
10006570:	686b      	ldr	r3, [r5, #4]
10006572:	ec42 3040 	gpioc_bit_out_put r3, r2
10006576:	2002      	movs	r0, #2
10006578:	2100      	movs	r1, #0
1000657a:	b003      	add	sp, #12
1000657c:	e8bd 40f0 	ldmia.w	sp!, {r4, r5, r6, r7, lr}
10006580:	f7fa be66 	b.w	10001250 <sleep_us>

10006584 <mcp2515_write_register.constprop.0>:
10006584:	b570      	push	{r4, r5, r6, lr}
10006586:	6843      	ldr	r3, [r0, #4]
10006588:	b082      	sub	sp, #8
1000658a:	2500      	movs	r5, #0
1000658c:	4604      	mov	r4, r0
1000658e:	460e      	mov	r6, r1
10006590:	ec45 3040 	gpioc_bit_out_put r3, r5
10006594:	2002      	movs	r0, #2
10006596:	2100      	movs	r1, #0
10006598:	f7fa fe5a 	bl	10001250 <sleep_us>
1000659c:	2202      	movs	r2, #2
1000659e:	f10d 0106 	add.w	r1, sp, #6
100065a2:	f88d 2006 	strb.w	r2, [sp, #6]
100065a6:	2301      	movs	r3, #1
100065a8:	f10d 0207 	add.w	r2, sp, #7
100065ac:	6820      	ldr	r0, [r4, #0]
100065ae:	f88d 5007 	strb.w	r5, [sp, #7]
100065b2:	f000 fc91 	bl	10006ed8 <__spi_write_read_blocking_veneer>
100065b6:	f10d 0207 	add.w	r2, sp, #7
100065ba:	f10d 0106 	add.w	r1, sp, #6
100065be:	2301      	movs	r3, #1
100065c0:	6820      	ldr	r0, [r4, #0]
100065c2:	f88d 6006 	strb.w	r6, [sp, #6]
100065c6:	f88d 5007 	strb.w	r5, [sp, #7]
100065ca:	f000 fc85 	bl	10006ed8 <__spi_write_read_blocking_veneer>
100065ce:	f10d 0207 	add.w	r2, sp, #7
100065d2:	2301      	movs	r3, #1
100065d4:	6820      	ldr	r0, [r4, #0]
100065d6:	f10d 0106 	add.w	r1, sp, #6
100065da:	f88d 5006 	strb.w	r5, [sp, #6]
100065de:	f88d 5007 	strb.w	r5, [sp, #7]
100065e2:	f000 fc79 	bl	10006ed8 <__spi_write_read_blocking_veneer>
100065e6:	f04f 0201 	mov.w	r2, #1
100065ea:	6863      	ldr	r3, [r4, #4]
100065ec:	ec42 3040 	gpioc_bit_out_put r3, r2
100065f0:	2002      	movs	r0, #2
100065f2:	2100      	movs	r1, #0
100065f4:	b002      	add	sp, #8
100065f6:	e8bd 4070 	ldmia.w	sp!, {r4, r5, r6, lr}
100065fa:	f7fa be29 	b.w	10001250 <sleep_us>
100065fe:	bf00      	nop

10006600 <mcp2515_init_struct>:
10006600:	e9c0 2302 	strd	r2, r3, [r0, #8]
10006604:	9b00      	ldr	r3, [sp, #0]
10006606:	6001      	str	r1, [r0, #0]
10006608:	6103      	str	r3, [r0, #16]
1000660a:	9b01      	ldr	r3, [sp, #4]
1000660c:	6043      	str	r3, [r0, #4]
1000660e:	9b02      	ldr	r3, [sp, #8]
10006610:	6143      	str	r3, [r0, #20]
10006612:	9b03      	ldr	r3, [sp, #12]
10006614:	6183      	str	r3, [r0, #24]
10006616:	4770      	bx	lr

10006618 <mcp2515_spi_hw_init>:
10006618:	b510      	push	{r4, lr}
1000661a:	4604      	mov	r4, r0
1000661c:	6981      	ldr	r1, [r0, #24]
1000661e:	6800      	ldr	r0, [r0, #0]
10006620:	f7ff fc86 	bl	10005f30 <spi_init>
10006624:	68a0      	ldr	r0, [r4, #8]
10006626:	2101      	movs	r1, #1
10006628:	f7f9 ff82 	bl	10000530 <gpio_set_function>
1000662c:	68e0      	ldr	r0, [r4, #12]
1000662e:	2101      	movs	r1, #1
10006630:	f7f9 ff7e 	bl	10000530 <gpio_set_function>
10006634:	2101      	movs	r1, #1
10006636:	6920      	ldr	r0, [r4, #16]
10006638:	f7f9 ff7a 	bl	10000530 <gpio_set_function>
1000663c:	6860      	ldr	r0, [r4, #4]
1000663e:	f7f9 ffb9 	bl	100005b4 <gpio_init>
10006642:	f04f 0201 	mov.w	r2, #1
10006646:	6863      	ldr	r3, [r4, #4]
10006648:	ec42 3044 	gpioc_bit_oe_put r3, r2
1000664c:	ec42 3040 	gpioc_bit_out_put r3, r2
10006650:	6960      	ldr	r0, [r4, #20]
10006652:	1c43      	adds	r3, r0, #1
10006654:	d100      	bne.n	10006658 <mcp2515_spi_hw_init+0x40>
10006656:	bd10      	pop	{r4, pc}
10006658:	f7f9 ffac 	bl	100005b4 <gpio_init>
1000665c:	f04f 0300 	mov.w	r3, #0
10006660:	6960      	ldr	r0, [r4, #20]
10006662:	ec43 0044 	gpioc_bit_oe_put r0, r3
10006666:	2200      	movs	r2, #0
10006668:	e8bd 4010 	ldmia.w	sp!, {r4, lr}
1000666c:	2101      	movs	r1, #1
1000666e:	f7f9 bf7d 	b.w	1000056c <gpio_set_pulls>
10006672:	bf00      	nop

10006674 <mcp2515_read_register>:
10006674:	b570      	push	{r4, r5, r6, lr}
10006676:	6843      	ldr	r3, [r0, #4]
10006678:	b082      	sub	sp, #8
1000667a:	2500      	movs	r5, #0
1000667c:	4604      	mov	r4, r0
1000667e:	460e      	mov	r6, r1
10006680:	ec45 3040 	gpioc_bit_out_put r3, r5
10006684:	2002      	movs	r0, #2
10006686:	2100      	movs	r1, #0
10006688:	f7fa fde2 	bl	10001250 <sleep_us>
1000668c:	2203      	movs	r2, #3
1000668e:	f10d 0106 	add.w	r1, sp, #6
10006692:	f88d 2006 	strb.w	r2, [sp, #6]
10006696:	2301      	movs	r3, #1
10006698:	f10d 0207 	add.w	r2, sp, #7
1000669c:	6820      	ldr	r0, [r4, #0]
1000669e:	f88d 5007 	strb.w	r5, [sp, #7]
100066a2:	f000 fc19 	bl	10006ed8 <__spi_write_read_blocking_veneer>
100066a6:	f10d 0207 	add.w	r2, sp, #7
100066aa:	f10d 0106 	add.w	r1, sp, #6
100066ae:	2301      	movs	r3, #1
100066b0:	6820      	ldr	r0, [r4, #0]
100066b2:	f88d 5007 	strb.w	r5, [sp, #7]
100066b6:	f88d 6006 	strb.w	r6, [sp, #6]
100066ba:	f000 fc0d 	bl	10006ed8 <__spi_write_read_blocking_veneer>
100066be:	f10d 0207 	add.w	r2, sp, #7
100066c2:	2301      	movs	r3, #1
100066c4:	6820      	ldr	r0, [r4, #0]
100066c6:	f10d 0106 	add.w	r1, sp, #6
100066ca:	f88d 5006 	strb.w	r5, [sp, #6]
100066ce:	f88d 5007 	strb.w	r5, [sp, #7]
100066d2:	f000 fc01 	bl	10006ed8 <__spi_write_read_blocking_veneer>
100066d6:	f04f 0201 	mov.w	r2, #1
100066da:	f89d 5007 	ldrb.w	r5, [sp, #7]
100066de:	6863      	ldr	r3, [r4, #4]
100066e0:	ec42 3040 	gpioc_bit_out_put r3, r2
100066e4:	2002      	movs	r0, #2
100066e6:	2100      	movs	r1, #0
100066e8:	f7fa fdb2 	bl	10001250 <sleep_us>
100066ec:	4628      	mov	r0, r5
100066ee:	b002      	add	sp, #8
100066f0:	bd70      	pop	{r4, r5, r6, pc}
100066f2:	bf00      	nop

100066f4 <mcp2515_read_registers>:
100066f4:	e92d 41f0 	stmdb	sp!, {r4, r5, r6, r7, r8, lr}
100066f8:	461f      	mov	r7, r3
100066fa:	b082      	sub	sp, #8
100066fc:	2500      	movs	r5, #0
100066fe:	4606      	mov	r6, r0
10006700:	4688      	mov	r8, r1
10006702:	4614      	mov	r4, r2
10006704:	6843      	ldr	r3, [r0, #4]
10006706:	ec45 3040 	gpioc_bit_out_put r3, r5
1000670a:	2002      	movs	r0, #2
1000670c:	2100      	movs	r1, #0
1000670e:	f7fa fd9f 	bl	10001250 <sleep_us>
10006712:	2303      	movs	r3, #3
10006714:	f10d 0207 	add.w	r2, sp, #7
10006718:	f88d 3006 	strb.w	r3, [sp, #6]
1000671c:	f10d 0106 	add.w	r1, sp, #6
10006720:	2301      	movs	r3, #1
10006722:	6830      	ldr	r0, [r6, #0]
10006724:	f88d 5007 	strb.w	r5, [sp, #7]
10006728:	f000 fbd6 	bl	10006ed8 <__spi_write_read_blocking_veneer>
1000672c:	2301      	movs	r3, #1
1000672e:	6830      	ldr	r0, [r6, #0]
10006730:	f10d 0207 	add.w	r2, sp, #7
10006734:	f10d 0106 	add.w	r1, sp, #6
10006738:	f88d 8006 	strb.w	r8, [sp, #6]
1000673c:	f88d 5007 	strb.w	r5, [sp, #7]
10006740:	f000 fbca 	bl	10006ed8 <__spi_write_read_blocking_veneer>
10006744:	b197      	cbz	r7, 1000676c <mcp2515_read_registers+0x78>
10006746:	4427      	add	r7, r4
10006748:	f10d 0207 	add.w	r2, sp, #7
1000674c:	2301      	movs	r3, #1
1000674e:	6830      	ldr	r0, [r6, #0]
10006750:	f10d 0106 	add.w	r1, sp, #6
10006754:	f88d 5006 	strb.w	r5, [sp, #6]
10006758:	f88d 5007 	strb.w	r5, [sp, #7]
1000675c:	f000 fbbc 	bl	10006ed8 <__spi_write_read_blocking_veneer>
10006760:	f89d 2007 	ldrb.w	r2, [sp, #7]
10006764:	f804 2b01 	strb.w	r2, [r4], #1
10006768:	42bc      	cmp	r4, r7
1000676a:	d1ed      	bne.n	10006748 <mcp2515_read_registers+0x54>
1000676c:	f04f 0201 	mov.w	r2, #1
10006770:	6873      	ldr	r3, [r6, #4]
10006772:	ec42 3040 	gpioc_bit_out_put r3, r2
10006776:	2002      	movs	r0, #2
10006778:	2100      	movs	r1, #0
1000677a:	b002      	add	sp, #8
1000677c:	e8bd 41f0 	ldmia.w	sp!, {r4, r5, r6, r7, r8, lr}
10006780:	f7fa bd66 	b.w	10001250 <sleep_us>

10006784 <mcp2515_write_register>:
10006784:	b5f0      	push	{r4, r5, r6, r7, lr}
10006786:	6843      	ldr	r3, [r0, #4]
10006788:	b083      	sub	sp, #12
1000678a:	2500      	movs	r5, #0
1000678c:	4604      	mov	r4, r0
1000678e:	460f      	mov	r7, r1
10006790:	4616      	mov	r6, r2
10006792:	ec45 3040 	gpioc_bit_out_put r3, r5
10006796:	2002      	movs	r0, #2
10006798:	2100      	movs	r1, #0
1000679a:	f7fa fd59 	bl	10001250 <sleep_us>
1000679e:	2202      	movs	r2, #2
100067a0:	f10d 0106 	add.w	r1, sp, #6
100067a4:	f88d 2006 	strb.w	r2, [sp, #6]
100067a8:	2301      	movs	r3, #1
100067aa:	f10d 0207 	add.w	r2, sp, #7
100067ae:	6820      	ldr	r0, [r4, #0]
100067b0:	f88d 5007 	strb.w	r5, [sp, #7]
100067b4:	f000 fb90 	bl	10006ed8 <__spi_write_read_blocking_veneer>
100067b8:	f10d 0207 	add.w	r2, sp, #7
100067bc:	f10d 0106 	add.w	r1, sp, #6
100067c0:	2301      	movs	r3, #1
100067c2:	6820      	ldr	r0, [r4, #0]
100067c4:	f88d 7006 	strb.w	r7, [sp, #6]
100067c8:	f88d 5007 	strb.w	r5, [sp, #7]
100067cc:	f000 fb84 	bl	10006ed8 <__spi_write_read_blocking_veneer>
100067d0:	f10d 0207 	add.w	r2, sp, #7
100067d4:	2301      	movs	r3, #1
100067d6:	6820      	ldr	r0, [r4, #0]
100067d8:	f10d 0106 	add.w	r1, sp, #6
100067dc:	f88d 6006 	strb.w	r6, [sp, #6]
100067e0:	f88d 5007 	strb.w	r5, [sp, #7]
100067e4:	f000 fb78 	bl	10006ed8 <__spi_write_read_blocking_veneer>
100067e8:	f04f 0201 	mov.w	r2, #1
100067ec:	6863      	ldr	r3, [r4, #4]
100067ee:	ec42 3040 	gpioc_bit_out_put r3, r2
100067f2:	2002      	movs	r0, #2
100067f4:	2100      	movs	r1, #0
100067f6:	b003      	add	sp, #12
100067f8:	e8bd 40f0 	ldmia.w	sp!, {r4, r5, r6, r7, lr}
100067fc:	f7fa bd28 	b.w	10001250 <sleep_us>

10006800 <mcp2515_bit_modify>:
10006800:	e92d 41f0 	stmdb	sp!, {r4, r5, r6, r7, r8, lr}
10006804:	461e      	mov	r6, r3
10006806:	b082      	sub	sp, #8
10006808:	2500      	movs	r5, #0
1000680a:	4604      	mov	r4, r0
1000680c:	4688      	mov	r8, r1
1000680e:	4617      	mov	r7, r2
10006810:	6843      	ldr	r3, [r0, #4]
10006812:	ec45 3040 	gpioc_bit_out_put r3, r5
10006816:	2002      	movs	r0, #2
10006818:	2100      	movs	r1, #0
1000681a:	f7fa fd19 	bl	10001250 <sleep_us>
1000681e:	2305      	movs	r3, #5
10006820:	f10d 0207 	add.w	r2, sp, #7
10006824:	f88d 3006 	strb.w	r3, [sp, #6]
10006828:	f10d 0106 	add.w	r1, sp, #6
1000682c:	2301      	movs	r3, #1
1000682e:	6820      	ldr	r0, [r4, #0]
10006830:	f88d 5007 	strb.w	r5, [sp, #7]
10006834:	f000 fb50 	bl	10006ed8 <__spi_write_read_blocking_veneer>
10006838:	f10d 0207 	add.w	r2, sp, #7
1000683c:	f10d 0106 	add.w	r1, sp, #6
10006840:	2301      	movs	r3, #1
10006842:	6820      	ldr	r0, [r4, #0]
10006844:	f88d 8006 	strb.w	r8, [sp, #6]
10006848:	f88d 5007 	strb.w	r5, [sp, #7]
1000684c:	f000 fb44 	bl	10006ed8 <__spi_write_read_blocking_veneer>
10006850:	f10d 0207 	add.w	r2, sp, #7
10006854:	f10d 0106 	add.w	r1, sp, #6
10006858:	2301      	movs	r3, #1
1000685a:	6820      	ldr	r0, [r4, #0]
1000685c:	f88d 7006 	strb.w	r7, [sp, #6]
10006860:	f88d 5007 	strb.w	r5, [sp, #7]
10006864:	f000 fb38 	bl	10006ed8 <__spi_write_read_blocking_veneer>
10006868:	f10d 0207 	add.w	r2, sp, #7
1000686c:	2301      	movs	r3, #1
1000686e:	6820      	ldr	r0, [r4, #0]
10006870:	f10d 0106 	add.w	r1, sp, #6
10006874:	f88d 6006 	strb.w	r6, [sp, #6]
10006878:	f88d 5007 	strb.w	r5, [sp, #7]
1000687c:	f000 fb2c 	bl	10006ed8 <__spi_write_read_blocking_veneer>
10006880:	f04f 0201 	mov.w	r2, #1
10006884:	6863      	ldr	r3, [r4, #4]
10006886:	ec42 3040 	gpioc_bit_out_put r3, r2
1000688a:	2002      	movs	r0, #2
1000688c:	2100      	movs	r1, #0
1000688e:	b002      	add	sp, #8
10006890:	e8bd 41f0 	ldmia.w	sp!, {r4, r5, r6, r7, r8, lr}
10006894:	f7fa bcdc 	b.w	10001250 <sleep_us>

10006898 <mcp2515_set_bitrate>:
10006898:	e92d 43f8 	stmdb	sp!, {r3, r4, r5, r6, r7, r8, r9, lr}
1000689c:	2380      	movs	r3, #128	@ 0x80
1000689e:	460e      	mov	r6, r1
100068a0:	4617      	mov	r7, r2
100068a2:	210f      	movs	r1, #15
100068a4:	22e0      	movs	r2, #224	@ 0xe0
100068a6:	4605      	mov	r5, r0
100068a8:	f7ff ffaa 	bl	10006800 <mcp2515_bit_modify>
100068ac:	f7fa fe2e 	bl	1000150c <time_us_64>
100068b0:	f242 7310 	movw	r3, #10000	@ 0x2710
100068b4:	f04f 32ff 	mov.w	r2, #4294967295
100068b8:	eb10 0803 	adds.w	r8, r0, r3
100068bc:	f06f 4300 	mvn.w	r3, #2147483648	@ 0x80000000
100068c0:	f141 0900 	adc.w	r9, r1, #0
100068c4:	4542      	cmp	r2, r8
100068c6:	eb73 0109 	sbcs.w	r1, r3, r9
100068ca:	bf3c      	itt	cc
100068cc:	4690      	movcc	r8, r2
100068ce:	4699      	movcc	r9, r3
100068d0:	4c1c      	ldr	r4, [pc, #112]	@ (10006944 <mcp2515_set_bitrate+0xac>)
100068d2:	6a63      	ldr	r3, [r4, #36]	@ 0x24
100068d4:	4599      	cmp	r9, r3
100068d6:	d807      	bhi.n	100068e8 <mcp2515_set_bitrate+0x50>
100068d8:	6aa2      	ldr	r2, [r4, #40]	@ 0x28
100068da:	4542      	cmp	r2, r8
100068dc:	d302      	bcc.n	100068e4 <mcp2515_set_bitrate+0x4c>
100068de:	2001      	movs	r0, #1
100068e0:	e8bd 83f8 	ldmia.w	sp!, {r3, r4, r5, r6, r7, r8, r9, pc}
100068e4:	4599      	cmp	r9, r3
100068e6:	d1fa      	bne.n	100068de <mcp2515_set_bitrate+0x46>
100068e8:	210e      	movs	r1, #14
100068ea:	4628      	mov	r0, r5
100068ec:	f7ff fec2 	bl	10006674 <mcp2515_read_register>
100068f0:	f000 03e0 	and.w	r3, r0, #224	@ 0xe0
100068f4:	2b80      	cmp	r3, #128	@ 0x80
100068f6:	d1ec      	bne.n	100068d2 <mcp2515_set_bitrate+0x3a>
100068f8:	2f08      	cmp	r7, #8
100068fa:	d00a      	beq.n	10006912 <mcp2515_set_bitrate+0x7a>
100068fc:	2f10      	cmp	r7, #16
100068fe:	d1ee      	bne.n	100068de <mcp2515_set_bitrate+0x46>
10006900:	2e03      	cmp	r6, #3
10006902:	d8ec      	bhi.n	100068de <mcp2515_set_bitrate+0x46>
10006904:	4a10      	ldr	r2, [pc, #64]	@ (10006948 <mcp2515_set_bitrate+0xb0>)
10006906:	4911      	ldr	r1, [pc, #68]	@ (1000694c <mcp2515_set_bitrate+0xb4>)
10006908:	4b11      	ldr	r3, [pc, #68]	@ (10006950 <mcp2515_set_bitrate+0xb8>)
1000690a:	5d92      	ldrb	r2, [r2, r6]
1000690c:	5d8f      	ldrb	r7, [r1, r6]
1000690e:	5d9c      	ldrb	r4, [r3, r6]
10006910:	e007      	b.n	10006922 <mcp2515_set_bitrate+0x8a>
10006912:	2e03      	cmp	r6, #3
10006914:	d8e3      	bhi.n	100068de <mcp2515_set_bitrate+0x46>
10006916:	4a0f      	ldr	r2, [pc, #60]	@ (10006954 <mcp2515_set_bitrate+0xbc>)
10006918:	490f      	ldr	r1, [pc, #60]	@ (10006958 <mcp2515_set_bitrate+0xc0>)
1000691a:	4b10      	ldr	r3, [pc, #64]	@ (1000695c <mcp2515_set_bitrate+0xc4>)
1000691c:	5d92      	ldrb	r2, [r2, r6]
1000691e:	5d8f      	ldrb	r7, [r1, r6]
10006920:	5d9c      	ldrb	r4, [r3, r6]
10006922:	4628      	mov	r0, r5
10006924:	212a      	movs	r1, #42	@ 0x2a
10006926:	f7ff ff2d 	bl	10006784 <mcp2515_write_register>
1000692a:	463a      	mov	r2, r7
1000692c:	4628      	mov	r0, r5
1000692e:	2129      	movs	r1, #41	@ 0x29
10006930:	f7ff ff28 	bl	10006784 <mcp2515_write_register>
10006934:	4628      	mov	r0, r5
10006936:	4622      	mov	r2, r4
10006938:	2128      	movs	r1, #40	@ 0x28
1000693a:	f7ff ff23 	bl	10006784 <mcp2515_write_register>
1000693e:	2000      	movs	r0, #0
10006940:	e8bd 83f8 	ldmia.w	sp!, {r3, r4, r5, r6, r7, r8, r9, pc}
10006944:	400b0000 	.word	0x400b0000
10006948:	1000737c 	.word	0x1000737c
1000694c:	10007378 	.word	0x10007378
10006950:	10007374 	.word	0x10007374
10006954:	10007388 	.word	0x10007388
10006958:	10007384 	.word	0x10007384
1000695c:	10007380 	.word	0x10007380

10006960 <mcp2515_begin>:
10006960:	e92d 41f0 	stmdb	sp!, {r4, r5, r6, r7, r8, lr}
10006964:	4605      	mov	r5, r0
10006966:	b082      	sub	sp, #8
10006968:	460e      	mov	r6, r1
1000696a:	4617      	mov	r7, r2
1000696c:	2400      	movs	r4, #0
1000696e:	f7ff fe53 	bl	10006618 <mcp2515_spi_hw_init>
10006972:	686b      	ldr	r3, [r5, #4]
10006974:	ec44 3040 	gpioc_bit_out_put r3, r4
10006978:	2002      	movs	r0, #2
1000697a:	2100      	movs	r1, #0
1000697c:	f7fa fc68 	bl	10001250 <sleep_us>
10006980:	22c0      	movs	r2, #192	@ 0xc0
10006982:	2301      	movs	r3, #1
10006984:	f88d 2003 	strb.w	r2, [sp, #3]
10006988:	6828      	ldr	r0, [r5, #0]
1000698a:	aa01      	add	r2, sp, #4
1000698c:	f10d 0103 	add.w	r1, sp, #3
10006990:	f88d 4004 	strb.w	r4, [sp, #4]
10006994:	f000 faa0 	bl	10006ed8 <__spi_write_read_blocking_veneer>
10006998:	f04f 0201 	mov.w	r2, #1
1000699c:	686b      	ldr	r3, [r5, #4]
1000699e:	ec42 3040 	gpioc_bit_out_put r3, r2
100069a2:	2002      	movs	r0, #2
100069a4:	2100      	movs	r1, #0
100069a6:	f7fa fc53 	bl	10001250 <sleep_us>
100069aa:	200a      	movs	r0, #10
100069ac:	f7fa fcbc 	bl	10001328 <sleep_ms>
100069b0:	2430      	movs	r4, #48	@ 0x30
100069b2:	4621      	mov	r1, r4
100069b4:	3401      	adds	r4, #1
100069b6:	4628      	mov	r0, r5
100069b8:	b2e4      	uxtb	r4, r4
100069ba:	f7ff fde3 	bl	10006584 <mcp2515_write_register.constprop.0>
100069be:	2c3e      	cmp	r4, #62	@ 0x3e
100069c0:	d1f7      	bne.n	100069b2 <mcp2515_begin+0x52>
100069c2:	2440      	movs	r4, #64	@ 0x40
100069c4:	4621      	mov	r1, r4
100069c6:	3401      	adds	r4, #1
100069c8:	4628      	mov	r0, r5
100069ca:	b2e4      	uxtb	r4, r4
100069cc:	f7ff fdda 	bl	10006584 <mcp2515_write_register.constprop.0>
100069d0:	2c4e      	cmp	r4, #78	@ 0x4e
100069d2:	d1f7      	bne.n	100069c4 <mcp2515_begin+0x64>
100069d4:	2450      	movs	r4, #80	@ 0x50
100069d6:	4621      	mov	r1, r4
100069d8:	3401      	adds	r4, #1
100069da:	4628      	mov	r0, r5
100069dc:	b2e4      	uxtb	r4, r4
100069de:	f7ff fdd1 	bl	10006584 <mcp2515_write_register.constprop.0>
100069e2:	2c5e      	cmp	r4, #94	@ 0x5e
100069e4:	d1f7      	bne.n	100069d6 <mcp2515_begin+0x76>
100069e6:	2160      	movs	r1, #96	@ 0x60
100069e8:	4628      	mov	r0, r5
100069ea:	f7ff fdcb 	bl	10006584 <mcp2515_write_register.constprop.0>
100069ee:	2170      	movs	r1, #112	@ 0x70
100069f0:	4628      	mov	r0, r5
100069f2:	f7ff fdc7 	bl	10006584 <mcp2515_write_register.constprop.0>
100069f6:	463a      	mov	r2, r7
100069f8:	4631      	mov	r1, r6
100069fa:	4628      	mov	r0, r5
100069fc:	f7ff ff4c 	bl	10006898 <mcp2515_set_bitrate>
10006a00:	4604      	mov	r4, r0
10006a02:	2800      	cmp	r0, #0
10006a04:	d158      	bne.n	10006ab8 <mcp2515_begin+0x158>
10006a06:	22a3      	movs	r2, #163	@ 0xa3
10006a08:	212b      	movs	r1, #43	@ 0x2b
10006a0a:	4628      	mov	r0, r5
10006a0c:	f7ff feba 	bl	10006784 <mcp2515_write_register>
10006a10:	2304      	movs	r3, #4
10006a12:	2264      	movs	r2, #100	@ 0x64
10006a14:	2160      	movs	r1, #96	@ 0x60
10006a16:	4628      	mov	r0, r5
10006a18:	f7ff fef2 	bl	10006800 <mcp2515_bit_modify>
10006a1c:	4623      	mov	r3, r4
10006a1e:	2260      	movs	r2, #96	@ 0x60
10006a20:	2170      	movs	r1, #112	@ 0x70
10006a22:	4628      	mov	r0, r5
10006a24:	f7ff feec 	bl	10006800 <mcp2515_bit_modify>
10006a28:	4621      	mov	r1, r4
10006a2a:	4628      	mov	r0, r5
10006a2c:	aa01      	add	r2, sp, #4
10006a2e:	9401      	str	r4, [sp, #4]
10006a30:	f7ff fd64 	bl	100064fc <mcp2515_write_registers.constprop.0>
10006a34:	2104      	movs	r1, #4
10006a36:	4628      	mov	r0, r5
10006a38:	aa01      	add	r2, sp, #4
10006a3a:	f7ff fd5f 	bl	100064fc <mcp2515_write_registers.constprop.0>
10006a3e:	2108      	movs	r1, #8
10006a40:	4628      	mov	r0, r5
10006a42:	aa01      	add	r2, sp, #4
10006a44:	f7ff fd5a 	bl	100064fc <mcp2515_write_registers.constprop.0>
10006a48:	2110      	movs	r1, #16
10006a4a:	4628      	mov	r0, r5
10006a4c:	aa01      	add	r2, sp, #4
10006a4e:	f7ff fd55 	bl	100064fc <mcp2515_write_registers.constprop.0>
10006a52:	2114      	movs	r1, #20
10006a54:	4628      	mov	r0, r5
10006a56:	aa01      	add	r2, sp, #4
10006a58:	f7ff fd50 	bl	100064fc <mcp2515_write_registers.constprop.0>
10006a5c:	2118      	movs	r1, #24
10006a5e:	4628      	mov	r0, r5
10006a60:	aa01      	add	r2, sp, #4
10006a62:	f7ff fd4b 	bl	100064fc <mcp2515_write_registers.constprop.0>
10006a66:	2120      	movs	r1, #32
10006a68:	4628      	mov	r0, r5
10006a6a:	aa01      	add	r2, sp, #4
10006a6c:	f7ff fd46 	bl	100064fc <mcp2515_write_registers.constprop.0>
10006a70:	2124      	movs	r1, #36	@ 0x24
10006a72:	4628      	mov	r0, r5
10006a74:	aa01      	add	r2, sp, #4
10006a76:	f7ff fd41 	bl	100064fc <mcp2515_write_registers.constprop.0>
10006a7a:	4623      	mov	r3, r4
10006a7c:	22e0      	movs	r2, #224	@ 0xe0
10006a7e:	210f      	movs	r1, #15
10006a80:	4628      	mov	r0, r5
10006a82:	f7ff febd 	bl	10006800 <mcp2515_bit_modify>
10006a86:	f7fa fd41 	bl	1000150c <time_us_64>
10006a8a:	f242 7310 	movw	r3, #10000	@ 0x2710
10006a8e:	f04f 37ff 	mov.w	r7, #4294967295
10006a92:	f06f 4200 	mvn.w	r2, #2147483648	@ 0x80000000
10006a96:	eb10 0803 	adds.w	r8, r0, r3
10006a9a:	f141 0600 	adc.w	r6, r1, #0
10006a9e:	4547      	cmp	r7, r8
10006aa0:	eb72 0306 	sbcs.w	r3, r2, r6
10006aa4:	bf3c      	itt	cc
10006aa6:	4616      	movcc	r6, r2
10006aa8:	46b8      	movcc	r8, r7
10006aaa:	4f0a      	ldr	r7, [pc, #40]	@ (10006ad4 <mcp2515_begin+0x174>)
10006aac:	6a7b      	ldr	r3, [r7, #36]	@ 0x24
10006aae:	429e      	cmp	r6, r3
10006ab0:	d809      	bhi.n	10006ac6 <mcp2515_begin+0x166>
10006ab2:	6aba      	ldr	r2, [r7, #40]	@ 0x28
10006ab4:	4542      	cmp	r2, r8
10006ab6:	d304      	bcc.n	10006ac2 <mcp2515_begin+0x162>
10006ab8:	2403      	movs	r4, #3
10006aba:	4620      	mov	r0, r4
10006abc:	b002      	add	sp, #8
10006abe:	e8bd 81f0 	ldmia.w	sp!, {r4, r5, r6, r7, r8, pc}
10006ac2:	429e      	cmp	r6, r3
10006ac4:	d1f8      	bne.n	10006ab8 <mcp2515_begin+0x158>
10006ac6:	210e      	movs	r1, #14
10006ac8:	4628      	mov	r0, r5
10006aca:	f7ff fdd3 	bl	10006674 <mcp2515_read_register>
10006ace:	281f      	cmp	r0, #31
10006ad0:	d8ec      	bhi.n	10006aac <mcp2515_begin+0x14c>
10006ad2:	e7f2      	b.n	10006aba <mcp2515_begin+0x15a>
10006ad4:	400b0000 	.word	0x400b0000

10006ad8 <mcp2515_check_receive>:
10006ad8:	b530      	push	{r4, r5, lr}
10006ada:	6843      	ldr	r3, [r0, #4]
10006adc:	b083      	sub	sp, #12
10006ade:	2500      	movs	r5, #0
10006ae0:	4604      	mov	r4, r0
10006ae2:	ec45 3040 	gpioc_bit_out_put r3, r5
10006ae6:	2002      	movs	r0, #2
10006ae8:	2100      	movs	r1, #0
10006aea:	f7fa fbb1 	bl	10001250 <sleep_us>
10006aee:	22a0      	movs	r2, #160	@ 0xa0
10006af0:	f10d 0106 	add.w	r1, sp, #6
10006af4:	f88d 2006 	strb.w	r2, [sp, #6]
10006af8:	2301      	movs	r3, #1
10006afa:	f10d 0207 	add.w	r2, sp, #7
10006afe:	6820      	ldr	r0, [r4, #0]
10006b00:	f88d 5007 	strb.w	r5, [sp, #7]
10006b04:	f000 f9e8 	bl	10006ed8 <__spi_write_read_blocking_veneer>
10006b08:	f10d 0207 	add.w	r2, sp, #7
10006b0c:	2301      	movs	r3, #1
10006b0e:	6820      	ldr	r0, [r4, #0]
10006b10:	f10d 0106 	add.w	r1, sp, #6
10006b14:	f88d 5006 	strb.w	r5, [sp, #6]
10006b18:	f88d 5007 	strb.w	r5, [sp, #7]
10006b1c:	f000 f9dc 	bl	10006ed8 <__spi_write_read_blocking_veneer>
10006b20:	f04f 0201 	mov.w	r2, #1
10006b24:	f89d 5007 	ldrb.w	r5, [sp, #7]
10006b28:	6863      	ldr	r3, [r4, #4]
10006b2a:	ec42 3040 	gpioc_bit_out_put r3, r2
10006b2e:	2002      	movs	r0, #2
10006b30:	2100      	movs	r1, #0
10006b32:	f7fa fb8d 	bl	10001250 <sleep_us>
10006b36:	f015 0003 	ands.w	r0, r5, #3
10006b3a:	bf18      	it	ne
10006b3c:	2001      	movne	r0, #1
10006b3e:	b003      	add	sp, #12
10006b40:	bd30      	pop	{r4, r5, pc}
10006b42:	bf00      	nop

10006b44 <mcp2515_read_message>:
10006b44:	e92d 47f0 	stmdb	sp!, {r4, r5, r6, r7, r8, r9, sl, lr}
10006b48:	6843      	ldr	r3, [r0, #4]
10006b4a:	2400      	movs	r4, #0
10006b4c:	4606      	mov	r6, r0
10006b4e:	4688      	mov	r8, r1
10006b50:	b084      	sub	sp, #16
10006b52:	ec44 3040 	gpioc_bit_out_put r3, r4
10006b56:	2002      	movs	r0, #2
10006b58:	2100      	movs	r1, #0
10006b5a:	f7fa fb79 	bl	10001250 <sleep_us>
10006b5e:	22a0      	movs	r2, #160	@ 0xa0
10006b60:	f10d 0107 	add.w	r1, sp, #7
10006b64:	f88d 2007 	strb.w	r2, [sp, #7]
10006b68:	2301      	movs	r3, #1
10006b6a:	aa02      	add	r2, sp, #8
10006b6c:	6830      	ldr	r0, [r6, #0]
10006b6e:	f88d 4008 	strb.w	r4, [sp, #8]
10006b72:	f000 f9b1 	bl	10006ed8 <__spi_write_read_blocking_veneer>
10006b76:	aa02      	add	r2, sp, #8
10006b78:	2301      	movs	r3, #1
10006b7a:	6830      	ldr	r0, [r6, #0]
10006b7c:	f10d 0107 	add.w	r1, sp, #7
10006b80:	f88d 4007 	strb.w	r4, [sp, #7]
10006b84:	f88d 4008 	strb.w	r4, [sp, #8]
10006b88:	f000 f9a6 	bl	10006ed8 <__spi_write_read_blocking_veneer>
10006b8c:	f04f 0201 	mov.w	r2, #1
10006b90:	f89d 4008 	ldrb.w	r4, [sp, #8]
10006b94:	6873      	ldr	r3, [r6, #4]
10006b96:	ec42 3040 	gpioc_bit_out_put r3, r2
10006b9a:	2002      	movs	r0, #2
10006b9c:	2100      	movs	r1, #0
10006b9e:	f7fa fb57 	bl	10001250 <sleep_us>
10006ba2:	f014 0901 	ands.w	r9, r4, #1
10006ba6:	d17b      	bne.n	10006ca0 <mcp2515_read_message+0x15c>
10006ba8:	07a3      	lsls	r3, r4, #30
10006baa:	f140 8082 	bpl.w	10006cb2 <mcp2515_read_message+0x16e>
10006bae:	f04f 0a76 	mov.w	sl, #118	@ 0x76
10006bb2:	f04f 0902 	mov.w	r9, #2
10006bb6:	2471      	movs	r4, #113	@ 0x71
10006bb8:	2500      	movs	r5, #0
10006bba:	6873      	ldr	r3, [r6, #4]
10006bbc:	9502      	str	r5, [sp, #8]
10006bbe:	f88d 500c 	strb.w	r5, [sp, #12]
10006bc2:	ec45 3040 	gpioc_bit_out_put r3, r5
10006bc6:	2002      	movs	r0, #2
10006bc8:	2100      	movs	r1, #0
10006bca:	f7fa fb41 	bl	10001250 <sleep_us>
10006bce:	2303      	movs	r3, #3
10006bd0:	f10d 0207 	add.w	r2, sp, #7
10006bd4:	f88d 3006 	strb.w	r3, [sp, #6]
10006bd8:	f10d 0106 	add.w	r1, sp, #6
10006bdc:	2301      	movs	r3, #1
10006bde:	6830      	ldr	r0, [r6, #0]
10006be0:	f88d 5007 	strb.w	r5, [sp, #7]
10006be4:	f000 f978 	bl	10006ed8 <__spi_write_read_blocking_veneer>
10006be8:	2301      	movs	r3, #1
10006bea:	6830      	ldr	r0, [r6, #0]
10006bec:	f10d 0207 	add.w	r2, sp, #7
10006bf0:	f10d 0106 	add.w	r1, sp, #6
10006bf4:	f88d 4006 	strb.w	r4, [sp, #6]
10006bf8:	f88d 5007 	strb.w	r5, [sp, #7]
10006bfc:	f000 f96c 	bl	10006ed8 <__spi_write_read_blocking_veneer>
10006c00:	ac02      	add	r4, sp, #8
10006c02:	f10d 070d 	add.w	r7, sp, #13
10006c06:	2301      	movs	r3, #1
10006c08:	6830      	ldr	r0, [r6, #0]
10006c0a:	f10d 0207 	add.w	r2, sp, #7
10006c0e:	f10d 0106 	add.w	r1, sp, #6
10006c12:	f88d 5006 	strb.w	r5, [sp, #6]
10006c16:	f88d 5007 	strb.w	r5, [sp, #7]
10006c1a:	f000 f95d 	bl	10006ed8 <__spi_write_read_blocking_veneer>
10006c1e:	f89d 3007 	ldrb.w	r3, [sp, #7]
10006c22:	f804 3b01 	strb.w	r3, [r4], #1
10006c26:	42a7      	cmp	r7, r4
10006c28:	d1ed      	bne.n	10006c06 <mcp2515_read_message+0xc2>
10006c2a:	f04f 0201 	mov.w	r2, #1
10006c2e:	6873      	ldr	r3, [r6, #4]
10006c30:	ec42 3040 	gpioc_bit_out_put r3, r2
10006c34:	2100      	movs	r1, #0
10006c36:	2002      	movs	r0, #2
10006c38:	f7fa fb0a 	bl	10001250 <sleep_us>
10006c3c:	f89d 2009 	ldrb.w	r2, [sp, #9]
10006c40:	f89d 300c 	ldrb.w	r3, [sp, #12]
10006c44:	f3c2 01c0 	ubfx	r1, r2, #3, #1
10006c48:	f888 100d 	strb.w	r1, [r8, #13]
10006c4c:	f012 0408 	ands.w	r4, r2, #8
10006c50:	f3c3 1180 	ubfx	r1, r3, #6, #1
10006c54:	f888 100e 	strb.w	r1, [r8, #14]
10006c58:	d10c      	bne.n	10006c74 <mcp2515_read_message+0x130>
10006c5a:	f89d 1008 	ldrb.w	r1, [sp, #8]
10006c5e:	f003 030f 	and.w	r3, r3, #15
10006c62:	0952      	lsrs	r2, r2, #5
10006c64:	ea42 02c1 	orr.w	r2, r2, r1, lsl #3
10006c68:	2b08      	cmp	r3, #8
10006c6a:	f888 3004 	strb.w	r3, [r8, #4]
10006c6e:	f8c8 2000 	str.w	r2, [r8]
10006c72:	d904      	bls.n	10006c7e <mcp2515_read_message+0x13a>
10006c74:	2401      	movs	r4, #1
10006c76:	4620      	mov	r0, r4
10006c78:	b004      	add	sp, #16
10006c7a:	e8bd 87f0 	ldmia.w	sp!, {r4, r5, r6, r7, r8, r9, sl, pc}
10006c7e:	f8c8 4005 	str.w	r4, [r8, #5]
10006c82:	f8c8 4009 	str.w	r4, [r8, #9]
10006c86:	f108 0205 	add.w	r2, r8, #5
10006c8a:	b96b      	cbnz	r3, 10006ca8 <mcp2515_read_message+0x164>
10006c8c:	4630      	mov	r0, r6
10006c8e:	2300      	movs	r3, #0
10006c90:	464a      	mov	r2, r9
10006c92:	212c      	movs	r1, #44	@ 0x2c
10006c94:	f7ff fdb4 	bl	10006800 <mcp2515_bit_modify>
10006c98:	4620      	mov	r0, r4
10006c9a:	b004      	add	sp, #16
10006c9c:	e8bd 87f0 	ldmia.w	sp!, {r4, r5, r6, r7, r8, r9, sl, pc}
10006ca0:	f04f 0a66 	mov.w	sl, #102	@ 0x66
10006ca4:	2461      	movs	r4, #97	@ 0x61
10006ca6:	e787      	b.n	10006bb8 <mcp2515_read_message+0x74>
10006ca8:	4651      	mov	r1, sl
10006caa:	4630      	mov	r0, r6
10006cac:	f7ff fd22 	bl	100066f4 <mcp2515_read_registers>
10006cb0:	e7ec      	b.n	10006c8c <mcp2515_read_message+0x148>
10006cb2:	2405      	movs	r4, #5
10006cb4:	4620      	mov	r0, r4
10006cb6:	b004      	add	sp, #16
10006cb8:	e8bd 87f0 	ldmia.w	sp!, {r4, r5, r6, r7, r8, r9, sl, pc}

10006cbc <memset>:
10006cbc:	0783      	lsls	r3, r0, #30
10006cbe:	b530      	push	{r4, r5, lr}
10006cc0:	d046      	beq.n	10006d50 <memset+0x94>
10006cc2:	1884      	adds	r4, r0, r2
10006cc4:	4684      	mov	ip, r0
10006cc6:	e004      	b.n	10006cd2 <memset+0x16>
10006cc8:	f803 1b01 	strb.w	r1, [r3], #1
10006ccc:	079d      	lsls	r5, r3, #30
10006cce:	d004      	beq.n	10006cda <memset+0x1e>
10006cd0:	469c      	mov	ip, r3
10006cd2:	45a4      	cmp	ip, r4
10006cd4:	4663      	mov	r3, ip
10006cd6:	d1f7      	bne.n	10006cc8 <memset+0xc>
10006cd8:	bd30      	pop	{r4, r5, pc}
10006cda:	3a01      	subs	r2, #1
10006cdc:	4402      	add	r2, r0
10006cde:	eba2 020c 	sub.w	r2, r2, ip
10006ce2:	2a03      	cmp	r2, #3
10006ce4:	d929      	bls.n	10006d3a <memset+0x7e>
10006ce6:	b2cc      	uxtb	r4, r1
10006ce8:	2a0f      	cmp	r2, #15
10006cea:	eb04 2404 	add.w	r4, r4, r4, lsl #8
10006cee:	eb04 4404 	add.w	r4, r4, r4, lsl #16
10006cf2:	d92f      	bls.n	10006d54 <memset+0x98>
10006cf4:	f1a2 0c10 	sub.w	ip, r2, #16
10006cf8:	f103 0510 	add.w	r5, r3, #16
10006cfc:	f02c 0c0f 	bic.w	ip, ip, #15
10006d00:	44ac      	add	ip, r5
10006d02:	e9c3 4400 	strd	r4, r4, [r3]
10006d06:	e9c3 4402 	strd	r4, r4, [r3, #8]
10006d0a:	3310      	adds	r3, #16
10006d0c:	4563      	cmp	r3, ip
10006d0e:	d1f8      	bne.n	10006d02 <memset+0x46>
10006d10:	f012 0f0c 	tst.w	r2, #12
10006d14:	f002 0e0f 	and.w	lr, r2, #15
10006d18:	d018      	beq.n	10006d4c <memset+0x90>
10006d1a:	f02e 0c03 	bic.w	ip, lr, #3
10006d1e:	f1ae 0504 	sub.w	r5, lr, #4
10006d22:	461a      	mov	r2, r3
10006d24:	449c      	add	ip, r3
10006d26:	f842 4b04 	str.w	r4, [r2], #4
10006d2a:	4562      	cmp	r2, ip
10006d2c:	d1fb      	bne.n	10006d26 <memset+0x6a>
10006d2e:	f025 0403 	bic.w	r4, r5, #3
10006d32:	3304      	adds	r3, #4
10006d34:	f00e 0203 	and.w	r2, lr, #3
10006d38:	4423      	add	r3, r4
10006d3a:	2a00      	cmp	r2, #0
10006d3c:	d0cc      	beq.n	10006cd8 <memset+0x1c>
10006d3e:	b2c9      	uxtb	r1, r1
10006d40:	441a      	add	r2, r3
10006d42:	f803 1b01 	strb.w	r1, [r3], #1
10006d46:	4293      	cmp	r3, r2
10006d48:	d1fb      	bne.n	10006d42 <memset+0x86>
10006d4a:	bd30      	pop	{r4, r5, pc}
10006d4c:	4672      	mov	r2, lr
10006d4e:	e7f4      	b.n	10006d3a <memset+0x7e>
10006d50:	4603      	mov	r3, r0
10006d52:	e7c6      	b.n	10006ce2 <memset+0x26>
10006d54:	4696      	mov	lr, r2
10006d56:	e7e0      	b.n	10006d1a <memset+0x5e>

10006d58 <memcpy>:
10006d58:	4684      	mov	ip, r0
10006d5a:	ea41 0300 	orr.w	r3, r1, r0
10006d5e:	f013 0303 	ands.w	r3, r3, #3
10006d62:	d149      	bne.n	10006df8 <memcpy+0xa0>
10006d64:	3a40      	subs	r2, #64	@ 0x40
10006d66:	d323      	bcc.n	10006db0 <memcpy+0x58>
10006d68:	680b      	ldr	r3, [r1, #0]
10006d6a:	6003      	str	r3, [r0, #0]
10006d6c:	684b      	ldr	r3, [r1, #4]
10006d6e:	6043      	str	r3, [r0, #4]
10006d70:	688b      	ldr	r3, [r1, #8]
10006d72:	6083      	str	r3, [r0, #8]
10006d74:	68cb      	ldr	r3, [r1, #12]
10006d76:	60c3      	str	r3, [r0, #12]
10006d78:	690b      	ldr	r3, [r1, #16]
10006d7a:	6103      	str	r3, [r0, #16]
10006d7c:	694b      	ldr	r3, [r1, #20]
10006d7e:	6143      	str	r3, [r0, #20]
10006d80:	698b      	ldr	r3, [r1, #24]
10006d82:	6183      	str	r3, [r0, #24]
10006d84:	69cb      	ldr	r3, [r1, #28]
10006d86:	61c3      	str	r3, [r0, #28]
10006d88:	6a0b      	ldr	r3, [r1, #32]
10006d8a:	6203      	str	r3, [r0, #32]
10006d8c:	6a4b      	ldr	r3, [r1, #36]	@ 0x24
10006d8e:	6243      	str	r3, [r0, #36]	@ 0x24
10006d90:	6a8b      	ldr	r3, [r1, #40]	@ 0x28
10006d92:	6283      	str	r3, [r0, #40]	@ 0x28
10006d94:	6acb      	ldr	r3, [r1, #44]	@ 0x2c
10006d96:	62c3      	str	r3, [r0, #44]	@ 0x2c
10006d98:	6b0b      	ldr	r3, [r1, #48]	@ 0x30
10006d9a:	6303      	str	r3, [r0, #48]	@ 0x30
10006d9c:	6b4b      	ldr	r3, [r1, #52]	@ 0x34
10006d9e:	6343      	str	r3, [r0, #52]	@ 0x34
10006da0:	6b8b      	ldr	r3, [r1, #56]	@ 0x38
10006da2:	6383      	str	r3, [r0, #56]	@ 0x38
10006da4:	6bcb      	ldr	r3, [r1, #60]	@ 0x3c
10006da6:	63c3      	str	r3, [r0, #60]	@ 0x3c
10006da8:	3040      	adds	r0, #64	@ 0x40
10006daa:	3140      	adds	r1, #64	@ 0x40
10006dac:	3a40      	subs	r2, #64	@ 0x40
10006dae:	d2db      	bcs.n	10006d68 <memcpy+0x10>
10006db0:	3230      	adds	r2, #48	@ 0x30
10006db2:	d30b      	bcc.n	10006dcc <memcpy+0x74>
10006db4:	680b      	ldr	r3, [r1, #0]
10006db6:	6003      	str	r3, [r0, #0]
10006db8:	684b      	ldr	r3, [r1, #4]
10006dba:	6043      	str	r3, [r0, #4]
10006dbc:	688b      	ldr	r3, [r1, #8]
10006dbe:	6083      	str	r3, [r0, #8]
10006dc0:	68cb      	ldr	r3, [r1, #12]
10006dc2:	60c3      	str	r3, [r0, #12]
10006dc4:	3010      	adds	r0, #16
10006dc6:	3110      	adds	r1, #16
10006dc8:	3a10      	subs	r2, #16
10006dca:	d2f3      	bcs.n	10006db4 <memcpy+0x5c>
10006dcc:	320c      	adds	r2, #12
10006dce:	d305      	bcc.n	10006ddc <memcpy+0x84>
10006dd0:	f851 3b04 	ldr.w	r3, [r1], #4
10006dd4:	f840 3b04 	str.w	r3, [r0], #4
10006dd8:	3a04      	subs	r2, #4
10006dda:	d2f9      	bcs.n	10006dd0 <memcpy+0x78>
10006ddc:	3204      	adds	r2, #4
10006dde:	d008      	beq.n	10006df2 <memcpy+0x9a>
10006de0:	07d2      	lsls	r2, r2, #31
10006de2:	bf1c      	itt	ne
10006de4:	f811 3b01 	ldrbne.w	r3, [r1], #1
10006de8:	f800 3b01 	strbne.w	r3, [r0], #1
10006dec:	d301      	bcc.n	10006df2 <memcpy+0x9a>
10006dee:	880b      	ldrh	r3, [r1, #0]
10006df0:	8003      	strh	r3, [r0, #0]
10006df2:	4660      	mov	r0, ip
10006df4:	4770      	bx	lr
10006df6:	bf00      	nop
10006df8:	2a08      	cmp	r2, #8
10006dfa:	d313      	bcc.n	10006e24 <memcpy+0xcc>
10006dfc:	078b      	lsls	r3, r1, #30
10006dfe:	d0b1      	beq.n	10006d64 <memcpy+0xc>
10006e00:	f010 0303 	ands.w	r3, r0, #3
10006e04:	d0ae      	beq.n	10006d64 <memcpy+0xc>
10006e06:	f1c3 0304 	rsb	r3, r3, #4
10006e0a:	1ad2      	subs	r2, r2, r3
10006e0c:	07db      	lsls	r3, r3, #31
10006e0e:	bf1c      	itt	ne
10006e10:	f811 3b01 	ldrbne.w	r3, [r1], #1
10006e14:	f800 3b01 	strbne.w	r3, [r0], #1
10006e18:	d3a4      	bcc.n	10006d64 <memcpy+0xc>
10006e1a:	f831 3b02 	ldrh.w	r3, [r1], #2
10006e1e:	f820 3b02 	strh.w	r3, [r0], #2
10006e22:	e79f      	b.n	10006d64 <memcpy+0xc>
10006e24:	3a04      	subs	r2, #4
10006e26:	d3d9      	bcc.n	10006ddc <memcpy+0x84>
10006e28:	3a01      	subs	r2, #1
10006e2a:	f811 3b01 	ldrb.w	r3, [r1], #1
10006e2e:	f800 3b01 	strb.w	r3, [r0], #1
10006e32:	d2f9      	bcs.n	10006e28 <memcpy+0xd0>
10006e34:	780b      	ldrb	r3, [r1, #0]
10006e36:	7003      	strb	r3, [r0, #0]
10006e38:	784b      	ldrb	r3, [r1, #1]
10006e3a:	7043      	strb	r3, [r0, #1]
10006e3c:	788b      	ldrb	r3, [r1, #2]
10006e3e:	7083      	strb	r3, [r0, #2]
10006e40:	4660      	mov	r0, ip
10006e42:	4770      	bx	lr

10006e44 <strlen>:
10006e44:	f020 0103 	bic.w	r1, r0, #3
10006e48:	f010 0003 	ands.w	r0, r0, #3
10006e4c:	f1c0 0000 	rsb	r0, r0, #0
10006e50:	f851 3b04 	ldr.w	r3, [r1], #4
10006e54:	f100 0c04 	add.w	ip, r0, #4
10006e58:	ea4f 0ccc 	mov.w	ip, ip, lsl #3
10006e5c:	f06f 0200 	mvn.w	r2, #0
10006e60:	bf1c      	itt	ne
10006e62:	fa22 f20c 	lsrne.w	r2, r2, ip
10006e66:	4313      	orrne	r3, r2
10006e68:	f04f 0c01 	mov.w	ip, #1
10006e6c:	ea4c 2c0c 	orr.w	ip, ip, ip, lsl #8
10006e70:	ea4c 4c0c 	orr.w	ip, ip, ip, lsl #16
10006e74:	eba3 020c 	sub.w	r2, r3, ip
10006e78:	ea22 0203 	bic.w	r2, r2, r3
10006e7c:	ea12 12cc 	ands.w	r2, r2, ip, lsl #7
10006e80:	bf04      	itt	eq
10006e82:	f851 3b04 	ldreq.w	r3, [r1], #4
10006e86:	3004      	addeq	r0, #4
10006e88:	d0f4      	beq.n	10006e74 <strlen+0x30>
10006e8a:	f1c2 0100 	rsb	r1, r2, #0
10006e8e:	ea02 0201 	and.w	r2, r2, r1
10006e92:	fab2 f282 	clz	r2, r2
10006e96:	f1c2 021f 	rsb	r2, r2, #31
10006e9a:	eb00 00d2 	add.w	r0, r0, r2, lsr #3
10006e9e:	4770      	bx	lr

10006ea0 <_fini>:
10006ea0:	b5f8      	push	{r3, r4, r5, r6, r7, lr}
10006ea2:	bf00      	nop
10006ea4:	0000      	movs	r0, r0
	...

10006ea8 <__e15_is_critical_frame_period_veneer>:
10006ea8:	f85f f000 	ldr.w	pc, [pc]	@ 10006eac <__e15_is_critical_frame_period_veneer+0x4>
10006eac:	20000a95 	.word	0x20000a95

10006eb0 <__mutex_enter_timeout_ms_veneer>:
10006eb0:	f85f f000 	ldr.w	pc, [pc]	@ 10006eb4 <__mutex_enter_timeout_ms_veneer+0x4>
10006eb4:	20000235 	.word	0x20000235

10006eb8 <__e15_is_bulkin_ep_veneer>:
10006eb8:	f85f f000 	ldr.w	pc, [pc]	@ 10006ebc <__e15_is_bulkin_ep_veneer+0x4>
10006ebc:	20000a6d 	.word	0x20000a6d

10006ec0 <__hw_endpoint_start_next_buffer_veneer>:
10006ec0:	f85f f000 	ldr.w	pc, [pc]	@ 10006ec4 <__hw_endpoint_start_next_buffer_veneer+0x4>
10006ec4:	20000b0d 	.word	0x20000b0d

10006ec8 <____aeabi_uldivmod_veneer>:
10006ec8:	f85f f000 	ldr.w	pc, [pc]	@ 10006ecc <____aeabi_uldivmod_veneer+0x4>
10006ecc:	20000e61 	.word	0x20000e61

10006ed0 <__mutex_exit_veneer>:
10006ed0:	f85f f000 	ldr.w	pc, [pc]	@ 10006ed4 <__mutex_exit_veneer+0x4>
10006ed4:	2000026d 	.word	0x2000026d

10006ed8 <__spi_write_read_blocking_veneer>:
10006ed8:	f85f f000 	ldr.w	pc, [pc]	@ 10006edc <__spi_write_read_blocking_veneer+0x4>
10006edc:	20000dd1 	.word	0x20000dd1

10006ee0 <__reset_non_control_endpoints_veneer>:
10006ee0:	f85f f000 	ldr.w	pc, [pc]	@ 10006ee4 <__reset_non_control_endpoints_veneer+0x4>
10006ee4:	200002a9 	.word	0x200002a9

10006ee8 <___hw_endpoint_buffer_control_update32_veneer>:
10006ee8:	f85f f000 	ldr.w	pc, [pc]	@ 10006eec <___hw_endpoint_buffer_control_update32_veneer+0x4>
10006eec:	20000ac9 	.word	0x20000ac9

10006ef0 <__mutex_try_enter_block_until_veneer>:
10006ef0:	f85f f000 	ldr.w	pc, [pc]	@ 10006ef4 <__mutex_try_enter_block_until_veneer+0x4>
10006ef4:	200001cd 	.word	0x200001cd

10006ef8 <__mutex_try_enter_veneer>:
10006ef8:	f85f f000 	ldr.w	pc, [pc]	@ 10006efc <__mutex_try_enter_veneer+0x4>
10006efc:	20000111 	.word	0x20000111

10006f00 <__pre_init_runtime_init_bootrom_reset>:
10006f00:	100018e1                                ....

10006f04 <__pre_init_runtime_init_early_resets>:
10006f04:	10001855                                U...

10006f08 <__pre_init_runtime_init_usb_power_down>:
10006f08:	10001889                                ....

10006f0c <__pre_init_runtime_init_clocks>:
10006f0c:	10001975                                u...

10006f10 <__pre_init_runtime_init_post_clock_resets>:
10006f10:	100018c1                                ....

10006f14 <__pre_init_runtime_init_boot_locks_reset>:
10006f14:	100017d9                                ....

10006f18 <__pre_init_runtime_init_spin_locks_reset>:
10006f18:	10001909                                ....

10006f1c <__pre_init_runtime_init_bootrom_locking_enable>:
10006f1c:	100017c5                                ....

10006f20 <__pre_init_runtime_init_mutex>:
10006f20:	10000b61                                a...

10006f24 <__pre_init_runtime_init_install_ram_vector_table>:
10006f24:	1000190d                                ....

10006f28 <__pre_init_runtime_init_default_alarm_pool>:
10006f28:	10000f21                                !...

10006f2c <__pre_init_first_per_core_initializer>:
10006f2c:	10001825                                %...

10006f30 <__pre_init_runtime_init_per_core_bootrom_reset>:
10006f30:	100018f5                                ....

10006f34 <__pre_init_runtime_init_per_core_enable_coprocessors>:
10006f34:	100018a5                                ....

10006f38 <__pre_init_spinlock_set_extexclall>:
10006f38:	1000073d                                =...

10006f3c <__pre_init_runtime_init_per_core_irq_priorities>:
10006f3c:	10000765                                e...

10006f40 <__init_array_start>:
10006f40:	10003d95 	.word	0x10003d95

10006f44 <__frame_dummy_init_array_entry>:
10006f44:	10000211                                ....

Disassembly of section .data:

20000110 <mutex_try_enter>:
20000110:	4603      	mov	r3, r0
20000112:	b500      	push	{lr}
20000114:	6802      	ldr	r2, [r0, #0]
20000116:	f3ef 8c10 	mrs	ip, PRIMASK
2000011a:	b672      	cpsid	i
2000011c:	e8d2 efcf 	ldaexb	lr, [r2]
20000120:	2001      	movs	r0, #1
20000122:	f1be 0f00 	cmp.w	lr, #0
20000126:	d1f9      	bne.n	2000011c <mutex_try_enter+0xc>
20000128:	e8c2 0f4e 	strexb	lr, r0, [r2]
2000012c:	f1be 0f00 	cmp.w	lr, #0
20000130:	d1f4      	bne.n	2000011c <mutex_try_enter+0xc>
20000132:	f3bf 8f5f 	dmb	sy
20000136:	f993 2004 	ldrsb.w	r2, [r3, #4]
2000013a:	2a00      	cmp	r2, #0
2000013c:	db0a      	blt.n	20000154 <mutex_try_enter+0x44>
2000013e:	b101      	cbz	r1, 20000142 <mutex_try_enter+0x32>
20000140:	600a      	str	r2, [r1, #0]
20000142:	2000      	movs	r0, #0
20000144:	2200      	movs	r2, #0
20000146:	681b      	ldr	r3, [r3, #0]
20000148:	e8c3 2f8f 	stlb	r2, [r3]
2000014c:	f38c 8810 	msr	PRIMASK, ip
20000150:	f85d fb04 	ldr.w	pc, [sp], #4
20000154:	f04f 4250 	mov.w	r2, #3489660928	@ 0xd0000000
20000158:	6812      	ldr	r2, [r2, #0]
2000015a:	2001      	movs	r0, #1
2000015c:	711a      	strb	r2, [r3, #4]
2000015e:	e7f1      	b.n	20000144 <mutex_try_enter+0x34>

20000160 <mutex_enter_block_until>:
20000160:	f04f 4150 	mov.w	r1, #3489660928	@ 0xd0000000
20000164:	e92d 41f0 	stmdb	sp!, {r4, r5, r6, r7, r8, lr}
20000168:	2700      	movs	r7, #0
2000016a:	4604      	mov	r4, r0
2000016c:	4616      	mov	r6, r2
2000016e:	461d      	mov	r5, r3
20000170:	f8d1 8000 	ldr.w	r8, [r1]
20000174:	e008      	b.n	20000188 <mutex_enter_block_until+0x28>
20000176:	e8c1 7f8f 	stlb	r7, [r1]
2000017a:	f38c 8810 	msr	PRIMASK, ip
2000017e:	4630      	mov	r0, r6
20000180:	4629      	mov	r1, r5
20000182:	f001 f831 	bl	200011e8 <__best_effort_wfe_or_timeout_veneer>
20000186:	b9e8      	cbnz	r0, 200001c4 <mutex_enter_block_until+0x64>
20000188:	6821      	ldr	r1, [r4, #0]
2000018a:	f3ef 8c10 	mrs	ip, PRIMASK
2000018e:	b672      	cpsid	i
20000190:	e8d1 2fcf 	ldaexb	r2, [r1]
20000194:	2301      	movs	r3, #1
20000196:	2a00      	cmp	r2, #0
20000198:	d1fa      	bne.n	20000190 <mutex_enter_block_until+0x30>
2000019a:	e8c1 3f42 	strexb	r2, r3, [r1]
2000019e:	2a00      	cmp	r2, #0
200001a0:	d1f6      	bne.n	20000190 <mutex_enter_block_until+0x30>
200001a2:	f3bf 8f5f 	dmb	sy
200001a6:	f994 3004 	ldrsb.w	r3, [r4, #4]
200001aa:	6821      	ldr	r1, [r4, #0]
200001ac:	2b00      	cmp	r3, #0
200001ae:	dae2      	bge.n	20000176 <mutex_enter_block_until+0x16>
200001b0:	2300      	movs	r3, #0
200001b2:	f884 8004 	strb.w	r8, [r4, #4]
200001b6:	e8c1 3f8f 	stlb	r3, [r1]
200001ba:	f38c 8810 	msr	PRIMASK, ip
200001be:	2001      	movs	r0, #1
200001c0:	e8bd 81f0 	ldmia.w	sp!, {r4, r5, r6, r7, r8, pc}
200001c4:	2000      	movs	r0, #0
200001c6:	e8bd 81f0 	ldmia.w	sp!, {r4, r5, r6, r7, r8, pc}
200001ca:	bf00      	nop

200001cc <mutex_try_enter_block_until>:
200001cc:	b530      	push	{r4, r5, lr}
200001ce:	6804      	ldr	r4, [r0, #0]
200001d0:	f3ef 8c10 	mrs	ip, PRIMASK
200001d4:	b672      	cpsid	i
200001d6:	e8d4 efcf 	ldaexb	lr, [r4]
200001da:	2501      	movs	r5, #1
200001dc:	f1be 0f00 	cmp.w	lr, #0
200001e0:	d1f9      	bne.n	200001d6 <mutex_try_enter_block_until+0xa>
200001e2:	e8c4 5f4e 	strexb	lr, r5, [r4]
200001e6:	f1be 0f00 	cmp.w	lr, #0
200001ea:	d1f4      	bne.n	200001d6 <mutex_try_enter_block_until+0xa>
200001ec:	f3bf 8f5f 	dmb	sy
200001f0:	f990 4004 	ldrsb.w	r4, [r0, #4]
200001f4:	6805      	ldr	r5, [r0, #0]
200001f6:	2c00      	cmp	r4, #0
200001f8:	db10      	blt.n	2000021c <mutex_try_enter_block_until+0x50>
200001fa:	2100      	movs	r1, #0
200001fc:	e8c5 1f8f 	stlb	r1, [r5]
20000200:	f38c 8810 	msr	PRIMASK, ip
20000204:	f04f 4550 	mov.w	r5, #3489660928	@ 0xd0000000
20000208:	f995 5000 	ldrsb.w	r5, [r5]
2000020c:	42a5      	cmp	r5, r4
2000020e:	d101      	bne.n	20000214 <mutex_try_enter_block_until+0x48>
20000210:	4608      	mov	r0, r1
20000212:	bd30      	pop	{r4, r5, pc}
20000214:	e8bd 4030 	ldmia.w	sp!, {r4, r5, lr}
20000218:	f7ff bfa2 	b.w	20000160 <mutex_enter_block_until>
2000021c:	f04f 4250 	mov.w	r2, #3489660928	@ 0xd0000000
20000220:	6812      	ldr	r2, [r2, #0]
20000222:	2300      	movs	r3, #0
20000224:	7102      	strb	r2, [r0, #4]
20000226:	e8c5 3f8f 	stlb	r3, [r5]
2000022a:	f38c 8810 	msr	PRIMASK, ip
2000022e:	2001      	movs	r0, #1
20000230:	bd30      	pop	{r4, r5, pc}
20000232:	bf00      	nop

20000234 <mutex_enter_timeout_ms>:
20000234:	b570      	push	{r4, r5, r6, lr}
20000236:	4605      	mov	r5, r0
20000238:	460c      	mov	r4, r1
2000023a:	f000 ffe5 	bl	20001208 <__time_us_64_veneer>
2000023e:	4602      	mov	r2, r0
20000240:	460b      	mov	r3, r1
20000242:	f44f 707a 	mov.w	r0, #1000	@ 0x3e8
20000246:	f04f 3eff 	mov.w	lr, #4294967295
2000024a:	f06f 4c00 	mvn.w	ip, #2147483648	@ 0x80000000
2000024e:	fbe4 2300 	umlal	r2, r3, r4, r0
20000252:	4596      	cmp	lr, r2
20000254:	eb7c 0103 	sbcs.w	r1, ip, r3
20000258:	bf38      	it	cc
2000025a:	4672      	movcc	r2, lr
2000025c:	4628      	mov	r0, r5
2000025e:	e8bd 4070 	ldmia.w	sp!, {r4, r5, r6, lr}
20000262:	bf38      	it	cc
20000264:	4663      	movcc	r3, ip
20000266:	f7ff bf7b 	b.w	20000160 <mutex_enter_block_until>
2000026a:	bf00      	nop

2000026c <mutex_exit>:
2000026c:	6803      	ldr	r3, [r0, #0]
2000026e:	f3ef 8210 	mrs	r2, PRIMASK
20000272:	b672      	cpsid	i
20000274:	e8d3 cfcf 	ldaexb	ip, [r3]
20000278:	2101      	movs	r1, #1
2000027a:	f1bc 0f00 	cmp.w	ip, #0
2000027e:	d1f9      	bne.n	20000274 <mutex_exit+0x8>
20000280:	e8c3 1f4c 	strexb	ip, r1, [r3]
20000284:	f1bc 0f00 	cmp.w	ip, #0
20000288:	d1f4      	bne.n	20000274 <mutex_exit+0x8>
2000028a:	f3bf 8f5f 	dmb	sy
2000028e:	f04f 0cff 	mov.w	ip, #255	@ 0xff
20000292:	2300      	movs	r3, #0
20000294:	6801      	ldr	r1, [r0, #0]
20000296:	f880 c004 	strb.w	ip, [r0, #4]
2000029a:	e8c1 3f8f 	stlb	r3, [r1]
2000029e:	f382 8810 	msr	PRIMASK, r2
200002a2:	bf40      	sev
200002a4:	4770      	bx	lr
200002a6:	bf00      	nop

200002a8 <reset_non_control_endpoints>:
200002a8:	2100      	movs	r1, #0
200002aa:	b508      	push	{r3, lr}
200002ac:	4b13      	ldr	r3, [pc, #76]	@ (200002fc <reset_non_control_endpoints+0x54>)
200002ae:	f44f 7270 	mov.w	r2, #960	@ 0x3c0
200002b2:	6099      	str	r1, [r3, #8]
200002b4:	4812      	ldr	r0, [pc, #72]	@ (20000300 <reset_non_control_endpoints+0x58>)
200002b6:	60d9      	str	r1, [r3, #12]
200002b8:	6119      	str	r1, [r3, #16]
200002ba:	6159      	str	r1, [r3, #20]
200002bc:	6199      	str	r1, [r3, #24]
200002be:	61d9      	str	r1, [r3, #28]
200002c0:	6219      	str	r1, [r3, #32]
200002c2:	6259      	str	r1, [r3, #36]	@ 0x24
200002c4:	6299      	str	r1, [r3, #40]	@ 0x28
200002c6:	62d9      	str	r1, [r3, #44]	@ 0x2c
200002c8:	6319      	str	r1, [r3, #48]	@ 0x30
200002ca:	6359      	str	r1, [r3, #52]	@ 0x34
200002cc:	6399      	str	r1, [r3, #56]	@ 0x38
200002ce:	63d9      	str	r1, [r3, #60]	@ 0x3c
200002d0:	6419      	str	r1, [r3, #64]	@ 0x40
200002d2:	6459      	str	r1, [r3, #68]	@ 0x44
200002d4:	6499      	str	r1, [r3, #72]	@ 0x48
200002d6:	64d9      	str	r1, [r3, #76]	@ 0x4c
200002d8:	6519      	str	r1, [r3, #80]	@ 0x50
200002da:	6559      	str	r1, [r3, #84]	@ 0x54
200002dc:	6599      	str	r1, [r3, #88]	@ 0x58
200002de:	65d9      	str	r1, [r3, #92]	@ 0x5c
200002e0:	6619      	str	r1, [r3, #96]	@ 0x60
200002e2:	6659      	str	r1, [r3, #100]	@ 0x64
200002e4:	6699      	str	r1, [r3, #104]	@ 0x68
200002e6:	66d9      	str	r1, [r3, #108]	@ 0x6c
200002e8:	6719      	str	r1, [r3, #112]	@ 0x70
200002ea:	6759      	str	r1, [r3, #116]	@ 0x74
200002ec:	6799      	str	r1, [r3, #120]	@ 0x78
200002ee:	67d9      	str	r1, [r3, #124]	@ 0x7c
200002f0:	f000 ff86 	bl	20001200 <__memset_veneer>
200002f4:	4b03      	ldr	r3, [pc, #12]	@ (20000304 <reset_non_control_endpoints+0x5c>)
200002f6:	4a04      	ldr	r2, [pc, #16]	@ (20000308 <reset_non_control_endpoints+0x60>)
200002f8:	601a      	str	r2, [r3, #0]
200002fa:	bd08      	pop	{r3, pc}
200002fc:	50100000 	.word	0x50100000
20000300:	20001ad8 	.word	0x20001ad8
20000304:	20001ea0 	.word	0x20001ea0
20000308:	50100180 	.word	0x50100180

2000030c <hw_handle_buff_status>:
2000030c:	e92d 4ff0 	stmdb	sp!, {r4, r5, r6, r7, r8, r9, sl, fp, lr}
20000310:	4b1f      	ldr	r3, [pc, #124]	@ (20000390 <hw_handle_buff_status+0x84>)
20000312:	b085      	sub	sp, #20
20000314:	f8d3 a058 	ldr.w	sl, [r3, #88]	@ 0x58
20000318:	f1ba 0f00 	cmp.w	sl, #0
2000031c:	d022      	beq.n	20000364 <hw_handle_buff_status+0x58>
2000031e:	2400      	movs	r4, #0
20000320:	2501      	movs	r5, #1
20000322:	f44f 69e0 	mov.w	r9, #1792	@ 0x700
20000326:	f8df 8070 	ldr.w	r8, [pc, #112]	@ 20000398 <hw_handle_buff_status+0x8c>
2000032a:	4f1a      	ldr	r7, [pc, #104]	@ (20000394 <hw_handle_buff_status+0x88>)
2000032c:	e001      	b.n	20000332 <hw_handle_buff_status+0x26>
2000032e:	2c20      	cmp	r4, #32
20000330:	d018      	beq.n	20000364 <hw_handle_buff_status+0x58>
20000332:	ea0a 0205 	and.w	r2, sl, r5
20000336:	1c61      	adds	r1, r4, #1
20000338:	4623      	mov	r3, r4
2000033a:	46ab      	mov	fp, r5
2000033c:	b2cc      	uxtb	r4, r1
2000033e:	006d      	lsls	r5, r5, #1
20000340:	2a00      	cmp	r2, #0
20000342:	d0f4      	beq.n	2000032e <hw_handle_buff_status+0x22>
20000344:	f004 0201 	and.w	r2, r4, #1
20000348:	f003 06fe 	and.w	r6, r3, #254	@ 0xfe
2000034c:	4416      	add	r6, r2
2000034e:	eb07 1646 	add.w	r6, r7, r6, lsl #5
20000352:	4630      	mov	r0, r6
20000354:	f8c8 b058 	str.w	fp, [r8, #88]	@ 0x58
20000358:	f000 fc0a 	bl	20000b70 <hw_endpoint_xfer_continue>
2000035c:	b928      	cbnz	r0, 2000036a <hw_handle_buff_status+0x5e>
2000035e:	ea3a 0a0b 	bics.w	sl, sl, fp
20000362:	d1e4      	bne.n	2000032e <hw_handle_buff_status+0x22>
20000364:	b005      	add	sp, #20
20000366:	e8bd 8ff0 	ldmia.w	sp!, {r4, r5, r6, r7, r8, r9, sl, fp, pc}
2000036a:	2300      	movs	r3, #0
2000036c:	f88d 3009 	strb.w	r3, [sp, #9]
20000370:	78b3      	ldrb	r3, [r6, #2]
20000372:	a801      	add	r0, sp, #4
20000374:	f88d 3008 	strb.w	r3, [sp, #8]
20000378:	8af3      	ldrh	r3, [r6, #22]
2000037a:	2101      	movs	r1, #1
2000037c:	f8ad 9004 	strh.w	r9, [sp, #4]
20000380:	9303      	str	r3, [sp, #12]
20000382:	f000 fc13 	bl	20000bac <dcd_event_handler>
20000386:	4630      	mov	r0, r6
20000388:	f000 fb98 	bl	20000abc <hw_endpoint_reset_transfer>
2000038c:	e7e7      	b.n	2000035e <hw_handle_buff_status+0x52>
2000038e:	bf00      	nop
20000390:	50110000 	.word	0x50110000
20000394:	20001a98 	.word	0x20001a98
20000398:	50113000 	.word	0x50113000

2000039c <dcd_rp2040_irq>:
2000039c:	b5f0      	push	{r4, r5, r6, r7, lr}
2000039e:	4bbb      	ldr	r3, [pc, #748]	@ (2000068c <dcd_rp2040_irq+0x2f0>)
200003a0:	b085      	sub	sp, #20
200003a2:	f8d3 5098 	ldr.w	r5, [r3, #152]	@ 0x98
200003a6:	f415 3600 	ands.w	r6, r5, #131072	@ 0x20000
200003aa:	d074      	beq.n	20000496 <dcd_rp2040_irq+0xfa>
200003ac:	4bb8      	ldr	r3, [pc, #736]	@ (20000690 <dcd_rp2040_irq+0x2f4>)
200003ae:	4cb9      	ldr	r4, [pc, #740]	@ (20000694 <dcd_rp2040_irq+0x2f8>)
200003b0:	6a99      	ldr	r1, [r3, #40]	@ 0x28
200003b2:	f894 303b 	ldrb.w	r3, [r4, #59]	@ 0x3b
200003b6:	4ab8      	ldr	r2, [pc, #736]	@ (20000698 <dcd_rp2040_irq+0x2fc>)
200003b8:	2b02      	cmp	r3, #2
200003ba:	6011      	str	r1, [r2, #0]
200003bc:	f000 80d4 	beq.w	20000568 <dcd_rp2040_irq+0x1cc>
200003c0:	2600      	movs	r6, #0
200003c2:	f894 307b 	ldrb.w	r3, [r4, #123]	@ 0x7b
200003c6:	2b02      	cmp	r3, #2
200003c8:	f000 813b 	beq.w	20000642 <dcd_rp2040_irq+0x2a6>
200003cc:	f894 30bb 	ldrb.w	r3, [r4, #187]	@ 0xbb
200003d0:	2b02      	cmp	r3, #2
200003d2:	f000 817d 	beq.w	200006d0 <dcd_rp2040_irq+0x334>
200003d6:	f894 30fb 	ldrb.w	r3, [r4, #251]	@ 0xfb
200003da:	2b02      	cmp	r3, #2
200003dc:	f000 816c 	beq.w	200006b8 <dcd_rp2040_irq+0x31c>
200003e0:	f894 313b 	ldrb.w	r3, [r4, #315]	@ 0x13b
200003e4:	2b02      	cmp	r3, #2
200003e6:	f000 8144 	beq.w	20000672 <dcd_rp2040_irq+0x2d6>
200003ea:	f894 317b 	ldrb.w	r3, [r4, #379]	@ 0x17b
200003ee:	2b02      	cmp	r3, #2
200003f0:	f000 8133 	beq.w	2000065a <dcd_rp2040_irq+0x2be>
200003f4:	f894 31bb 	ldrb.w	r3, [r4, #443]	@ 0x1bb
200003f8:	2b02      	cmp	r3, #2
200003fa:	f000 81b6 	beq.w	2000076a <dcd_rp2040_irq+0x3ce>
200003fe:	f894 31fb 	ldrb.w	r3, [r4, #507]	@ 0x1fb
20000402:	2b02      	cmp	r3, #2
20000404:	f000 81a6 	beq.w	20000754 <dcd_rp2040_irq+0x3b8>
20000408:	f894 323b 	ldrb.w	r3, [r4, #571]	@ 0x23b
2000040c:	2b02      	cmp	r3, #2
2000040e:	f000 8196 	beq.w	2000073e <dcd_rp2040_irq+0x3a2>
20000412:	f894 327b 	ldrb.w	r3, [r4, #635]	@ 0x27b
20000416:	2b02      	cmp	r3, #2
20000418:	f000 8186 	beq.w	20000728 <dcd_rp2040_irq+0x38c>
2000041c:	f894 32bb 	ldrb.w	r3, [r4, #699]	@ 0x2bb
20000420:	2b02      	cmp	r3, #2
20000422:	f000 8176 	beq.w	20000712 <dcd_rp2040_irq+0x376>
20000426:	f894 32fb 	ldrb.w	r3, [r4, #763]	@ 0x2fb
2000042a:	2b02      	cmp	r3, #2
2000042c:	f000 8166 	beq.w	200006fc <dcd_rp2040_irq+0x360>
20000430:	f894 333b 	ldrb.w	r3, [r4, #827]	@ 0x33b
20000434:	2b02      	cmp	r3, #2
20000436:	f000 8156 	beq.w	200006e6 <dcd_rp2040_irq+0x34a>
2000043a:	f894 337b 	ldrb.w	r3, [r4, #891]	@ 0x37b
2000043e:	2b02      	cmp	r3, #2
20000440:	f000 80a4 	beq.w	2000058c <dcd_rp2040_irq+0x1f0>
20000444:	f894 33bb 	ldrb.w	r3, [r4, #955]	@ 0x3bb
20000448:	2b02      	cmp	r3, #2
2000044a:	f000 8199 	beq.w	20000780 <dcd_rp2040_irq+0x3e4>
2000044e:	f894 33fb 	ldrb.w	r3, [r4, #1019]	@ 0x3fb
20000452:	2b02      	cmp	r3, #2
20000454:	f000 80b4 	beq.w	200005c0 <dcd_rp2040_irq+0x224>
20000458:	b93e      	cbnz	r6, 2000046a <dcd_rp2040_irq+0xce>
2000045a:	4b90      	ldr	r3, [pc, #576]	@ (2000069c <dcd_rp2040_irq+0x300>)
2000045c:	781b      	ldrb	r3, [r3, #0]
2000045e:	b923      	cbnz	r3, 2000046a <dcd_rp2040_irq+0xce>
20000460:	f44f 3200 	mov.w	r2, #131072	@ 0x20000
20000464:	4b8e      	ldr	r3, [pc, #568]	@ (200006a0 <dcd_rp2040_irq+0x304>)
20000466:	f8c3 2090 	str.w	r2, [r3, #144]	@ 0x90
2000046a:	f44f 7240 	mov.w	r2, #768	@ 0x300
2000046e:	4b87      	ldr	r3, [pc, #540]	@ (2000068c <dcd_rp2040_irq+0x2f0>)
20000470:	2101      	movs	r1, #1
20000472:	6c9b      	ldr	r3, [r3, #72]	@ 0x48
20000474:	a801      	add	r0, sp, #4
20000476:	f3c3 030a 	ubfx	r3, r3, #0, #11
2000047a:	f8ad 2004 	strh.w	r2, [sp, #4]
2000047e:	9302      	str	r3, [sp, #8]
20000480:	f000 fb94 	bl	20000bac <dcd_event_handler>
20000484:	06ea      	lsls	r2, r5, #27
20000486:	f44f 3600 	mov.w	r6, #131072	@ 0x20000
2000048a:	4c86      	ldr	r4, [pc, #536]	@ (200006a4 <dcd_rp2040_irq+0x308>)
2000048c:	d507      	bpl.n	2000049e <dcd_rp2040_irq+0x102>
2000048e:	f7ff ff3d 	bl	2000030c <hw_handle_buff_status>
20000492:	4626      	mov	r6, r4
20000494:	e003      	b.n	2000049e <dcd_rp2040_irq+0x102>
20000496:	06ea      	lsls	r2, r5, #27
20000498:	f04f 0410 	mov.w	r4, #16
2000049c:	d4f7      	bmi.n	2000048e <dcd_rp2040_irq+0xf2>
2000049e:	03eb      	lsls	r3, r5, #15
200004a0:	d522      	bpl.n	200004e8 <dcd_rp2040_irq+0x14c>
200004a2:	4c7c      	ldr	r4, [pc, #496]	@ (20000694 <dcd_rp2040_irq+0x2f8>)
200004a4:	f446 3680 	orr.w	r6, r6, #65536	@ 0x10000
200004a8:	7ea3      	ldrb	r3, [r4, #26]
200004aa:	2b00      	cmp	r3, #0
200004ac:	f040 8099 	bne.w	200005e2 <dcd_rp2040_irq+0x246>
200004b0:	2301      	movs	r3, #1
200004b2:	f894 203a 	ldrb.w	r2, [r4, #58]	@ 0x3a
200004b6:	70e3      	strb	r3, [r4, #3]
200004b8:	2a00      	cmp	r2, #0
200004ba:	f040 80ad 	bne.w	20000618 <dcd_rp2040_irq+0x27c>
200004be:	2301      	movs	r3, #1
200004c0:	f44f 61c0 	mov.w	r1, #1536	@ 0x600
200004c4:	4a78      	ldr	r2, [pc, #480]	@ (200006a8 <dcd_rp2040_irq+0x30c>)
200004c6:	f884 3023 	strb.w	r3, [r4, #35]	@ 0x23
200004ca:	f8ad 1004 	strh.w	r1, [sp, #4]
200004ce:	e892 0003 	ldmia.w	r2, {r0, r1}
200004d2:	aa04      	add	r2, sp, #16
200004d4:	e902 0003 	stmdb	r2, {r0, r1}
200004d8:	4619      	mov	r1, r3
200004da:	a801      	add	r0, sp, #4
200004dc:	f000 fb66 	bl	20000bac <dcd_event_handler>
200004e0:	f44f 3200 	mov.w	r2, #131072	@ 0x20000
200004e4:	4b6e      	ldr	r3, [pc, #440]	@ (200006a0 <dcd_rp2040_irq+0x304>)
200004e6:	651a      	str	r2, [r3, #80]	@ 0x50
200004e8:	04e9      	lsls	r1, r5, #19
200004ea:	d408      	bmi.n	200004fe <dcd_rp2040_irq+0x162>
200004ec:	046a      	lsls	r2, r5, #17
200004ee:	d41d      	bmi.n	2000052c <dcd_rp2040_irq+0x190>
200004f0:	042b      	lsls	r3, r5, #16
200004f2:	d42a      	bmi.n	2000054a <dcd_rp2040_irq+0x1ae>
200004f4:	42ae      	cmp	r6, r5
200004f6:	f040 81c5 	bne.w	20000884 <dcd_rp2040_irq+0x4e8>
200004fa:	b005      	add	sp, #20
200004fc:	bdf0      	pop	{r4, r5, r6, r7, pc}
200004fe:	2400      	movs	r4, #0
20000500:	4b62      	ldr	r3, [pc, #392]	@ (2000068c <dcd_rp2040_irq+0x2f0>)
20000502:	f446 5680 	orr.w	r6, r6, #4096	@ 0x1000
20000506:	601c      	str	r4, [r3, #0]
20000508:	f7ff fece 	bl	200002a8 <reset_non_control_endpoints>
2000050c:	f44f 7380 	mov.w	r3, #256	@ 0x100
20000510:	2101      	movs	r1, #1
20000512:	a801      	add	r0, sp, #4
20000514:	f8ad 3004 	strh.w	r3, [sp, #4]
20000518:	f88d 4008 	strb.w	r4, [sp, #8]
2000051c:	f000 fb46 	bl	20000bac <dcd_event_handler>
20000520:	f44f 2200 	mov.w	r2, #524288	@ 0x80000
20000524:	4b5e      	ldr	r3, [pc, #376]	@ (200006a0 <dcd_rp2040_irq+0x304>)
20000526:	651a      	str	r2, [r3, #80]	@ 0x50
20000528:	046a      	lsls	r2, r5, #17
2000052a:	d5e1      	bpl.n	200004f0 <dcd_rp2040_irq+0x154>
2000052c:	f44f 6380 	mov.w	r3, #1024	@ 0x400
20000530:	2101      	movs	r1, #1
20000532:	a801      	add	r0, sp, #4
20000534:	f8ad 3004 	strh.w	r3, [sp, #4]
20000538:	f000 fb38 	bl	20000bac <dcd_event_handler>
2000053c:	2210      	movs	r2, #16
2000053e:	4b58      	ldr	r3, [pc, #352]	@ (200006a0 <dcd_rp2040_irq+0x304>)
20000540:	f446 4680 	orr.w	r6, r6, #16384	@ 0x4000
20000544:	651a      	str	r2, [r3, #80]	@ 0x50
20000546:	042b      	lsls	r3, r5, #16
20000548:	d5d4      	bpl.n	200004f4 <dcd_rp2040_irq+0x158>
2000054a:	f44f 63a0 	mov.w	r3, #1280	@ 0x500
2000054e:	2101      	movs	r1, #1
20000550:	a801      	add	r0, sp, #4
20000552:	f8ad 3004 	strh.w	r3, [sp, #4]
20000556:	f000 fb29 	bl	20000bac <dcd_event_handler>
2000055a:	f44f 6200 	mov.w	r2, #2048	@ 0x800
2000055e:	4b50      	ldr	r3, [pc, #320]	@ (200006a0 <dcd_rp2040_irq+0x304>)
20000560:	f446 4600 	orr.w	r6, r6, #32768	@ 0x8000
20000564:	651a      	str	r2, [r3, #80]	@ 0x50
20000566:	e7c5      	b.n	200004f4 <dcd_rp2040_irq+0x158>
20000568:	f894 603a 	ldrb.w	r6, [r4, #58]	@ 0x3a
2000056c:	2e00      	cmp	r6, #0
2000056e:	f43f af28 	beq.w	200003c2 <dcd_rp2040_irq+0x26>
20000572:	f894 303c 	ldrb.w	r3, [r4, #60]	@ 0x3c
20000576:	2b00      	cmp	r3, #0
20000578:	f43f af23 	beq.w	200003c2 <dcd_rp2040_irq+0x26>
2000057c:	2300      	movs	r3, #0
2000057e:	f104 0020 	add.w	r0, r4, #32
20000582:	f884 303c 	strb.w	r3, [r4, #60]	@ 0x3c
20000586:	f000 fac1 	bl	20000b0c <hw_endpoint_start_next_buffer>
2000058a:	e71a      	b.n	200003c2 <dcd_rp2040_irq+0x26>
2000058c:	f894 737a 	ldrb.w	r7, [r4, #890]	@ 0x37a
20000590:	2f00      	cmp	r7, #0
20000592:	f43f af57 	beq.w	20000444 <dcd_rp2040_irq+0xa8>
20000596:	f894 337c 	ldrb.w	r3, [r4, #892]	@ 0x37c
2000059a:	2b00      	cmp	r3, #0
2000059c:	f040 8164 	bne.w	20000868 <dcd_rp2040_irq+0x4cc>
200005a0:	f894 33bb 	ldrb.w	r3, [r4, #955]	@ 0x3bb
200005a4:	2b02      	cmp	r3, #2
200005a6:	f040 80f4 	bne.w	20000792 <dcd_rp2040_irq+0x3f6>
200005aa:	f894 33ba 	ldrb.w	r3, [r4, #954]	@ 0x3ba
200005ae:	2b00      	cmp	r3, #0
200005b0:	f040 80eb 	bne.w	2000078a <dcd_rp2040_irq+0x3ee>
200005b4:	f894 33fb 	ldrb.w	r3, [r4, #1019]	@ 0x3fb
200005b8:	2b02      	cmp	r3, #2
200005ba:	f47f af56 	bne.w	2000046a <dcd_rp2040_irq+0xce>
200005be:	463e      	mov	r6, r7
200005c0:	f894 33fa 	ldrb.w	r3, [r4, #1018]	@ 0x3fa
200005c4:	2b00      	cmp	r3, #0
200005c6:	f43f af47 	beq.w	20000458 <dcd_rp2040_irq+0xbc>
200005ca:	f894 33fc 	ldrb.w	r3, [r4, #1020]	@ 0x3fc
200005ce:	2b00      	cmp	r3, #0
200005d0:	f43f af4b 	beq.w	2000046a <dcd_rp2040_irq+0xce>
200005d4:	2300      	movs	r3, #0
200005d6:	4835      	ldr	r0, [pc, #212]	@ (200006ac <dcd_rp2040_irq+0x310>)
200005d8:	f884 33fc 	strb.w	r3, [r4, #1020]	@ 0x3fc
200005dc:	f000 fa96 	bl	20000b0c <hw_endpoint_start_next_buffer>
200005e0:	e743      	b.n	2000046a <dcd_rp2040_irq+0xce>
200005e2:	2102      	movs	r1, #2
200005e4:	4b32      	ldr	r3, [pc, #200]	@ (200006b0 <dcd_rp2040_irq+0x314>)
200005e6:	4a29      	ldr	r2, [pc, #164]	@ (2000068c <dcd_rp2040_irq+0x2f0>)
200005e8:	6619      	str	r1, [r3, #96]	@ 0x60
200005ea:	6e53      	ldr	r3, [r2, #100]	@ 0x64
200005ec:	079f      	lsls	r7, r3, #30
200005ee:	d5fc      	bpl.n	200005ea <dcd_rp2040_irq+0x24e>
200005f0:	f44f 5240 	mov.w	r2, #12288	@ 0x3000
200005f4:	2100      	movs	r1, #0
200005f6:	4827      	ldr	r0, [pc, #156]	@ (20000694 <dcd_rp2040_irq+0x2f8>)
200005f8:	f000 fa66 	bl	20000ac8 <_hw_endpoint_buffer_control_update32>
200005fc:	4825      	ldr	r0, [pc, #148]	@ (20000694 <dcd_rp2040_irq+0x2f8>)
200005fe:	f000 fa5d 	bl	20000abc <hw_endpoint_reset_transfer>
20000602:	2202      	movs	r2, #2
20000604:	4b26      	ldr	r3, [pc, #152]	@ (200006a0 <dcd_rp2040_irq+0x304>)
20000606:	665a      	str	r2, [r3, #100]	@ 0x64
20000608:	661a      	str	r2, [r3, #96]	@ 0x60
2000060a:	2301      	movs	r3, #1
2000060c:	f894 203a 	ldrb.w	r2, [r4, #58]	@ 0x3a
20000610:	70e3      	strb	r3, [r4, #3]
20000612:	2a00      	cmp	r2, #0
20000614:	f43f af53 	beq.w	200004be <dcd_rp2040_irq+0x122>
20000618:	4a25      	ldr	r2, [pc, #148]	@ (200006b0 <dcd_rp2040_irq+0x314>)
2000061a:	6613      	str	r3, [r2, #96]	@ 0x60
2000061c:	f5a2 5200 	sub.w	r2, r2, #8192	@ 0x2000
20000620:	6e53      	ldr	r3, [r2, #100]	@ 0x64
20000622:	07d8      	lsls	r0, r3, #31
20000624:	d5fc      	bpl.n	20000620 <dcd_rp2040_irq+0x284>
20000626:	f44f 5240 	mov.w	r2, #12288	@ 0x3000
2000062a:	2100      	movs	r1, #0
2000062c:	4821      	ldr	r0, [pc, #132]	@ (200006b4 <dcd_rp2040_irq+0x318>)
2000062e:	f000 fa4b 	bl	20000ac8 <_hw_endpoint_buffer_control_update32>
20000632:	4820      	ldr	r0, [pc, #128]	@ (200006b4 <dcd_rp2040_irq+0x318>)
20000634:	f000 fa42 	bl	20000abc <hw_endpoint_reset_transfer>
20000638:	2201      	movs	r2, #1
2000063a:	4b19      	ldr	r3, [pc, #100]	@ (200006a0 <dcd_rp2040_irq+0x304>)
2000063c:	665a      	str	r2, [r3, #100]	@ 0x64
2000063e:	661a      	str	r2, [r3, #96]	@ 0x60
20000640:	e73d      	b.n	200004be <dcd_rp2040_irq+0x122>
20000642:	f894 707a 	ldrb.w	r7, [r4, #122]	@ 0x7a
20000646:	2f00      	cmp	r7, #0
20000648:	f43f aec0 	beq.w	200003cc <dcd_rp2040_irq+0x30>
2000064c:	f894 307c 	ldrb.w	r3, [r4, #124]	@ 0x7c
20000650:	2b00      	cmp	r3, #0
20000652:	f040 8101 	bne.w	20000858 <dcd_rp2040_irq+0x4bc>
20000656:	463e      	mov	r6, r7
20000658:	e6b8      	b.n	200003cc <dcd_rp2040_irq+0x30>
2000065a:	f894 717a 	ldrb.w	r7, [r4, #378]	@ 0x17a
2000065e:	2f00      	cmp	r7, #0
20000660:	f43f aec8 	beq.w	200003f4 <dcd_rp2040_irq+0x58>
20000664:	f894 317c 	ldrb.w	r3, [r4, #380]	@ 0x17c
20000668:	2b00      	cmp	r3, #0
2000066a:	f040 80ed 	bne.w	20000848 <dcd_rp2040_irq+0x4ac>
2000066e:	463e      	mov	r6, r7
20000670:	e6c0      	b.n	200003f4 <dcd_rp2040_irq+0x58>
20000672:	f894 713a 	ldrb.w	r7, [r4, #314]	@ 0x13a
20000676:	2f00      	cmp	r7, #0
20000678:	f43f aeb7 	beq.w	200003ea <dcd_rp2040_irq+0x4e>
2000067c:	f894 313c 	ldrb.w	r3, [r4, #316]	@ 0x13c
20000680:	2b00      	cmp	r3, #0
20000682:	f040 80d9 	bne.w	20000838 <dcd_rp2040_irq+0x49c>
20000686:	463e      	mov	r6, r7
20000688:	e6af      	b.n	200003ea <dcd_rp2040_irq+0x4e>
2000068a:	bf00      	nop
2000068c:	50110000 	.word	0x50110000
20000690:	400b0000 	.word	0x400b0000
20000694:	20001a98 	.word	0x20001a98
20000698:	20001a88 	.word	0x20001a88
2000069c:	20001f0a 	.word	0x20001f0a
200006a0:	50113000 	.word	0x50113000
200006a4:	00020010 	.word	0x00020010
200006a8:	50100000 	.word	0x50100000
200006ac:	20001e78 	.word	0x20001e78
200006b0:	50112000 	.word	0x50112000
200006b4:	20001ab8 	.word	0x20001ab8
200006b8:	f894 70fa 	ldrb.w	r7, [r4, #250]	@ 0xfa
200006bc:	2f00      	cmp	r7, #0
200006be:	f43f ae8f 	beq.w	200003e0 <dcd_rp2040_irq+0x44>
200006c2:	f894 30fc 	ldrb.w	r3, [r4, #252]	@ 0xfc
200006c6:	2b00      	cmp	r3, #0
200006c8:	f040 808e 	bne.w	200007e8 <dcd_rp2040_irq+0x44c>
200006cc:	463e      	mov	r6, r7
200006ce:	e687      	b.n	200003e0 <dcd_rp2040_irq+0x44>
200006d0:	f894 70ba 	ldrb.w	r7, [r4, #186]	@ 0xba
200006d4:	2f00      	cmp	r7, #0
200006d6:	f43f ae7e 	beq.w	200003d6 <dcd_rp2040_irq+0x3a>
200006da:	f894 30bc 	ldrb.w	r3, [r4, #188]	@ 0xbc
200006de:	2b00      	cmp	r3, #0
200006e0:	d17a      	bne.n	200007d8 <dcd_rp2040_irq+0x43c>
200006e2:	463e      	mov	r6, r7
200006e4:	e677      	b.n	200003d6 <dcd_rp2040_irq+0x3a>
200006e6:	f894 733a 	ldrb.w	r7, [r4, #826]	@ 0x33a
200006ea:	2f00      	cmp	r7, #0
200006ec:	f43f aea5 	beq.w	2000043a <dcd_rp2040_irq+0x9e>
200006f0:	f894 333c 	ldrb.w	r3, [r4, #828]	@ 0x33c
200006f4:	2b00      	cmp	r3, #0
200006f6:	d157      	bne.n	200007a8 <dcd_rp2040_irq+0x40c>
200006f8:	463e      	mov	r6, r7
200006fa:	e69e      	b.n	2000043a <dcd_rp2040_irq+0x9e>
200006fc:	f894 72fa 	ldrb.w	r7, [r4, #762]	@ 0x2fa
20000700:	2f00      	cmp	r7, #0
20000702:	f43f ae95 	beq.w	20000430 <dcd_rp2040_irq+0x94>
20000706:	f894 32fc 	ldrb.w	r3, [r4, #764]	@ 0x2fc
2000070a:	2b00      	cmp	r3, #0
2000070c:	d15c      	bne.n	200007c8 <dcd_rp2040_irq+0x42c>
2000070e:	463e      	mov	r6, r7
20000710:	e68e      	b.n	20000430 <dcd_rp2040_irq+0x94>
20000712:	f894 72ba 	ldrb.w	r7, [r4, #698]	@ 0x2ba
20000716:	2f00      	cmp	r7, #0
20000718:	f43f ae85 	beq.w	20000426 <dcd_rp2040_irq+0x8a>
2000071c:	f894 32bc 	ldrb.w	r3, [r4, #700]	@ 0x2bc
20000720:	2b00      	cmp	r3, #0
20000722:	d149      	bne.n	200007b8 <dcd_rp2040_irq+0x41c>
20000724:	463e      	mov	r6, r7
20000726:	e67e      	b.n	20000426 <dcd_rp2040_irq+0x8a>
20000728:	f894 727a 	ldrb.w	r7, [r4, #634]	@ 0x27a
2000072c:	2f00      	cmp	r7, #0
2000072e:	f43f ae75 	beq.w	2000041c <dcd_rp2040_irq+0x80>
20000732:	f894 327c 	ldrb.w	r3, [r4, #636]	@ 0x27c
20000736:	2b00      	cmp	r3, #0
20000738:	d176      	bne.n	20000828 <dcd_rp2040_irq+0x48c>
2000073a:	463e      	mov	r6, r7
2000073c:	e66e      	b.n	2000041c <dcd_rp2040_irq+0x80>
2000073e:	f894 723a 	ldrb.w	r7, [r4, #570]	@ 0x23a
20000742:	2f00      	cmp	r7, #0
20000744:	f43f ae65 	beq.w	20000412 <dcd_rp2040_irq+0x76>
20000748:	f894 323c 	ldrb.w	r3, [r4, #572]	@ 0x23c
2000074c:	2b00      	cmp	r3, #0
2000074e:	d163      	bne.n	20000818 <dcd_rp2040_irq+0x47c>
20000750:	463e      	mov	r6, r7
20000752:	e65e      	b.n	20000412 <dcd_rp2040_irq+0x76>
20000754:	f894 71fa 	ldrb.w	r7, [r4, #506]	@ 0x1fa
20000758:	2f00      	cmp	r7, #0
2000075a:	f43f ae55 	beq.w	20000408 <dcd_rp2040_irq+0x6c>
2000075e:	f894 31fc 	ldrb.w	r3, [r4, #508]	@ 0x1fc
20000762:	2b00      	cmp	r3, #0
20000764:	d150      	bne.n	20000808 <dcd_rp2040_irq+0x46c>
20000766:	463e      	mov	r6, r7
20000768:	e64e      	b.n	20000408 <dcd_rp2040_irq+0x6c>
2000076a:	f894 71ba 	ldrb.w	r7, [r4, #442]	@ 0x1ba
2000076e:	2f00      	cmp	r7, #0
20000770:	f43f ae45 	beq.w	200003fe <dcd_rp2040_irq+0x62>
20000774:	f894 31bc 	ldrb.w	r3, [r4, #444]	@ 0x1bc
20000778:	2b00      	cmp	r3, #0
2000077a:	d13d      	bne.n	200007f8 <dcd_rp2040_irq+0x45c>
2000077c:	463e      	mov	r6, r7
2000077e:	e63e      	b.n	200003fe <dcd_rp2040_irq+0x62>
20000780:	f894 33ba 	ldrb.w	r3, [r4, #954]	@ 0x3ba
20000784:	2b00      	cmp	r3, #0
20000786:	f43f ae62 	beq.w	2000044e <dcd_rp2040_irq+0xb2>
2000078a:	f894 33bc 	ldrb.w	r3, [r4, #956]	@ 0x3bc
2000078e:	2b00      	cmp	r3, #0
20000790:	d171      	bne.n	20000876 <dcd_rp2040_irq+0x4da>
20000792:	f894 33fb 	ldrb.w	r3, [r4, #1019]	@ 0x3fb
20000796:	2b02      	cmp	r3, #2
20000798:	f47f ae67 	bne.w	2000046a <dcd_rp2040_irq+0xce>
2000079c:	f894 33fa 	ldrb.w	r3, [r4, #1018]	@ 0x3fa
200007a0:	2b00      	cmp	r3, #0
200007a2:	f43f ae62 	beq.w	2000046a <dcd_rp2040_irq+0xce>
200007a6:	e710      	b.n	200005ca <dcd_rp2040_irq+0x22e>
200007a8:	2300      	movs	r3, #0
200007aa:	4839      	ldr	r0, [pc, #228]	@ (20000890 <dcd_rp2040_irq+0x4f4>)
200007ac:	f884 333c 	strb.w	r3, [r4, #828]	@ 0x33c
200007b0:	463e      	mov	r6, r7
200007b2:	f000 f9ab 	bl	20000b0c <hw_endpoint_start_next_buffer>
200007b6:	e640      	b.n	2000043a <dcd_rp2040_irq+0x9e>
200007b8:	2300      	movs	r3, #0
200007ba:	4836      	ldr	r0, [pc, #216]	@ (20000894 <dcd_rp2040_irq+0x4f8>)
200007bc:	f884 32bc 	strb.w	r3, [r4, #700]	@ 0x2bc
200007c0:	463e      	mov	r6, r7
200007c2:	f000 f9a3 	bl	20000b0c <hw_endpoint_start_next_buffer>
200007c6:	e62e      	b.n	20000426 <dcd_rp2040_irq+0x8a>
200007c8:	2300      	movs	r3, #0
200007ca:	4833      	ldr	r0, [pc, #204]	@ (20000898 <dcd_rp2040_irq+0x4fc>)
200007cc:	f884 32fc 	strb.w	r3, [r4, #764]	@ 0x2fc
200007d0:	463e      	mov	r6, r7
200007d2:	f000 f99b 	bl	20000b0c <hw_endpoint_start_next_buffer>
200007d6:	e62b      	b.n	20000430 <dcd_rp2040_irq+0x94>
200007d8:	2300      	movs	r3, #0
200007da:	4830      	ldr	r0, [pc, #192]	@ (2000089c <dcd_rp2040_irq+0x500>)
200007dc:	f884 30bc 	strb.w	r3, [r4, #188]	@ 0xbc
200007e0:	463e      	mov	r6, r7
200007e2:	f000 f993 	bl	20000b0c <hw_endpoint_start_next_buffer>
200007e6:	e5f6      	b.n	200003d6 <dcd_rp2040_irq+0x3a>
200007e8:	2300      	movs	r3, #0
200007ea:	482d      	ldr	r0, [pc, #180]	@ (200008a0 <dcd_rp2040_irq+0x504>)
200007ec:	f884 30fc 	strb.w	r3, [r4, #252]	@ 0xfc
200007f0:	463e      	mov	r6, r7
200007f2:	f000 f98b 	bl	20000b0c <hw_endpoint_start_next_buffer>
200007f6:	e5f3      	b.n	200003e0 <dcd_rp2040_irq+0x44>
200007f8:	2300      	movs	r3, #0
200007fa:	482a      	ldr	r0, [pc, #168]	@ (200008a4 <dcd_rp2040_irq+0x508>)
200007fc:	f884 31bc 	strb.w	r3, [r4, #444]	@ 0x1bc
20000800:	463e      	mov	r6, r7
20000802:	f000 f983 	bl	20000b0c <hw_endpoint_start_next_buffer>
20000806:	e5fa      	b.n	200003fe <dcd_rp2040_irq+0x62>
20000808:	2300      	movs	r3, #0
2000080a:	4827      	ldr	r0, [pc, #156]	@ (200008a8 <dcd_rp2040_irq+0x50c>)
2000080c:	f884 31fc 	strb.w	r3, [r4, #508]	@ 0x1fc
20000810:	463e      	mov	r6, r7
20000812:	f000 f97b 	bl	20000b0c <hw_endpoint_start_next_buffer>
20000816:	e5f7      	b.n	20000408 <dcd_rp2040_irq+0x6c>
20000818:	2300      	movs	r3, #0
2000081a:	4824      	ldr	r0, [pc, #144]	@ (200008ac <dcd_rp2040_irq+0x510>)
2000081c:	f884 323c 	strb.w	r3, [r4, #572]	@ 0x23c
20000820:	463e      	mov	r6, r7
20000822:	f000 f973 	bl	20000b0c <hw_endpoint_start_next_buffer>
20000826:	e5f4      	b.n	20000412 <dcd_rp2040_irq+0x76>
20000828:	2300      	movs	r3, #0
2000082a:	4821      	ldr	r0, [pc, #132]	@ (200008b0 <dcd_rp2040_irq+0x514>)
2000082c:	f884 327c 	strb.w	r3, [r4, #636]	@ 0x27c
20000830:	463e      	mov	r6, r7
20000832:	f000 f96b 	bl	20000b0c <hw_endpoint_start_next_buffer>
20000836:	e5f1      	b.n	2000041c <dcd_rp2040_irq+0x80>
20000838:	2300      	movs	r3, #0
2000083a:	481e      	ldr	r0, [pc, #120]	@ (200008b4 <dcd_rp2040_irq+0x518>)
2000083c:	f884 313c 	strb.w	r3, [r4, #316]	@ 0x13c
20000840:	463e      	mov	r6, r7
20000842:	f000 f963 	bl	20000b0c <hw_endpoint_start_next_buffer>
20000846:	e5d0      	b.n	200003ea <dcd_rp2040_irq+0x4e>
20000848:	2300      	movs	r3, #0
2000084a:	481b      	ldr	r0, [pc, #108]	@ (200008b8 <dcd_rp2040_irq+0x51c>)
2000084c:	f884 317c 	strb.w	r3, [r4, #380]	@ 0x17c
20000850:	463e      	mov	r6, r7
20000852:	f000 f95b 	bl	20000b0c <hw_endpoint_start_next_buffer>
20000856:	e5cd      	b.n	200003f4 <dcd_rp2040_irq+0x58>
20000858:	2300      	movs	r3, #0
2000085a:	4818      	ldr	r0, [pc, #96]	@ (200008bc <dcd_rp2040_irq+0x520>)
2000085c:	f884 307c 	strb.w	r3, [r4, #124]	@ 0x7c
20000860:	463e      	mov	r6, r7
20000862:	f000 f953 	bl	20000b0c <hw_endpoint_start_next_buffer>
20000866:	e5b1      	b.n	200003cc <dcd_rp2040_irq+0x30>
20000868:	2300      	movs	r3, #0
2000086a:	4815      	ldr	r0, [pc, #84]	@ (200008c0 <dcd_rp2040_irq+0x524>)
2000086c:	f884 337c 	strb.w	r3, [r4, #892]	@ 0x37c
20000870:	f000 f94c 	bl	20000b0c <hw_endpoint_start_next_buffer>
20000874:	e694      	b.n	200005a0 <dcd_rp2040_irq+0x204>
20000876:	2300      	movs	r3, #0
20000878:	4812      	ldr	r0, [pc, #72]	@ (200008c4 <dcd_rp2040_irq+0x528>)
2000087a:	f884 33bc 	strb.w	r3, [r4, #956]	@ 0x3bc
2000087e:	f000 f945 	bl	20000b0c <hw_endpoint_start_next_buffer>
20000882:	e786      	b.n	20000792 <dcd_rp2040_irq+0x3f6>
20000884:	4810      	ldr	r0, [pc, #64]	@ (200008c8 <dcd_rp2040_irq+0x52c>)
20000886:	ea86 0105 	eor.w	r1, r6, r5
2000088a:	f000 fca9 	bl	200011e0 <__panic_veneer>
2000088e:	bf00      	nop
20000890:	20001db8 	.word	0x20001db8
20000894:	20001d38 	.word	0x20001d38
20000898:	20001d78 	.word	0x20001d78
2000089c:	20001b38 	.word	0x20001b38
200008a0:	20001b78 	.word	0x20001b78
200008a4:	20001c38 	.word	0x20001c38
200008a8:	20001c78 	.word	0x20001c78
200008ac:	20001cb8 	.word	0x20001cb8
200008b0:	20001cf8 	.word	0x20001cf8
200008b4:	20001bb8 	.word	0x20001bb8
200008b8:	20001bf8 	.word	0x20001bf8
200008bc:	20001af8 	.word	0x20001af8
200008c0:	20001df8 	.word	0x20001df8
200008c4:	20001e38 	.word	0x20001e38
200008c8:	100070a8 	.word	0x100070a8

200008cc <prepare_ep_buffer>:
200008cc:	e92d 47f0 	stmdb	sp!, {r4, r5, r6, r7, r8, r9, sl, lr}
200008d0:	8a84      	ldrh	r4, [r0, #20]
200008d2:	8b05      	ldrh	r5, [r0, #24]
200008d4:	78c2      	ldrb	r2, [r0, #3]
200008d6:	42a5      	cmp	r5, r4
200008d8:	bf28      	it	cs
200008da:	4625      	movcs	r5, r4
200008dc:	1e17      	subs	r7, r2, #0
200008de:	bf18      	it	ne
200008e0:	2701      	movne	r7, #1
200008e2:	1b64      	subs	r4, r4, r5
200008e4:	7846      	ldrb	r6, [r0, #1]
200008e6:	f082 0201 	eor.w	r2, r2, #1
200008ea:	b2a4      	uxth	r4, r4
200008ec:	4603      	mov	r3, r0
200008ee:	70c2      	strb	r2, [r0, #3]
200008f0:	8284      	strh	r4, [r0, #20]
200008f2:	f445 6080 	orr.w	r0, r5, #1024	@ 0x400
200008f6:	ea40 3047 	orr.w	r0, r0, r7, lsl #13
200008fa:	bba6      	cbnz	r6, 20000966 <prepare_ep_buffer+0x9a>
200008fc:	e9d3 2603 	ldrd	r2, r6, [r3, #12]
20000900:	1e6f      	subs	r7, r5, #1
20000902:	eb02 1e81 	add.w	lr, r2, r1, lsl #6
20000906:	b355      	cbz	r5, 2000095e <prepare_ep_buffer+0x92>
20000908:	2f05      	cmp	r7, #5
2000090a:	bf98      	it	ls
2000090c:	1c72      	addls	r2, r6, #1
2000090e:	d931      	bls.n	20000974 <prepare_ep_buffer+0xa8>
20000910:	eb02 1c81 	add.w	ip, r2, r1, lsl #6
20000914:	1c72      	adds	r2, r6, #1
20000916:	ebac 0402 	sub.w	r4, ip, r2
2000091a:	2c02      	cmp	r4, #2
2000091c:	d92a      	bls.n	20000974 <prepare_ep_buffer+0xa8>
2000091e:	4632      	mov	r2, r6
20000920:	ea4f 0995 	mov.w	r9, r5, lsr #2
20000924:	ea4f 0a89 	mov.w	sl, r9, lsl #2
20000928:	eb06 0889 	add.w	r8, r6, r9, lsl #2
2000092c:	f852 4b04 	ldr.w	r4, [r2], #4
20000930:	4542      	cmp	r2, r8
20000932:	f84c 4b04 	str.w	r4, [ip], #4
20000936:	d1f9      	bne.n	2000092c <prepare_ep_buffer+0x60>
20000938:	4555      	cmp	r5, sl
2000093a:	eba7 070a 	sub.w	r7, r7, sl
2000093e:	eb0e 040a 	add.w	r4, lr, sl
20000942:	d00a      	beq.n	2000095a <prepare_ep_buffer+0x8e>
20000944:	f816 6029 	ldrb.w	r6, [r6, r9, lsl #2]
20000948:	f80e 6029 	strb.w	r6, [lr, r9, lsl #2]
2000094c:	b12f      	cbz	r7, 2000095a <prepare_ep_buffer+0x8e>
2000094e:	7856      	ldrb	r6, [r2, #1]
20000950:	2f01      	cmp	r7, #1
20000952:	7066      	strb	r6, [r4, #1]
20000954:	d001      	beq.n	2000095a <prepare_ep_buffer+0x8e>
20000956:	7892      	ldrb	r2, [r2, #2]
20000958:	70a2      	strb	r2, [r4, #2]
2000095a:	691e      	ldr	r6, [r3, #16]
2000095c:	8a9c      	ldrh	r4, [r3, #20]
2000095e:	442e      	add	r6, r5
20000960:	611e      	str	r6, [r3, #16]
20000962:	f440 4000 	orr.w	r0, r0, #32768	@ 0x8000
20000966:	b90c      	cbnz	r4, 2000096c <prepare_ep_buffer+0xa0>
20000968:	f440 4080 	orr.w	r0, r0, #16384	@ 0x4000
2000096c:	b101      	cbz	r1, 20000970 <prepare_ep_buffer+0xa4>
2000096e:	0400      	lsls	r0, r0, #16
20000970:	e8bd 87f0 	ldmia.w	sp!, {r4, r5, r6, r7, r8, r9, sl, pc}
20000974:	f10e 3eff 	add.w	lr, lr, #4294967295
20000978:	442e      	add	r6, r5
2000097a:	e000      	b.n	2000097e <prepare_ep_buffer+0xb2>
2000097c:	3201      	adds	r2, #1
2000097e:	f812 4c01 	ldrb.w	r4, [r2, #-1]
20000982:	42b2      	cmp	r2, r6
20000984:	f80e 4f01 	strb.w	r4, [lr, #1]!
20000988:	d1f8      	bne.n	2000097c <prepare_ep_buffer+0xb0>
2000098a:	e7e6      	b.n	2000095a <prepare_ep_buffer+0x8e>

2000098c <sync_ep_buffer>:
2000098c:	6883      	ldr	r3, [r0, #8]
2000098e:	4602      	mov	r2, r0
20000990:	6818      	ldr	r0, [r3, #0]
20000992:	b101      	cbz	r1, 20000996 <sync_ep_buffer+0xa>
20000994:	0c00      	lsrs	r0, r0, #16
20000996:	7853      	ldrb	r3, [r2, #1]
20000998:	f3c0 0009 	ubfx	r0, r0, #0, #10
2000099c:	2b00      	cmp	r3, #0
2000099e:	d03c      	beq.n	20000a1a <sync_ep_buffer+0x8e>
200009a0:	e92d 41f0 	stmdb	sp!, {r4, r5, r6, r7, r8, lr}
200009a4:	e9d2 3403 	ldrd	r3, r4, [r2, #12]
200009a8:	1e46      	subs	r6, r0, #1
200009aa:	eb03 1e81 	add.w	lr, r3, r1, lsl #6
200009ae:	b340      	cbz	r0, 20000a02 <sync_ep_buffer+0x76>
200009b0:	2e05      	cmp	r6, #5
200009b2:	d93b      	bls.n	20000a2c <sync_ep_buffer+0xa0>
200009b4:	0189      	lsls	r1, r1, #6
200009b6:	1c4d      	adds	r5, r1, #1
200009b8:	441d      	add	r5, r3
200009ba:	1b65      	subs	r5, r4, r5
200009bc:	2d02      	cmp	r5, #2
200009be:	d935      	bls.n	20000a2c <sync_ep_buffer+0xa0>
200009c0:	4673      	mov	r3, lr
200009c2:	4621      	mov	r1, r4
200009c4:	f400 777f 	and.w	r7, r0, #1020	@ 0x3fc
200009c8:	ea4f 0890 	mov.w	r8, r0, lsr #2
200009cc:	18fd      	adds	r5, r7, r3
200009ce:	f853 cb04 	ldr.w	ip, [r3], #4
200009d2:	42ab      	cmp	r3, r5
200009d4:	f841 cb04 	str.w	ip, [r1], #4
200009d8:	d1f9      	bne.n	200009ce <sync_ep_buffer+0x42>
200009da:	42b8      	cmp	r0, r7
200009dc:	eba6 0607 	sub.w	r6, r6, r7
200009e0:	eb04 0307 	add.w	r3, r4, r7
200009e4:	eb0e 0107 	add.w	r1, lr, r7
200009e8:	d00a      	beq.n	20000a00 <sync_ep_buffer+0x74>
200009ea:	f81e 5028 	ldrb.w	r5, [lr, r8, lsl #2]
200009ee:	f804 5028 	strb.w	r5, [r4, r8, lsl #2]
200009f2:	b12e      	cbz	r6, 20000a00 <sync_ep_buffer+0x74>
200009f4:	784c      	ldrb	r4, [r1, #1]
200009f6:	2e01      	cmp	r6, #1
200009f8:	705c      	strb	r4, [r3, #1]
200009fa:	d001      	beq.n	20000a00 <sync_ep_buffer+0x74>
200009fc:	7889      	ldrb	r1, [r1, #2]
200009fe:	7099      	strb	r1, [r3, #2]
20000a00:	6914      	ldr	r4, [r2, #16]
20000a02:	8ad3      	ldrh	r3, [r2, #22]
20000a04:	4404      	add	r4, r0
20000a06:	4403      	add	r3, r0
20000a08:	82d3      	strh	r3, [r2, #22]
20000a0a:	8b13      	ldrh	r3, [r2, #24]
20000a0c:	6114      	str	r4, [r2, #16]
20000a0e:	4283      	cmp	r3, r0
20000a10:	bf84      	itt	hi
20000a12:	2300      	movhi	r3, #0
20000a14:	8293      	strhhi	r3, [r2, #20]
20000a16:	e8bd 81f0 	ldmia.w	sp!, {r4, r5, r6, r7, r8, pc}
20000a1a:	8ad3      	ldrh	r3, [r2, #22]
20000a1c:	4403      	add	r3, r0
20000a1e:	82d3      	strh	r3, [r2, #22]
20000a20:	8b13      	ldrh	r3, [r2, #24]
20000a22:	4283      	cmp	r3, r0
20000a24:	bf84      	itt	hi
20000a26:	2300      	movhi	r3, #0
20000a28:	8293      	strhhi	r3, [r2, #20]
20000a2a:	4770      	bx	lr
20000a2c:	3c01      	subs	r4, #1
20000a2e:	eb0e 0100 	add.w	r1, lr, r0
20000a32:	f81e 3b01 	ldrb.w	r3, [lr], #1
20000a36:	4571      	cmp	r1, lr
20000a38:	f804 3f01 	strb.w	r3, [r4, #1]!
20000a3c:	d1f9      	bne.n	20000a32 <sync_ep_buffer+0xa6>
20000a3e:	e7df      	b.n	20000a00 <sync_ep_buffer+0x74>

20000a40 <_hw_endpoint_xfer_sync>:
20000a40:	b510      	push	{r4, lr}
20000a42:	4604      	mov	r4, r0
20000a44:	6883      	ldr	r3, [r0, #8]
20000a46:	2100      	movs	r1, #0
20000a48:	681b      	ldr	r3, [r3, #0]
20000a4a:	f7ff ff9f 	bl	2000098c <sync_ep_buffer>
20000a4e:	6863      	ldr	r3, [r4, #4]
20000a50:	681b      	ldr	r3, [r3, #0]
20000a52:	005b      	lsls	r3, r3, #1
20000a54:	d502      	bpl.n	20000a5c <_hw_endpoint_xfer_sync+0x1c>
20000a56:	8b23      	ldrh	r3, [r4, #24]
20000a58:	4283      	cmp	r3, r0
20000a5a:	d000      	beq.n	20000a5e <_hw_endpoint_xfer_sync+0x1e>
20000a5c:	bd10      	pop	{r4, pc}
20000a5e:	4620      	mov	r0, r4
20000a60:	e8bd 4010 	ldmia.w	sp!, {r4, lr}
20000a64:	2101      	movs	r1, #1
20000a66:	f7ff bf91 	b.w	2000098c <sync_ep_buffer>
20000a6a:	bf00      	nop

20000a6c <e15_is_bulkin_ep>:
20000a6c:	4b08      	ldr	r3, [pc, #32]	@ (20000a90 <e15_is_bulkin_ep+0x24>)
20000a6e:	6c1b      	ldr	r3, [r3, #64]	@ 0x40
20000a70:	f013 0302 	ands.w	r3, r3, #2
20000a74:	d102      	bne.n	20000a7c <e15_is_bulkin_ep+0x10>
20000a76:	7882      	ldrb	r2, [r0, #2]
20000a78:	09d2      	lsrs	r2, r2, #7
20000a7a:	d101      	bne.n	20000a80 <e15_is_bulkin_ep+0x14>
20000a7c:	2000      	movs	r0, #0
20000a7e:	4770      	bx	lr
20000a80:	7ec0      	ldrb	r0, [r0, #27]
20000a82:	f1a0 0002 	sub.w	r0, r0, #2
20000a86:	fab0 f080 	clz	r0, r0
20000a8a:	0940      	lsrs	r0, r0, #5
20000a8c:	4770      	bx	lr
20000a8e:	bf00      	nop
20000a90:	50110000 	.word	0x50110000

20000a94 <e15_is_critical_frame_period>:
20000a94:	b508      	push	{r3, lr}
20000a96:	f7ff ffe9 	bl	20000a6c <e15_is_bulkin_ep>
20000a9a:	b150      	cbz	r0, 20000ab2 <e15_is_critical_frame_period+0x1e>
20000a9c:	4a05      	ldr	r2, [pc, #20]	@ (20000ab4 <e15_is_critical_frame_period+0x20>)
20000a9e:	4b06      	ldr	r3, [pc, #24]	@ (20000ab8 <e15_is_critical_frame_period+0x24>)
20000aa0:	6a90      	ldr	r0, [r2, #40]	@ 0x28
20000aa2:	681b      	ldr	r3, [r3, #0]
20000aa4:	f5a0 7048 	sub.w	r0, r0, #800	@ 0x320
20000aa8:	1ac0      	subs	r0, r0, r3
20000aaa:	28c6      	cmp	r0, #198	@ 0xc6
20000aac:	bf8c      	ite	hi
20000aae:	2000      	movhi	r0, #0
20000ab0:	2001      	movls	r0, #1
20000ab2:	bd08      	pop	{r3, pc}
20000ab4:	400b0000 	.word	0x400b0000
20000ab8:	20001a88 	.word	0x20001a88

20000abc <hw_endpoint_reset_transfer>:
20000abc:	2300      	movs	r3, #0
20000abe:	e9c0 3304 	strd	r3, r3, [r0, #16]
20000ac2:	7683      	strb	r3, [r0, #26]
20000ac4:	4770      	bx	lr
20000ac6:	bf00      	nop

20000ac8 <_hw_endpoint_buffer_control_update32>:
20000ac8:	b510      	push	{r4, lr}
20000aca:	6883      	ldr	r3, [r0, #8]
20000acc:	b109      	cbz	r1, 20000ad2 <_hw_endpoint_buffer_control_update32+0xa>
20000ace:	681c      	ldr	r4, [r3, #0]
20000ad0:	4021      	ands	r1, r4
20000ad2:	b182      	cbz	r2, 20000af6 <_hw_endpoint_buffer_control_update32+0x2e>
20000ad4:	4311      	orrs	r1, r2
20000ad6:	0552      	lsls	r2, r2, #21
20000ad8:	d50d      	bpl.n	20000af6 <_hw_endpoint_buffer_control_update32+0x2e>
20000ada:	681a      	ldr	r2, [r3, #0]
20000adc:	0554      	lsls	r4, r2, #21
20000ade:	d40c      	bmi.n	20000afa <_hw_endpoint_buffer_control_update32+0x32>
20000ae0:	4a08      	ldr	r2, [pc, #32]	@ (20000b04 <_hw_endpoint_buffer_control_update32+0x3c>)
20000ae2:	f421 6480 	bic.w	r4, r1, #1024	@ 0x400
20000ae6:	601c      	str	r4, [r3, #0]
20000ae8:	6c12      	ldr	r2, [r2, #64]	@ 0x40
20000aea:	0792      	lsls	r2, r2, #30
20000aec:	d403      	bmi.n	20000af6 <_hw_endpoint_buffer_control_update32+0x2e>
20000aee:	230c      	movs	r3, #12
20000af0:	3b03      	subs	r3, #3
20000af2:	d2fd      	bcs.n	20000af0 <_hw_endpoint_buffer_control_update32+0x28>
20000af4:	6883      	ldr	r3, [r0, #8]
20000af6:	6019      	str	r1, [r3, #0]
20000af8:	bd10      	pop	{r4, pc}
20000afa:	7881      	ldrb	r1, [r0, #2]
20000afc:	4802      	ldr	r0, [pc, #8]	@ (20000b08 <_hw_endpoint_buffer_control_update32+0x40>)
20000afe:	f000 fb6f 	bl	200011e0 <__panic_veneer>
20000b02:	bf00      	nop
20000b04:	50110000 	.word	0x50110000
20000b08:	100070bc 	.word	0x100070bc

20000b0c <hw_endpoint_start_next_buffer>:
20000b0c:	b530      	push	{r4, r5, lr}
20000b0e:	6843      	ldr	r3, [r0, #4]
20000b10:	2100      	movs	r1, #0
20000b12:	b083      	sub	sp, #12
20000b14:	4604      	mov	r4, r0
20000b16:	681d      	ldr	r5, [r3, #0]
20000b18:	f7ff fed8 	bl	200008cc <prepare_ep_buffer>
20000b1c:	4b13      	ldr	r3, [pc, #76]	@ (20000b6c <hw_endpoint_start_next_buffer+0x60>)
20000b1e:	f440 5280 	orr.w	r2, r0, #4096	@ 0x1000
20000b22:	6c19      	ldr	r1, [r3, #64]	@ 0x40
20000b24:	78a3      	ldrb	r3, [r4, #2]
20000b26:	0789      	lsls	r1, r1, #30
20000b28:	d50e      	bpl.n	20000b48 <hw_endpoint_start_next_buffer+0x3c>
20000b2a:	065b      	lsls	r3, r3, #25
20000b2c:	d00e      	beq.n	20000b4c <hw_endpoint_start_next_buffer+0x40>
20000b2e:	f025 45a0 	bic.w	r5, r5, #1342177280	@ 0x50000000
20000b32:	f045 5500 	orr.w	r5, r5, #536870912	@ 0x20000000
20000b36:	2100      	movs	r1, #0
20000b38:	4620      	mov	r0, r4
20000b3a:	6863      	ldr	r3, [r4, #4]
20000b3c:	601d      	str	r5, [r3, #0]
20000b3e:	b003      	add	sp, #12
20000b40:	e8bd 4030 	ldmia.w	sp!, {r4, r5, lr}
20000b44:	f7ff bfc0 	b.w	20000ac8 <_hw_endpoint_buffer_control_update32>
20000b48:	09db      	lsrs	r3, r3, #7
20000b4a:	d0f0      	beq.n	20000b2e <hw_endpoint_start_next_buffer+0x22>
20000b4c:	8aa3      	ldrh	r3, [r4, #20]
20000b4e:	2b00      	cmp	r3, #0
20000b50:	d0ed      	beq.n	20000b2e <hw_endpoint_start_next_buffer+0x22>
20000b52:	2101      	movs	r1, #1
20000b54:	4620      	mov	r0, r4
20000b56:	9201      	str	r2, [sp, #4]
20000b58:	f7ff feb8 	bl	200008cc <prepare_ep_buffer>
20000b5c:	9a01      	ldr	r2, [sp, #4]
20000b5e:	f025 5500 	bic.w	r5, r5, #536870912	@ 0x20000000
20000b62:	4302      	orrs	r2, r0
20000b64:	f045 45a0 	orr.w	r5, r5, #1342177280	@ 0x50000000
20000b68:	e7e5      	b.n	20000b36 <hw_endpoint_start_next_buffer+0x2a>
20000b6a:	bf00      	nop
20000b6c:	50110000 	.word	0x50110000

20000b70 <hw_endpoint_xfer_continue>:
20000b70:	b538      	push	{r3, r4, r5, lr}
20000b72:	7e85      	ldrb	r5, [r0, #26]
20000b74:	4604      	mov	r4, r0
20000b76:	b195      	cbz	r5, 20000b9e <hw_endpoint_xfer_continue+0x2e>
20000b78:	f7ff ff62 	bl	20000a40 <_hw_endpoint_xfer_sync>
20000b7c:	8aa3      	ldrh	r3, [r4, #20]
20000b7e:	b90b      	cbnz	r3, 20000b84 <hw_endpoint_xfer_continue+0x14>
20000b80:	4628      	mov	r0, r5
20000b82:	bd38      	pop	{r3, r4, r5, pc}
20000b84:	4620      	mov	r0, r4
20000b86:	f7ff ff85 	bl	20000a94 <e15_is_critical_frame_period>
20000b8a:	b120      	cbz	r0, 20000b96 <hw_endpoint_xfer_continue+0x26>
20000b8c:	2301      	movs	r3, #1
20000b8e:	7723      	strb	r3, [r4, #28]
20000b90:	2500      	movs	r5, #0
20000b92:	4628      	mov	r0, r5
20000b94:	bd38      	pop	{r3, r4, r5, pc}
20000b96:	4620      	mov	r0, r4
20000b98:	f7ff ffb8 	bl	20000b0c <hw_endpoint_start_next_buffer>
20000b9c:	e7f8      	b.n	20000b90 <hw_endpoint_xfer_continue+0x20>
20000b9e:	7881      	ldrb	r1, [r0, #2]
20000ba0:	4801      	ldr	r0, [pc, #4]	@ (20000ba8 <hw_endpoint_xfer_continue+0x38>)
20000ba2:	f000 fb1d 	bl	200011e0 <__panic_veneer>
20000ba6:	bf00      	nop
20000ba8:	100070dc 	.word	0x100070dc

20000bac <dcd_event_handler>:
20000bac:	e92d 43f0 	stmdb	sp!, {r4, r5, r6, r7, r8, r9, lr}
20000bb0:	7843      	ldrb	r3, [r0, #1]
20000bb2:	4681      	mov	r9, r0
20000bb4:	3b02      	subs	r3, #2
20000bb6:	460d      	mov	r5, r1
20000bb8:	b085      	sub	sp, #20
20000bba:	2b04      	cmp	r3, #4
20000bbc:	d813      	bhi.n	20000be6 <dcd_event_handler+0x3a>
20000bbe:	e8df f003 	tbb	[pc, r3]
20000bc2:	4a03      	.short	0x4a03
20000bc4:	736a      	.short	0x736a
20000bc6:	44          	.byte	0x44
20000bc7:	00          	.byte	0x00
20000bc8:	2100      	movs	r1, #0
20000bca:	4b7b      	ldr	r3, [pc, #492]	@ (20000db8 <dcd_event_handler+0x20c>)
20000bcc:	781a      	ldrb	r2, [r3, #0]
20000bce:	f022 0201 	bic.w	r2, r2, #1
20000bd2:	701a      	strb	r2, [r3, #0]
20000bd4:	781a      	ldrb	r2, [r3, #0]
20000bd6:	f022 0202 	bic.w	r2, r2, #2
20000bda:	701a      	strb	r2, [r3, #0]
20000bdc:	7059      	strb	r1, [r3, #1]
20000bde:	781a      	ldrb	r2, [r3, #0]
20000be0:	f361 0282 	bfi	r2, r1, #2, #1
20000be4:	701a      	strb	r2, [r3, #0]
20000be6:	4b75      	ldr	r3, [pc, #468]	@ (20000dbc <dcd_event_handler+0x210>)
20000be8:	681c      	ldr	r4, [r3, #0]
20000bea:	6963      	ldr	r3, [r4, #20]
20000bec:	f3ef 8210 	mrs	r2, PRIMASK
20000bf0:	b672      	cpsid	i
20000bf2:	e8d3 0fcf 	ldaexb	r0, [r3]
20000bf6:	2101      	movs	r1, #1
20000bf8:	2800      	cmp	r0, #0
20000bfa:	d1fa      	bne.n	20000bf2 <dcd_event_handler+0x46>
20000bfc:	e8c3 1f40 	strexb	r0, r1, [r3]
20000c00:	2800      	cmp	r0, #0
20000c02:	d1f6      	bne.n	20000bf2 <dcd_event_handler+0x46>
20000c04:	f3bf 8f5f 	dmb	sy
20000c08:	61a2      	str	r2, [r4, #24]
20000c0a:	4649      	mov	r1, r9
20000c0c:	4620      	mov	r0, r4
20000c0e:	f000 faef 	bl	200011f0 <__tu_fifo_write_veneer>
20000c12:	2300      	movs	r3, #0
20000c14:	6962      	ldr	r2, [r4, #20]
20000c16:	e8c2 3f8f 	stlb	r3, [r2]
20000c1a:	69a3      	ldr	r3, [r4, #24]
20000c1c:	f383 8810 	msr	PRIMASK, r3
20000c20:	b948      	cbnz	r0, 20000c36 <dcd_event_handler+0x8a>
20000c22:	f04f 23e0 	mov.w	r3, #3758153728	@ 0xe000e000
20000c26:	f8d3 3df0 	ldr.w	r3, [r3, #3568]	@ 0xdf0
20000c2a:	07db      	lsls	r3, r3, #31
20000c2c:	d50a      	bpl.n	20000c44 <dcd_event_handler+0x98>
20000c2e:	be00      	bkpt	0x0000
20000c30:	b005      	add	sp, #20
20000c32:	e8bd 83f0 	ldmia.w	sp!, {r4, r5, r6, r7, r8, r9, pc}
20000c36:	462a      	mov	r2, r5
20000c38:	f899 1001 	ldrb.w	r1, [r9, #1]
20000c3c:	f899 0000 	ldrb.w	r0, [r9]
20000c40:	f000 fada 	bl	200011f8 <__tud_event_hook_cb_veneer>
20000c44:	b005      	add	sp, #20
20000c46:	e8bd 83f0 	ldmia.w	sp!, {r4, r5, r6, r7, r8, r9, pc}
20000c4a:	4a5d      	ldr	r2, [pc, #372]	@ (20000dc0 <dcd_event_handler+0x214>)
20000c4c:	7813      	ldrb	r3, [r2, #0]
20000c4e:	3301      	adds	r3, #1
20000c50:	b2db      	uxtb	r3, r3
20000c52:	7013      	strb	r3, [r2, #0]
20000c54:	e7c7      	b.n	20000be6 <dcd_event_handler+0x3a>
20000c56:	2400      	movs	r4, #0
20000c58:	4e5a      	ldr	r6, [pc, #360]	@ (20000dc4 <dcd_event_handler+0x218>)
20000c5a:	4623      	mov	r3, r4
20000c5c:	7831      	ldrb	r1, [r6, #0]
20000c5e:	f8df 816c 	ldr.w	r8, [pc, #364]	@ 20000dcc <dcd_event_handler+0x220>
20000c62:	4f59      	ldr	r7, [pc, #356]	@ (20000dc8 <dcd_event_handler+0x21c>)
20000c64:	e011      	b.n	20000c8a <dcd_event_handler+0xde>
20000c66:	683b      	ldr	r3, [r7, #0]
20000c68:	eb13 1344 	adds.w	r3, r3, r4, lsl #5
20000c6c:	d007      	beq.n	20000c7e <dcd_event_handler+0xd2>
20000c6e:	69db      	ldr	r3, [r3, #28]
20000c70:	b12b      	cbz	r3, 20000c7e <dcd_event_handler+0xd2>
20000c72:	f8d9 1004 	ldr.w	r1, [r9, #4]
20000c76:	f899 0000 	ldrb.w	r0, [r9]
20000c7a:	4798      	blx	r3
20000c7c:	7831      	ldrb	r1, [r6, #0]
20000c7e:	3401      	adds	r4, #1
20000c80:	b2e4      	uxtb	r4, r4
20000c82:	1c4a      	adds	r2, r1, #1
20000c84:	42a2      	cmp	r2, r4
20000c86:	4623      	mov	r3, r4
20000c88:	db17      	blt.n	20000cba <dcd_event_handler+0x10e>
20000c8a:	42a1      	cmp	r1, r4
20000c8c:	d8eb      	bhi.n	20000c66 <dcd_event_handler+0xba>
20000c8e:	1a5b      	subs	r3, r3, r1
20000c90:	eb08 1343 	add.w	r3, r8, r3, lsl #5
20000c94:	e7eb      	b.n	20000c6e <dcd_event_handler+0xc2>
20000c96:	4b48      	ldr	r3, [pc, #288]	@ (20000db8 <dcd_event_handler+0x20c>)
20000c98:	781a      	ldrb	r2, [r3, #0]
20000c9a:	07d6      	lsls	r6, r2, #31
20000c9c:	d5d2      	bpl.n	20000c44 <dcd_event_handler+0x98>
20000c9e:	781a      	ldrb	r2, [r3, #0]
20000ca0:	f042 0204 	orr.w	r2, r2, #4
20000ca4:	701a      	strb	r2, [r3, #0]
20000ca6:	e79e      	b.n	20000be6 <dcd_event_handler+0x3a>
20000ca8:	4b43      	ldr	r3, [pc, #268]	@ (20000db8 <dcd_event_handler+0x20c>)
20000caa:	781a      	ldrb	r2, [r3, #0]
20000cac:	07d4      	lsls	r4, r2, #31
20000cae:	d5c9      	bpl.n	20000c44 <dcd_event_handler+0x98>
20000cb0:	781a      	ldrb	r2, [r3, #0]
20000cb2:	f022 0204 	bic.w	r2, r2, #4
20000cb6:	701a      	strb	r2, [r3, #0]
20000cb8:	e795      	b.n	20000be6 <dcd_event_handler+0x3a>
20000cba:	4c3f      	ldr	r4, [pc, #252]	@ (20000db8 <dcd_event_handler+0x20c>)
20000cbc:	7823      	ldrb	r3, [r4, #0]
20000cbe:	0758      	lsls	r0, r3, #29
20000cc0:	d43a      	bmi.n	20000d38 <dcd_event_handler+0x18c>
20000cc2:	78e3      	ldrb	r3, [r4, #3]
20000cc4:	07da      	lsls	r2, r3, #31
20000cc6:	d5bd      	bpl.n	20000c44 <dcd_event_handler+0x98>
20000cc8:	2303      	movs	r3, #3
20000cca:	2600      	movs	r6, #0
20000ccc:	4a3b      	ldr	r2, [pc, #236]	@ (20000dbc <dcd_event_handler+0x210>)
20000cce:	f899 1000 	ldrb.w	r1, [r9]
20000cd2:	6814      	ldr	r4, [r2, #0]
20000cd4:	f8d9 2004 	ldr.w	r2, [r9, #4]
20000cd8:	f88d 1004 	strb.w	r1, [sp, #4]
20000cdc:	f88d 3005 	strb.w	r3, [sp, #5]
20000ce0:	6963      	ldr	r3, [r4, #20]
20000ce2:	f8cd 6006 	str.w	r6, [sp, #6]
20000ce6:	f8cd 600a 	str.w	r6, [sp, #10]
20000cea:	f8ad 600e 	strh.w	r6, [sp, #14]
20000cee:	9202      	str	r2, [sp, #8]
20000cf0:	f3ef 8210 	mrs	r2, PRIMASK
20000cf4:	b672      	cpsid	i
20000cf6:	e8d3 0fcf 	ldaexb	r0, [r3]
20000cfa:	2101      	movs	r1, #1
20000cfc:	2800      	cmp	r0, #0
20000cfe:	d1fa      	bne.n	20000cf6 <dcd_event_handler+0x14a>
20000d00:	e8c3 1f40 	strexb	r0, r1, [r3]
20000d04:	2800      	cmp	r0, #0
20000d06:	d1f6      	bne.n	20000cf6 <dcd_event_handler+0x14a>
20000d08:	f3bf 8f5f 	dmb	sy
20000d0c:	4620      	mov	r0, r4
20000d0e:	61a2      	str	r2, [r4, #24]
20000d10:	a901      	add	r1, sp, #4
20000d12:	f000 fa6d 	bl	200011f0 <__tu_fifo_write_veneer>
20000d16:	6963      	ldr	r3, [r4, #20]
20000d18:	e8c3 6f8f 	stlb	r6, [r3]
20000d1c:	69a3      	ldr	r3, [r4, #24]
20000d1e:	f383 8810 	msr	PRIMASK, r3
20000d22:	2800      	cmp	r0, #0
20000d24:	f43f af7d 	beq.w	20000c22 <dcd_event_handler+0x76>
20000d28:	462a      	mov	r2, r5
20000d2a:	f89d 1005 	ldrb.w	r1, [sp, #5]
20000d2e:	f89d 0004 	ldrb.w	r0, [sp, #4]
20000d32:	f000 fa61 	bl	200011f8 <__tud_event_hook_cb_veneer>
20000d36:	e785      	b.n	20000c44 <dcd_event_handler+0x98>
20000d38:	7823      	ldrb	r3, [r4, #0]
20000d3a:	2700      	movs	r7, #0
20000d3c:	f023 0304 	bic.w	r3, r3, #4
20000d40:	7023      	strb	r3, [r4, #0]
20000d42:	2305      	movs	r3, #5
20000d44:	4a1d      	ldr	r2, [pc, #116]	@ (20000dbc <dcd_event_handler+0x210>)
20000d46:	f88d 3005 	strb.w	r3, [sp, #5]
20000d4a:	6816      	ldr	r6, [r2, #0]
20000d4c:	f899 2000 	ldrb.w	r2, [r9]
20000d50:	f8ad 700e 	strh.w	r7, [sp, #14]
20000d54:	f88d 2004 	strb.w	r2, [sp, #4]
20000d58:	6973      	ldr	r3, [r6, #20]
20000d5a:	f8cd 7006 	str.w	r7, [sp, #6]
20000d5e:	f8cd 700a 	str.w	r7, [sp, #10]
20000d62:	f3ef 8210 	mrs	r2, PRIMASK
20000d66:	b672      	cpsid	i
20000d68:	e8d3 0fcf 	ldaexb	r0, [r3]
20000d6c:	2101      	movs	r1, #1
20000d6e:	2800      	cmp	r0, #0
20000d70:	d1fa      	bne.n	20000d68 <dcd_event_handler+0x1bc>
20000d72:	e8c3 1f40 	strexb	r0, r1, [r3]
20000d76:	2800      	cmp	r0, #0
20000d78:	d1f6      	bne.n	20000d68 <dcd_event_handler+0x1bc>
20000d7a:	f3bf 8f5f 	dmb	sy
20000d7e:	4630      	mov	r0, r6
20000d80:	61b2      	str	r2, [r6, #24]
20000d82:	a901      	add	r1, sp, #4
20000d84:	f000 fa34 	bl	200011f0 <__tu_fifo_write_veneer>
20000d88:	6973      	ldr	r3, [r6, #20]
20000d8a:	e8c3 7f8f 	stlb	r7, [r3]
20000d8e:	69b3      	ldr	r3, [r6, #24]
20000d90:	f383 8810 	msr	PRIMASK, r3
20000d94:	b938      	cbnz	r0, 20000da6 <dcd_event_handler+0x1fa>
20000d96:	f04f 23e0 	mov.w	r3, #3758153728	@ 0xe000e000
20000d9a:	f8d3 3df0 	ldr.w	r3, [r3, #3568]	@ 0xdf0
20000d9e:	07d9      	lsls	r1, r3, #31
20000da0:	d58f      	bpl.n	20000cc2 <dcd_event_handler+0x116>
20000da2:	be00      	bkpt	0x0000
20000da4:	e78d      	b.n	20000cc2 <dcd_event_handler+0x116>
20000da6:	462a      	mov	r2, r5
20000da8:	f89d 1005 	ldrb.w	r1, [sp, #5]
20000dac:	f89d 0004 	ldrb.w	r0, [sp, #4]
20000db0:	f000 fa22 	bl	200011f8 <__tud_event_hook_cb_veneer>
20000db4:	e785      	b.n	20000cc2 <dcd_event_handler+0x116>
20000db6:	bf00      	nop
20000db8:	20001618 	.word	0x20001618
20000dbc:	20001670 	.word	0x20001670
20000dc0:	20001f0b 	.word	0x20001f0b
20000dc4:	20001f09 	.word	0x20001f09
20000dc8:	20001448 	.word	0x20001448
20000dcc:	10007334 	.word	0x10007334

20000dd0 <spi_write_read_blocking>:
20000dd0:	b570      	push	{r4, r5, r6, lr}
20000dd2:	461d      	mov	r5, r3
20000dd4:	4684      	mov	ip, r0
20000dd6:	461c      	mov	r4, r3
20000dd8:	b315      	cbz	r5, 20000e20 <spi_write_read_blocking+0x50>
20000dda:	b1c4      	cbz	r4, 20000e0e <spi_write_read_blocking+0x3e>
20000ddc:	f8dc 600c 	ldr.w	r6, [ip, #12]
20000de0:	f104 0e08 	add.w	lr, r4, #8
20000de4:	07b6      	lsls	r6, r6, #30
20000de6:	d506      	bpl.n	20000df6 <spi_write_read_blocking+0x26>
20000de8:	4575      	cmp	r5, lr
20000dea:	d233      	bcs.n	20000e54 <spi_write_read_blocking+0x84>
20000dec:	f811 0b01 	ldrb.w	r0, [r1], #1
20000df0:	3c01      	subs	r4, #1
20000df2:	f8cc 0008 	str.w	r0, [ip, #8]
20000df6:	f8dc 000c 	ldr.w	r0, [ip, #12]
20000dfa:	0740      	lsls	r0, r0, #29
20000dfc:	d5ed      	bpl.n	20000dda <spi_write_read_blocking+0xa>
20000dfe:	f8dc 6008 	ldr.w	r6, [ip, #8]
20000e02:	3d01      	subs	r5, #1
20000e04:	f802 6b01 	strb.w	r6, [r2], #1
20000e08:	2d00      	cmp	r5, #0
20000e0a:	d1e6      	bne.n	20000dda <spi_write_read_blocking+0xa>
20000e0c:	e008      	b.n	20000e20 <spi_write_read_blocking+0x50>
20000e0e:	f8dc 600c 	ldr.w	r6, [ip, #12]
20000e12:	0776      	lsls	r6, r6, #29
20000e14:	d4f3      	bmi.n	20000dfe <spi_write_read_blocking+0x2e>
20000e16:	f8dc 600c 	ldr.w	r6, [ip, #12]
20000e1a:	0776      	lsls	r6, r6, #29
20000e1c:	d4ef      	bmi.n	20000dfe <spi_write_read_blocking+0x2e>
20000e1e:	e7f6      	b.n	20000e0e <spi_write_read_blocking+0x3e>
20000e20:	b16c      	cbz	r4, 20000e3e <spi_write_read_blocking+0x6e>
20000e22:	f8dc 200c 	ldr.w	r2, [ip, #12]
20000e26:	0790      	lsls	r0, r2, #30
20000e28:	d5fb      	bpl.n	20000e22 <spi_write_read_blocking+0x52>
20000e2a:	f114 0f08 	cmn.w	r4, #8
20000e2e:	d008      	beq.n	20000e42 <spi_write_read_blocking+0x72>
20000e30:	f811 2b01 	ldrb.w	r2, [r1], #1
20000e34:	3c01      	subs	r4, #1
20000e36:	f8cc 2008 	str.w	r2, [ip, #8]
20000e3a:	2c00      	cmp	r4, #0
20000e3c:	d1f1      	bne.n	20000e22 <spi_write_read_blocking+0x52>
20000e3e:	4618      	mov	r0, r3
20000e40:	bd70      	pop	{r4, r5, r6, pc}
20000e42:	f8dc 200c 	ldr.w	r2, [ip, #12]
20000e46:	0792      	lsls	r2, r2, #30
20000e48:	d5eb      	bpl.n	20000e22 <spi_write_read_blocking+0x52>
20000e4a:	f8dc 200c 	ldr.w	r2, [ip, #12]
20000e4e:	0792      	lsls	r2, r2, #30
20000e50:	d4f7      	bmi.n	20000e42 <spi_write_read_blocking+0x72>
20000e52:	e7e6      	b.n	20000e22 <spi_write_read_blocking+0x52>
20000e54:	f8dc 000c 	ldr.w	r0, [ip, #12]
20000e58:	0740      	lsls	r0, r0, #29
20000e5a:	d4d0      	bmi.n	20000dfe <spi_write_read_blocking+0x2e>
20000e5c:	e7be      	b.n	20000ddc <spi_write_read_blocking+0xc>
20000e5e:	bf00      	nop

20000e60 <__aeabi_uldivmod>:
20000e60:	b953      	cbnz	r3, 20000e78 <__aeabi_uldivmod+0x18>
20000e62:	b94a      	cbnz	r2, 20000e78 <__aeabi_uldivmod+0x18>
20000e64:	2900      	cmp	r1, #0
20000e66:	bf08      	it	eq
20000e68:	2800      	cmpeq	r0, #0
20000e6a:	bf1c      	itt	ne
20000e6c:	f04f 31ff 	movne.w	r1, #4294967295
20000e70:	f04f 30ff 	movne.w	r0, #4294967295
20000e74:	f000 b9b2 	b.w	200011dc <__aeabi_idiv0>
20000e78:	f1ad 0c08 	sub.w	ip, sp, #8
20000e7c:	e96d ce04 	strd	ip, lr, [sp, #-16]!
20000e80:	f000 f806 	bl	20000e90 <__udivmoddi4>
20000e84:	f8dd e004 	ldr.w	lr, [sp, #4]
20000e88:	e9dd 2302 	ldrd	r2, r3, [sp, #8]
20000e8c:	b004      	add	sp, #16
20000e8e:	4770      	bx	lr

20000e90 <__udivmoddi4>:
20000e90:	e92d 4ff0 	stmdb	sp!, {r4, r5, r6, r7, r8, r9, sl, fp, lr}
20000e94:	468c      	mov	ip, r1
20000e96:	9e09      	ldr	r6, [sp, #36]	@ 0x24
20000e98:	4604      	mov	r4, r0
20000e9a:	460f      	mov	r7, r1
20000e9c:	2b00      	cmp	r3, #0
20000e9e:	d148      	bne.n	20000f32 <__udivmoddi4+0xa2>
20000ea0:	428a      	cmp	r2, r1
20000ea2:	4615      	mov	r5, r2
20000ea4:	d95e      	bls.n	20000f64 <__udivmoddi4+0xd4>
20000ea6:	fab2 f382 	clz	r3, r2
20000eaa:	b13b      	cbz	r3, 20000ebc <__udivmoddi4+0x2c>
20000eac:	f1c3 0220 	rsb	r2, r3, #32
20000eb0:	409f      	lsls	r7, r3
20000eb2:	409d      	lsls	r5, r3
20000eb4:	409c      	lsls	r4, r3
20000eb6:	fa20 f202 	lsr.w	r2, r0, r2
20000eba:	4317      	orrs	r7, r2
20000ebc:	ea4f 4e15 	mov.w	lr, r5, lsr #16
20000ec0:	fa1f fc85 	uxth.w	ip, r5
20000ec4:	0c22      	lsrs	r2, r4, #16
20000ec6:	fbb7 f1fe 	udiv	r1, r7, lr
20000eca:	fb0e 7711 	mls	r7, lr, r1, r7
20000ece:	fb01 f00c 	mul.w	r0, r1, ip
20000ed2:	ea42 4207 	orr.w	r2, r2, r7, lsl #16
20000ed6:	4290      	cmp	r0, r2
20000ed8:	d907      	bls.n	20000eea <__udivmoddi4+0x5a>
20000eda:	18aa      	adds	r2, r5, r2
20000edc:	f101 37ff 	add.w	r7, r1, #4294967295
20000ee0:	d202      	bcs.n	20000ee8 <__udivmoddi4+0x58>
20000ee2:	4290      	cmp	r0, r2
20000ee4:	f200 8158 	bhi.w	20001198 <__udivmoddi4+0x308>
20000ee8:	4639      	mov	r1, r7
20000eea:	1a12      	subs	r2, r2, r0
20000eec:	b2a4      	uxth	r4, r4
20000eee:	fbb2 f0fe 	udiv	r0, r2, lr
20000ef2:	fb0e 2210 	mls	r2, lr, r0, r2
20000ef6:	fb00 fc0c 	mul.w	ip, r0, ip
20000efa:	ea44 4402 	orr.w	r4, r4, r2, lsl #16
20000efe:	45a4      	cmp	ip, r4
20000f00:	d90b      	bls.n	20000f1a <__udivmoddi4+0x8a>
20000f02:	192c      	adds	r4, r5, r4
20000f04:	f100 32ff 	add.w	r2, r0, #4294967295
20000f08:	bf2c      	ite	cs
20000f0a:	2701      	movcs	r7, #1
20000f0c:	2700      	movcc	r7, #0
20000f0e:	45a4      	cmp	ip, r4
20000f10:	d902      	bls.n	20000f18 <__udivmoddi4+0x88>
20000f12:	2f00      	cmp	r7, #0
20000f14:	f000 8143 	beq.w	2000119e <__udivmoddi4+0x30e>
20000f18:	4610      	mov	r0, r2
20000f1a:	ea40 4001 	orr.w	r0, r0, r1, lsl #16
20000f1e:	eba4 040c 	sub.w	r4, r4, ip
20000f22:	2100      	movs	r1, #0
20000f24:	b11e      	cbz	r6, 20000f2e <__udivmoddi4+0x9e>
20000f26:	40dc      	lsrs	r4, r3
20000f28:	2300      	movs	r3, #0
20000f2a:	e9c6 4300 	strd	r4, r3, [r6]
20000f2e:	e8bd 8ff0 	ldmia.w	sp!, {r4, r5, r6, r7, r8, r9, sl, fp, pc}
20000f32:	428b      	cmp	r3, r1
20000f34:	d906      	bls.n	20000f44 <__udivmoddi4+0xb4>
20000f36:	b10e      	cbz	r6, 20000f3c <__udivmoddi4+0xac>
20000f38:	e9c6 0100 	strd	r0, r1, [r6]
20000f3c:	2100      	movs	r1, #0
20000f3e:	4608      	mov	r0, r1
20000f40:	e8bd 8ff0 	ldmia.w	sp!, {r4, r5, r6, r7, r8, r9, sl, fp, pc}
20000f44:	fab3 f183 	clz	r1, r3
20000f48:	2900      	cmp	r1, #0
20000f4a:	d151      	bne.n	20000ff0 <__udivmoddi4+0x160>
20000f4c:	4563      	cmp	r3, ip
20000f4e:	f0c0 8116 	bcc.w	2000117e <__udivmoddi4+0x2ee>
20000f52:	4282      	cmp	r2, r0
20000f54:	f240 8113 	bls.w	2000117e <__udivmoddi4+0x2ee>
20000f58:	4608      	mov	r0, r1
20000f5a:	2e00      	cmp	r6, #0
20000f5c:	d0e7      	beq.n	20000f2e <__udivmoddi4+0x9e>
20000f5e:	e9c6 4700 	strd	r4, r7, [r6]
20000f62:	e7e4      	b.n	20000f2e <__udivmoddi4+0x9e>
20000f64:	2a00      	cmp	r2, #0
20000f66:	f000 80af 	beq.w	200010c8 <__udivmoddi4+0x238>
20000f6a:	fab2 f382 	clz	r3, r2
20000f6e:	2b00      	cmp	r3, #0
20000f70:	f040 80c2 	bne.w	200010f8 <__udivmoddi4+0x268>
20000f74:	1a8a      	subs	r2, r1, r2
20000f76:	ea4f 4e15 	mov.w	lr, r5, lsr #16
20000f7a:	b2af      	uxth	r7, r5
20000f7c:	2101      	movs	r1, #1
20000f7e:	0c20      	lsrs	r0, r4, #16
20000f80:	fbb2 fcfe 	udiv	ip, r2, lr
20000f84:	fb0e 221c 	mls	r2, lr, ip, r2
20000f88:	ea40 4202 	orr.w	r2, r0, r2, lsl #16
20000f8c:	fb07 f00c 	mul.w	r0, r7, ip
20000f90:	4290      	cmp	r0, r2
20000f92:	d90e      	bls.n	20000fb2 <__udivmoddi4+0x122>
20000f94:	18aa      	adds	r2, r5, r2
20000f96:	f10c 38ff 	add.w	r8, ip, #4294967295
20000f9a:	bf2c      	ite	cs
20000f9c:	f04f 0901 	movcs.w	r9, #1
20000fa0:	f04f 0900 	movcc.w	r9, #0
20000fa4:	4290      	cmp	r0, r2
20000fa6:	d903      	bls.n	20000fb0 <__udivmoddi4+0x120>
20000fa8:	f1b9 0f00 	cmp.w	r9, #0
20000fac:	f000 80f0 	beq.w	20001190 <__udivmoddi4+0x300>
20000fb0:	46c4      	mov	ip, r8
20000fb2:	1a12      	subs	r2, r2, r0
20000fb4:	b2a4      	uxth	r4, r4
20000fb6:	fbb2 f0fe 	udiv	r0, r2, lr
20000fba:	fb0e 2210 	mls	r2, lr, r0, r2
20000fbe:	fb00 f707 	mul.w	r7, r0, r7
20000fc2:	ea44 4402 	orr.w	r4, r4, r2, lsl #16
20000fc6:	42a7      	cmp	r7, r4
20000fc8:	d90e      	bls.n	20000fe8 <__udivmoddi4+0x158>
20000fca:	192c      	adds	r4, r5, r4
20000fcc:	f100 32ff 	add.w	r2, r0, #4294967295
20000fd0:	bf2c      	ite	cs
20000fd2:	f04f 0e01 	movcs.w	lr, #1
20000fd6:	f04f 0e00 	movcc.w	lr, #0
20000fda:	42a7      	cmp	r7, r4
20000fdc:	d903      	bls.n	20000fe6 <__udivmoddi4+0x156>
20000fde:	f1be 0f00 	cmp.w	lr, #0
20000fe2:	f000 80d2 	beq.w	2000118a <__udivmoddi4+0x2fa>
20000fe6:	4610      	mov	r0, r2
20000fe8:	1be4      	subs	r4, r4, r7
20000fea:	ea40 400c 	orr.w	r0, r0, ip, lsl #16
20000fee:	e799      	b.n	20000f24 <__udivmoddi4+0x94>
20000ff0:	f1c1 0520 	rsb	r5, r1, #32
20000ff4:	408b      	lsls	r3, r1
20000ff6:	fa0c f401 	lsl.w	r4, ip, r1
20000ffa:	fa00 f901 	lsl.w	r9, r0, r1
20000ffe:	fa22 f705 	lsr.w	r7, r2, r5
20001002:	fa2c fc05 	lsr.w	ip, ip, r5
20001006:	408a      	lsls	r2, r1
20001008:	431f      	orrs	r7, r3
2000100a:	fa20 f305 	lsr.w	r3, r0, r5
2000100e:	0c38      	lsrs	r0, r7, #16
20001010:	4323      	orrs	r3, r4
20001012:	fa1f fe87 	uxth.w	lr, r7
20001016:	0c1c      	lsrs	r4, r3, #16
20001018:	fbbc f8f0 	udiv	r8, ip, r0
2000101c:	fb00 cc18 	mls	ip, r0, r8, ip
20001020:	ea44 440c 	orr.w	r4, r4, ip, lsl #16
20001024:	fb08 fc0e 	mul.w	ip, r8, lr
20001028:	45a4      	cmp	ip, r4
2000102a:	d90e      	bls.n	2000104a <__udivmoddi4+0x1ba>
2000102c:	193c      	adds	r4, r7, r4
2000102e:	f108 3aff 	add.w	sl, r8, #4294967295
20001032:	bf2c      	ite	cs
20001034:	f04f 0b01 	movcs.w	fp, #1
20001038:	f04f 0b00 	movcc.w	fp, #0
2000103c:	45a4      	cmp	ip, r4
2000103e:	d903      	bls.n	20001048 <__udivmoddi4+0x1b8>
20001040:	f1bb 0f00 	cmp.w	fp, #0
20001044:	f000 80b8 	beq.w	200011b8 <__udivmoddi4+0x328>
20001048:	46d0      	mov	r8, sl
2000104a:	eba4 040c 	sub.w	r4, r4, ip
2000104e:	fa1f fc83 	uxth.w	ip, r3
20001052:	fbb4 f3f0 	udiv	r3, r4, r0
20001056:	fb00 4413 	mls	r4, r0, r3, r4
2000105a:	fb03 fe0e 	mul.w	lr, r3, lr
2000105e:	ea4c 4404 	orr.w	r4, ip, r4, lsl #16
20001062:	45a6      	cmp	lr, r4
20001064:	d90e      	bls.n	20001084 <__udivmoddi4+0x1f4>
20001066:	193c      	adds	r4, r7, r4
20001068:	f103 30ff 	add.w	r0, r3, #4294967295
2000106c:	bf2c      	ite	cs
2000106e:	f04f 0c01 	movcs.w	ip, #1
20001072:	f04f 0c00 	movcc.w	ip, #0
20001076:	45a6      	cmp	lr, r4
20001078:	d903      	bls.n	20001082 <__udivmoddi4+0x1f2>
2000107a:	f1bc 0f00 	cmp.w	ip, #0
2000107e:	f000 809f 	beq.w	200011c0 <__udivmoddi4+0x330>
20001082:	4603      	mov	r3, r0
20001084:	ea43 4008 	orr.w	r0, r3, r8, lsl #16
20001088:	eba4 040e 	sub.w	r4, r4, lr
2000108c:	fba0 ec02 	umull	lr, ip, r0, r2
20001090:	4564      	cmp	r4, ip
20001092:	4673      	mov	r3, lr
20001094:	46e0      	mov	r8, ip
20001096:	d302      	bcc.n	2000109e <__udivmoddi4+0x20e>
20001098:	d107      	bne.n	200010aa <__udivmoddi4+0x21a>
2000109a:	45f1      	cmp	r9, lr
2000109c:	d205      	bcs.n	200010aa <__udivmoddi4+0x21a>
2000109e:	ebbe 0302 	subs.w	r3, lr, r2
200010a2:	eb6c 0c07 	sbc.w	ip, ip, r7
200010a6:	3801      	subs	r0, #1
200010a8:	46e0      	mov	r8, ip
200010aa:	b15e      	cbz	r6, 200010c4 <__udivmoddi4+0x234>
200010ac:	ebb9 0203 	subs.w	r2, r9, r3
200010b0:	eb64 0408 	sbc.w	r4, r4, r8
200010b4:	fa04 f505 	lsl.w	r5, r4, r5
200010b8:	fa22 f301 	lsr.w	r3, r2, r1
200010bc:	40cc      	lsrs	r4, r1
200010be:	431d      	orrs	r5, r3
200010c0:	e9c6 5400 	strd	r5, r4, [r6]
200010c4:	2100      	movs	r1, #0
200010c6:	e732      	b.n	20000f2e <__udivmoddi4+0x9e>
200010c8:	0842      	lsrs	r2, r0, #1
200010ca:	462f      	mov	r7, r5
200010cc:	084b      	lsrs	r3, r1, #1
200010ce:	46ac      	mov	ip, r5
200010d0:	ea42 72c1 	orr.w	r2, r2, r1, lsl #31
200010d4:	46ae      	mov	lr, r5
200010d6:	07c4      	lsls	r4, r0, #31
200010d8:	0c11      	lsrs	r1, r2, #16
200010da:	b292      	uxth	r2, r2
200010dc:	ea41 4103 	orr.w	r1, r1, r3, lsl #16
200010e0:	ea42 4201 	orr.w	r2, r2, r1, lsl #16
200010e4:	fbb1 f1f5 	udiv	r1, r1, r5
200010e8:	fbb3 f0f5 	udiv	r0, r3, r5
200010ec:	231f      	movs	r3, #31
200010ee:	eba2 020c 	sub.w	r2, r2, ip
200010f2:	ea41 4100 	orr.w	r1, r1, r0, lsl #16
200010f6:	e742      	b.n	20000f7e <__udivmoddi4+0xee>
200010f8:	409d      	lsls	r5, r3
200010fa:	f1c3 0220 	rsb	r2, r3, #32
200010fe:	4099      	lsls	r1, r3
20001100:	409c      	lsls	r4, r3
20001102:	fa2c fc02 	lsr.w	ip, ip, r2
20001106:	ea4f 4e15 	mov.w	lr, r5, lsr #16
2000110a:	fa20 f202 	lsr.w	r2, r0, r2
2000110e:	b2af      	uxth	r7, r5
20001110:	fbbc f8fe 	udiv	r8, ip, lr
20001114:	430a      	orrs	r2, r1
20001116:	fb0e cc18 	mls	ip, lr, r8, ip
2000111a:	0c11      	lsrs	r1, r2, #16
2000111c:	ea41 410c 	orr.w	r1, r1, ip, lsl #16
20001120:	fb08 fc07 	mul.w	ip, r8, r7
20001124:	458c      	cmp	ip, r1
20001126:	d950      	bls.n	200011ca <__udivmoddi4+0x33a>
20001128:	1869      	adds	r1, r5, r1
2000112a:	f108 30ff 	add.w	r0, r8, #4294967295
2000112e:	bf2c      	ite	cs
20001130:	f04f 0901 	movcs.w	r9, #1
20001134:	f04f 0900 	movcc.w	r9, #0
20001138:	458c      	cmp	ip, r1
2000113a:	d902      	bls.n	20001142 <__udivmoddi4+0x2b2>
2000113c:	f1b9 0f00 	cmp.w	r9, #0
20001140:	d030      	beq.n	200011a4 <__udivmoddi4+0x314>
20001142:	eba1 010c 	sub.w	r1, r1, ip
20001146:	fbb1 f8fe 	udiv	r8, r1, lr
2000114a:	fb08 fc07 	mul.w	ip, r8, r7
2000114e:	fb0e 1118 	mls	r1, lr, r8, r1
20001152:	b292      	uxth	r2, r2
20001154:	ea42 4201 	orr.w	r2, r2, r1, lsl #16
20001158:	4562      	cmp	r2, ip
2000115a:	d234      	bcs.n	200011c6 <__udivmoddi4+0x336>
2000115c:	18aa      	adds	r2, r5, r2
2000115e:	f108 31ff 	add.w	r1, r8, #4294967295
20001162:	bf2c      	ite	cs
20001164:	f04f 0901 	movcs.w	r9, #1
20001168:	f04f 0900 	movcc.w	r9, #0
2000116c:	4562      	cmp	r2, ip
2000116e:	d2be      	bcs.n	200010ee <__udivmoddi4+0x25e>
20001170:	f1b9 0f00 	cmp.w	r9, #0
20001174:	d1bb      	bne.n	200010ee <__udivmoddi4+0x25e>
20001176:	f1a8 0102 	sub.w	r1, r8, #2
2000117a:	442a      	add	r2, r5
2000117c:	e7b7      	b.n	200010ee <__udivmoddi4+0x25e>
2000117e:	1a84      	subs	r4, r0, r2
20001180:	eb6c 0203 	sbc.w	r2, ip, r3
20001184:	2001      	movs	r0, #1
20001186:	4617      	mov	r7, r2
20001188:	e6e7      	b.n	20000f5a <__udivmoddi4+0xca>
2000118a:	442c      	add	r4, r5
2000118c:	3802      	subs	r0, #2
2000118e:	e72b      	b.n	20000fe8 <__udivmoddi4+0x158>
20001190:	f1ac 0c02 	sub.w	ip, ip, #2
20001194:	442a      	add	r2, r5
20001196:	e70c      	b.n	20000fb2 <__udivmoddi4+0x122>
20001198:	3902      	subs	r1, #2
2000119a:	442a      	add	r2, r5
2000119c:	e6a5      	b.n	20000eea <__udivmoddi4+0x5a>
2000119e:	442c      	add	r4, r5
200011a0:	3802      	subs	r0, #2
200011a2:	e6ba      	b.n	20000f1a <__udivmoddi4+0x8a>
200011a4:	eba5 0c0c 	sub.w	ip, r5, ip
200011a8:	f1a8 0002 	sub.w	r0, r8, #2
200011ac:	4461      	add	r1, ip
200011ae:	fbb1 f8fe 	udiv	r8, r1, lr
200011b2:	fb08 fc07 	mul.w	ip, r8, r7
200011b6:	e7ca      	b.n	2000114e <__udivmoddi4+0x2be>
200011b8:	f1a8 0802 	sub.w	r8, r8, #2
200011bc:	443c      	add	r4, r7
200011be:	e744      	b.n	2000104a <__udivmoddi4+0x1ba>
200011c0:	3b02      	subs	r3, #2
200011c2:	443c      	add	r4, r7
200011c4:	e75e      	b.n	20001084 <__udivmoddi4+0x1f4>
200011c6:	4641      	mov	r1, r8
200011c8:	e791      	b.n	200010ee <__udivmoddi4+0x25e>
200011ca:	eba1 010c 	sub.w	r1, r1, ip
200011ce:	4640      	mov	r0, r8
200011d0:	fbb1 f8fe 	udiv	r8, r1, lr
200011d4:	fb08 fc07 	mul.w	ip, r8, r7
200011d8:	e7b9      	b.n	2000114e <__udivmoddi4+0x2be>
200011da:	bf00      	nop

200011dc <__aeabi_idiv0>:
200011dc:	4770      	bx	lr
200011de:	bf00      	nop

200011e0 <__panic_veneer>:
200011e0:	f85f f000 	ldr.w	pc, [pc]	@ 200011e4 <__panic_veneer+0x4>
200011e4:	100005fd 	.word	0x100005fd

200011e8 <__best_effort_wfe_or_timeout_veneer>:
200011e8:	f85f f000 	ldr.w	pc, [pc]	@ 200011ec <__best_effort_wfe_or_timeout_veneer+0x4>
200011ec:	10001405 	.word	0x10001405

200011f0 <__tu_fifo_write_veneer>:
200011f0:	f85f f000 	ldr.w	pc, [pc]	@ 200011f4 <__tu_fifo_write_veneer+0x4>
200011f4:	10005c8d 	.word	0x10005c8d

200011f8 <__tud_event_hook_cb_veneer>:
200011f8:	f85f f000 	ldr.w	pc, [pc]	@ 200011fc <__tud_event_hook_cb_veneer+0x4>
200011fc:	100042b5 	.word	0x100042b5

20001200 <__memset_veneer>:
20001200:	f85f f000 	ldr.w	pc, [pc]	@ 20001204 <__memset_veneer+0x4>
20001204:	10006cbd 	.word	0x10006cbd

20001208 <__time_us_64_veneer>:
20001208:	f85f f000 	ldr.w	pc, [pc]	@ 2000120c <__time_us_64_veneer+0x4>
2000120c:	1000150d 	.word	0x1000150d

20001210 <striped_spin_lock_num>:
20001210:	00000010                                ....

20001214 <irq_handler_chain_slots>:
20001214:	00000000 	.word	0x00000000
20001218:	00010000 	.word	0x00010000
	...
20001224:	00020000 	.word	0x00020000
	...
20001230:	00030000 	.word	0x00030000
	...
2000123c:	00ff0000 	.word	0x00ff0000
20001240:	00000000 	.word	0x00000000

20001244 <irq_handler_chain_first_slot>:
20001244:	b501      	push	{r0, lr}
20001246:	6848      	ldr	r0, [r1, #4]
20001248:	3101      	adds	r1, #1
2000124a:	468e      	mov	lr, r1
2000124c:	4700      	bx	r0

2000124e <irq_handler_chain_remove_tail>:
2000124e:	4670      	mov	r0, lr
20001250:	3809      	subs	r0, #9
20001252:	4901      	ldr	r1, [pc, #4]	@ (20001258 <irq_handler_chain_remove_tail+0xa>)
20001254:	4788      	blx	r1
20001256:	bd01      	pop	{r0, pc}
20001258:	10000a71 	.word	0x10000a71

2000125c <default_alarm_pool>:
	...
20001270:	200012c0                                ... 

20001274 <stdio_usb>:
20001274:	10003a61 10003a0d 10003985 100038f5     a:...:...9...8..
20001284:	00000000 00000100                       ........

2000128c <_usbd_qdef>:
2000128c:	20001674 000c0010 00000000 00000000     t.. ............
	...

200012a8 <_usbd_rhport>:
200012a8:	                                         ..

200012aa <l_gear_state>:
200012aa:	                                         ..

200012ac <r_gear_state>:
200012ac:	                                         $.

200012ae <l_hatch_state>:
200012ae:	                                         B.

200012b0 <r_hatch_state>:
200012b0:	000005dc                                ....

200012b4 <print_mutex>:
	...
